transaction_id,date,customer_id,product_id,product_name,category,store,customer_type,quantity,unit_price,discount,revenue,payment_method
TXN_20240900001,2024-09-01,CUST_0461,PRD_A202,POS Charging Cradle Dock,Accessories,"Store-101 (Connaught Place, Delhi)",RETURNING,1,699.0,0.0,699.0,UPI
TXN_20240900002,2024-09-01,CUST_0074,PRD_M302,Voice Box Mounting Bracket,Merchant Essentials,"Store-104 (Banjara Hills, Hyderabad)",NEW,2,249.0,0.0,498.0,Credit Card
TXN_20240900003,2024-09-01,CUST_0291,PRD_M304,Merchant Branding Banner Kit,Merchant Essentials,"Store-104 (Banjara Hills, Hyderabad)",RETURNING,1,599.0,0.0,599.0,Credit Card
TXN_20240900004,2024-09-01,CUST_0405,PRD_S403,Priority Settlement Annual Plan,Software & Services,"Store-101 (Connaught Place, Delhi)",RETURNING,1,1999.0,0.0,1999.0,UPI
TXN_20240900005,2024-09-01,CUST_0430,PRD_E101,Paytm Soundbox 4.0 Pro,Electronics,"Store-105 (Park Street, Kolkata)",NEW,2,1499.0,449.7,2548.3,UPI
TXN_20240900006,2024-09-01,CUST_0397,PRD_E104,Wireless Barcode Scanner BT,Electronics,"Store-103 (BKC, Mumbai)",NEW,2,1899.0,189.9,3608.1,UPI
TXN_20240900007,2024-09-01,CUST_0284,PRD_S402,Automated Tally Accounting Sync,Software & Services,"Store-104 (Banjara Hills, Hyderabad)",NEW,1,1499.0,74.95,1424.05,UPI
TXN_20240900008,2024-09-01,CUST_0396,PRD_A204,Heavy Duty POS Lanyard Strap,Accessories,"Store-102 (Indiranagar, Bengaluru)",RETURNING,2,149.0,0.0,298.0,Credit Card
TXN_20240900009,2024-09-01,CUST_0325,PRD_E102,Paytm Card POS Terminal Neo,Electronics,"Store-104 (Banjara Hills, Hyderabad)",RETURNING,2,4999.0,0.0,9998.0,UPI
TXN_20240900010,2024-09-01,CUST_0185,PRD_M302,Voice Box Mounting Bracket,Merchant Essentials,"Store-101 (Connaught Place, Delhi)",NEW,1,249.0,0.0,249.0,UPI
TXN_20240900011,2024-09-01,CUST_0285,PRD_A201,Soundbox Replacement Battery,Accessories,"Store-101 (Connaught Place, Delhi)",NEW,1,499.0,0.0,499.0,UPI
TXN_20240900012,2024-09-01,CUST_0307,PRD_M303,Cash Drawer 4-Slot Auto-Open,Merchant Essentials,"Store-104 (Banjara Hills, Hyderabad)",NEW,1,2299.0,0.0,2299.0,Debit Card
TXN_20240900013,2024-09-01,CUST_0372,PRD_S401,Paytm Business Prime Subscription,Software & Services,"Store-102 (Indiranagar, Bengaluru)",NEW,1,999.0,0.0,999.0,UPI
TXN_20240900014,2024-09-01,CUST_0072,PRD_E103,Paytm Smart All-in-One POS,Electronics,"Store-103 (BKC, Mumbai)",RETURNING,2,8499.0,0.0,16998.0,UPI
TXN_20240900015,2024-09-01,CUST_0248,PRD_M303,Cash Drawer 4-Slot Auto-Open,Merchant Essentials,"Store-103 (BKC, Mumbai)",RETURNING,2,2299.0,229.9,4368.1,Credit Card
TXN_20240900016,2024-09-01,CUST_0101,PRD_E105,Dynamic Display QR Standee,Electronics,"Store-102 (Indiranagar, Bengaluru)",RETURNING,1,1299.0,0.0,1299.0,Credit Card
TXN_20240900017,2024-09-01,CUST_0412,PRD_M304,Merchant Branding Banner Kit,Merchant Essentials,"Store-104 (Banjara Hills, Hyderabad)",NEW,1,599.0,59.9,539.1,Debit Card
TXN_20240900018,2024-09-01,CUST_0499,PRD_A204,Heavy Duty POS Lanyard Strap,Accessories,"Store-103 (BKC, Mumbai)",NEW,1,149.0,22.35,126.65,UPI
TXN_20240900019,2024-09-01,CUST_0161,PRD_E102,Paytm Card POS Terminal Neo,Electronics,"Store-104 (Banjara Hills, Hyderabad)",RETURNING,3,4999.0,749.85,14247.15,UPI
TXN_20240900020,2024-09-01,CUST_0295,PRD_M303,Cash Drawer 4-Slot Auto-Open,Merchant Essentials,"Store-103 (BKC, Mumbai)",NEW,1,2299.0,229.9,2069.1,UPI
TXN_20240900021,2024-09-01,CUST_0059,PRD_S402,Automated Tally Accounting Sync,Software & Services,"Store-102 (Indiranagar, Bengaluru)",RETURNING,1,1499.0,74.95,1424.05,Credit Card
TXN_20240900022,2024-09-01,CUST_0488,PRD_M302,Voice Box Mounting Bracket,Merchant Essentials,"Store-102 (Indiranagar, Bengaluru)",RETURNING,1,249.0,12.45,236.55,Debit Card
TXN_20240900023,2024-09-01,CUST_0408,PRD_M303,Cash Drawer 4-Slot Auto-Open,Merchant Essentials,"Store-104 (Banjara Hills, Hyderabad)",NEW,1,2299.0,0.0,2299.0,UPI
TXN_20240900024,2024-09-01,CUST_0079,PRD_M302,Voice Box Mounting Bracket,Merchant Essentials,"Store-104 (Banjara Hills, Hyderabad)",RETURNING,1,249.0,12.45,236.55,UPI
TXN_20240900025,2024-09-01,CUST_0260,PRD_S402,Automated Tally Accounting Sync,Software & Services,"Store-104 (Banjara Hills, Hyderabad)",RETURNING,1,1499.0,0.0,1499.0,Net Banking
TXN_20240900026,2024-09-01,CUST_0275,PRD_A204,Heavy Duty POS Lanyard Strap,Accessories,"Store-101 (Connaught Place, Delhi)",NEW,1,149.0,0.0,149.0,Credit Card
TXN_20240900027,2024-09-01,CUST_0086,PRD_A205,Bluetooth Audio Dongle Mini,Accessories,"Store-101 (Connaught Place, Delhi)",RETURNING,1,399.0,19.95,379.05,Paytm Wallet
TXN_20240900028,2024-09-01,CUST_0170,PRD_S403,Priority Settlement Annual Plan,Software & Services,"Store-104 (Banjara Hills, Hyderabad)",RETURNING,2,1999.0,0.0,3998.0,Credit Card
TXN_20240900029,2024-09-01,CUST_0286,PRD_A203,Thermal Receipt Rolls (Pack of 10),Accessories,"Store-105 (Park Street, Kolkata)",RETURNING,1,299.0,14.95,284.05,Credit Card
TXN_20240900030,2024-09-01,CUST_0354,PRD_A201,Soundbox Replacement Battery,Accessories,"Store-103 (BKC, Mumbai)",RETURNING,5,499.0,0.0,2495.0,Paytm Wallet
TXN_20240900031,2024-09-01,CUST_0044,PRD_E102,Paytm Card POS Terminal Neo,Electronics,"Store-102 (Indiranagar, Bengaluru)",RETURNING,1,4999.0,499.9,4499.1,UPI
TXN_20240900032,2024-09-01,CUST_0179,PRD_E105,Dynamic Display QR Standee,Electronics,"Store-104 (Banjara Hills, Hyderabad)",NEW,1,1299.0,64.95,1234.05,UPI
TXN_20240900033,2024-09-01,CUST_0023,PRD_M303,Cash Drawer 4-Slot Auto-Open,Merchant Essentials,"Store-101 (Connaught Place, Delhi)",RETURNING,1,2299.0,0.0,2299.0,Debit Card
TXN_20240900034,2024-09-01,CUST_0477,PRD_S403,Priority Settlement Annual Plan,Software & Services,"Store-102 (Indiranagar, Bengaluru)",RETURNING,1,1999.0,0.0,1999.0,UPI
TXN_20240900035,2024-09-01,CUST_0237,PRD_E103,Paytm Smart All-in-One POS,Electronics,"Store-104 (Banjara Hills, Hyderabad)",NEW,1,8499.0,0.0,8499.0,Credit Card
TXN_20240900036,2024-09-01,CUST_0203,PRD_E101,Paytm Soundbox 4.0 Pro,Electronics,"Store-105 (Park Street, Kolkata)",RETURNING,2,1499.0,0.0,2998.0,UPI
TXN_20240900037,2024-09-01,CUST_0110,PRD_E103,Paytm Smart All-in-One POS,Electronics,"Store-101 (Connaught Place, Delhi)",NEW,1,8499.0,849.9,7649.1,UPI
TXN_20240900038,2024-09-01,CUST_0188,PRD_E104,Wireless Barcode Scanner BT,Electronics,"Store-104 (Banjara Hills, Hyderabad)",NEW,1,1899.0,94.95,1804.05,UPI
TXN_20240900039,2024-09-01,CUST_0495,PRD_A205,Bluetooth Audio Dongle Mini,Accessories,"Store-105 (Park Street, Kolkata)",NEW,1,399.0,0.0,399.0,UPI
TXN_20240900040,2024-09-01,CUST_0181,PRD_M304,Merchant Branding Banner Kit,Merchant Essentials,"Store-105 (Park Street, Kolkata)",RETURNING,1,599.0,59.9,539.1,Net Banking
TXN_20240900041,2024-09-01,CUST_0303,PRD_E101,Paytm Soundbox 4.0 Pro,Electronics,"Store-102 (Indiranagar, Bengaluru)",RETURNING,2,1499.0,0.0,2998.0,UPI
TXN_20240900042,2024-09-01,CUST_0073,PRD_A201,Soundbox Replacement Battery,Accessories,"Store-104 (Banjara Hills, Hyderabad)",RETURNING,1,499.0,0.0,499.0,UPI
TXN_20240900043,2024-09-01,CUST_0276,PRD_M301,Acrylic QR Standee - Dual Bank,Merchant Essentials,"Store-102 (Indiranagar, Bengaluru)",RETURNING,1,349.0,0.0,349.0,UPI
TXN_20240900044,2024-09-01,CUST_0231,PRD_A204,Heavy Duty POS Lanyard Strap,Accessories,"Store-103 (BKC, Mumbai)",RETURNING,3,149.0,0.0,447.0,UPI
TXN_20240900045,2024-09-01,CUST_0288,PRD_A201,Soundbox Replacement Battery,Accessories,"Store-104 (Banjara Hills, Hyderabad)",RETURNING,1,499.0,24.95,474.05,UPI
TXN_20240900046,2024-09-01,CUST_0086,PRD_E101,Paytm Soundbox 4.0 Pro,Electronics,"Store-101 (Connaught Place, Delhi)",RETURNING,3,1499.0,0.0,4497.0,UPI
TXN_20240900047,2024-09-01,CUST_0148,PRD_E102,Paytm Card POS Terminal Neo,Electronics,"Store-104 (Banjara Hills, Hyderabad)",NEW,1,4999.0,499.9,4499.1,UPI
TXN_20240900048,2024-09-01,CUST_0262,PRD_E102,Paytm Card POS Terminal Neo,Electronics,"Store-101 (Connaught Place, Delhi)",RETURNING,1,4999.0,749.85,4249.15,UPI
TXN_20240900049,2024-09-01,CUST_0388,PRD_E101,Paytm Soundbox 4.0 Pro,Electronics,"Store-104 (Banjara Hills, Hyderabad)",NEW,1,1499.0,224.85,1274.15,UPI
TXN_20240900050,2024-09-01,CUST_0425,PRD_A205,Bluetooth Audio Dongle Mini,Accessories,"Store-102 (Indiranagar, Bengaluru)",RETURNING,1,399.0,0.0,399.0,UPI
TXN_20240900051,2024-09-01,CUST_0419,PRD_E101,Paytm Soundbox 4.0 Pro,Electronics,"Store-101 (Connaught Place, Delhi)",NEW,2,1499.0,0.0,2998.0,Debit Card
TXN_20240900052,2024-09-01,CUST_0302,PRD_M301,Acrylic QR Standee - Dual Bank,Merchant Essentials,"Store-105 (Park Street, Kolkata)",NEW,1,349.0,0.0,349.0,UPI
TXN_20240900053,2024-09-01,CUST_0106,PRD_M303,Cash Drawer 4-Slot Auto-Open,Merchant Essentials,"Store-101 (Connaught Place, Delhi)",RETURNING,1,2299.0,114.95,2184.05,UPI
TXN_20240900054,2024-09-01,CUST_0361,PRD_E103,Paytm Smart All-in-One POS,Electronics,"Store-105 (Park Street, Kolkata)",RETURNING,1,8499.0,1274.85,7224.15,Credit Card
TXN_20240900055,2024-09-01,CUST_0049,PRD_E102,Paytm Card POS Terminal Neo,Electronics,"Store-104 (Banjara Hills, Hyderabad)",RETURNING,2,4999.0,999.8,8998.2,UPI
TXN_20240900056,2024-09-01,CUST_0444,PRD_E102,Paytm Card POS Terminal Neo,Electronics,"Store-102 (Indiranagar, Bengaluru)",RETURNING,1,4999.0,499.9,4499.1,Credit Card
TXN_20240900057,2024-09-01,CUST_0251,PRD_E102,Paytm Card POS Terminal Neo,Electronics,"Store-103 (BKC, Mumbai)",RETURNING,1,4999.0,0.0,4999.0,Debit Card
TXN_20240900058,2024-09-01,CUST_0394,PRD_E101,Paytm Soundbox 4.0 Pro,Electronics,"Store-105 (Park Street, Kolkata)",RETURNING,1,1499.0,149.9,1349.1,UPI
TXN_20240900059,2024-09-01,CUST_0250,PRD_E104,Wireless Barcode Scanner BT,Electronics,"Store-101 (Connaught Place, Delhi)",NEW,2,1899.0,379.8,3418.2,UPI
TXN_20240900060,2024-09-01,CUST_0498,PRD_E105,Dynamic Display QR Standee,Electronics,"Store-103 (BKC, Mumbai)",RETURNING,2,1299.0,0.0,2598.0,Paytm Wallet
TXN_20240900061,2024-09-01,CUST_0423,PRD_E103,Paytm Smart All-in-One POS,Electronics,"Store-103 (BKC, Mumbai)",NEW,1,8499.0,0.0,8499.0,UPI
TXN_20240900062,2024-09-01,CUST_0067,PRD_A203,Thermal Receipt Rolls (Pack of 10),Accessories,"Store-104 (Banjara Hills, Hyderabad)",NEW,2,299.0,59.8,538.2,Debit Card
TXN_20240900063,2024-09-01,CUST_0024,PRD_E101,Paytm Soundbox 4.0 Pro,Electronics,"Store-104 (Banjara Hills, Hyderabad)",RETURNING,1,1499.0,0.0,1499.0,UPI
TXN_20240900064,2024-09-01,CUST_0491,PRD_E105,Dynamic Display QR Standee,Electronics,"Store-102 (Indiranagar, Bengaluru)",RETURNING,2,1299.0,259.8,2338.2,Net Banking
TXN_20240900065,2024-09-01,CUST_0048,PRD_A205,Bluetooth Audio Dongle Mini,Accessories,"Store-103 (BKC, Mumbai)",RETURNING,1,399.0,19.95,379.05,UPI
TXN_20240900066,2024-09-01,CUST_0321,PRD_E104,Wireless Barcode Scanner BT,Electronics,"Store-102 (Indiranagar, Bengaluru)",NEW,1,1899.0,0.0,1899.0,UPI
TXN_20240900067,2024-09-01,CUST_0110,PRD_E105,Dynamic Display QR Standee,Electronics,"Store-102 (Indiranagar, Bengaluru)",NEW,1,1299.0,64.95,1234.05,UPI
TXN_20240900068,2024-09-01,CUST_0005,PRD_M301,Acrylic QR Standee - Dual Bank,Merchant Essentials,"Store-101 (Connaught Place, Delhi)",NEW,5,349.0,0.0,1745.0,UPI
TXN_20240900069,2024-09-01,CUST_0037,PRD_E103,Paytm Smart All-in-One POS,Electronics,"Store-101 (Connaught Place, Delhi)",RETURNING,2,8499.0,0.0,16998.0,Net Banking
TXN_20240900070,2024-09-01,CUST_0071,PRD_E104,Wireless Barcode Scanner BT,Electronics,"Store-102 (Indiranagar, Bengaluru)",RETURNING,1,1899.0,0.0,1899.0,Credit Card
TXN_20240900071,2024-09-01,CUST_0313,PRD_A205,Bluetooth Audio Dongle Mini,Accessories,"Store-104 (Banjara Hills, Hyderabad)",RETURNING,2,399.0,39.9,758.1,Net Banking
TXN_20240900072,2024-09-01,CUST_0316,PRD_M301,Acrylic QR Standee - Dual Bank,Merchant Essentials,"Store-102 (Indiranagar, Bengaluru)",RETURNING,2,349.0,69.8,628.2,Credit Card
TXN_20240900073,2024-09-01,CUST_0197,PRD_E104,Wireless Barcode Scanner BT,Electronics,"Store-104 (Banjara Hills, Hyderabad)",RETURNING,2,1899.0,0.0,3798.0,UPI
TXN_20240900074,2024-09-01,CUST_0284,PRD_A204,Heavy Duty POS Lanyard Strap,Accessories,"Store-105 (Park Street, Kolkata)",NEW,1,149.0,22.35,126.65,UPI
TXN_20240900075,2024-09-01,CUST_0434,PRD_M301,Acrylic QR Standee - Dual Bank,Merchant Essentials,"Store-103 (BKC, Mumbai)",RETURNING,1,349.0,0.0,349.0,UPI
TXN_20240900076,2024-09-01,CUST_0331,PRD_E101,Paytm Soundbox 4.0 Pro,Electronics,"Store-102 (Indiranagar, Bengaluru)",NEW,1,1499.0,0.0,1499.0,UPI
TXN_20240900077,2024-09-01,CUST_0305,PRD_E101,Paytm Soundbox 4.0 Pro,Electronics,"Store-101 (Connaught Place, Delhi)",RETURNING,5,1499.0,0.0,7495.0,Debit Card
TXN_20240900078,2024-09-01,CUST_0292,PRD_E105,Dynamic Display QR Standee,Electronics,"Store-105 (Park Street, Kolkata)",RETURNING,1,1299.0,194.85,1104.15,Debit Card
TXN_20240900079,2024-09-01,CUST_0009,PRD_A203,Thermal Receipt Rolls (Pack of 10),Accessories,"Store-101 (Connaught Place, Delhi)",RETURNING,2,299.0,0.0,598.0,Debit Card
TXN_20240900080,2024-09-01,CUST_0260,PRD_E103,Paytm Smart All-in-One POS,Electronics,"Store-105 (Park Street, Kolkata)",RETURNING,2,8499.0,0.0,16998.0,Credit Card
TXN_20240900081,2024-09-01,CUST_0276,PRD_A204,Heavy Duty POS Lanyard Strap,Accessories,"Store-103 (BKC, Mumbai)",RETURNING,2,149.0,44.7,253.3,Paytm Wallet
TXN_20240900082,2024-09-01,CUST_0080,PRD_A202,POS Charging Cradle Dock,Accessories,"Store-104 (Banjara Hills, Hyderabad)",RETURNING,1,699.0,34.95,664.05,Credit Card
TXN_20240900083,2024-09-01,CUST_0159,PRD_M301,Acrylic QR Standee - Dual Bank,Merchant Essentials,"Store-102 (Indiranagar, Bengaluru)",RETURNING,2,349.0,0.0,698.0,UPI
TXN_20240900084,2024-09-01,CUST_0312,PRD_E101,Paytm Soundbox 4.0 Pro,Electronics,"Store-102 (Indiranagar, Bengaluru)",NEW,1,1499.0,74.95,1424.05,Credit Card
TXN_20240900085,2024-09-01,CUST_0084,PRD_E105,Dynamic Display QR Standee,Electronics,"Store-103 (BKC, Mumbai)",RETURNING,1,1299.0,64.95,1234.05,UPI
TXN_20240900086,2024-09-01,CUST_0065,PRD_M302,Voice Box Mounting Bracket,Merchant Essentials,"Store-103 (BKC, Mumbai)",RETURNING,2,249.0,49.8,448.2,UPI
TXN_20240900087,2024-09-01,CUST_0220,PRD_E103,Paytm Smart All-in-One POS,Electronics,"Store-101 (Connaught Place, Delhi)",RETURNING,1,8499.0,424.95,8074.05,UPI
TXN_20240900088,2024-09-01,CUST_0262,PRD_E104,Wireless Barcode Scanner BT,Electronics,"Store-104 (Banjara Hills, Hyderabad)",RETURNING,3,1899.0,0.0,5697.0,Debit Card
TXN_20240900089,2024-09-01,CUST_0458,PRD_A203,Thermal Receipt Rolls (Pack of 10),Accessories,"Store-101 (Connaught Place, Delhi)",RETURNING,1,299.0,0.0,299.0,Debit Card
TXN_20240900090,2024-09-01,CUST_0126,PRD_E101,Paytm Soundbox 4.0 Pro,Electronics,"Store-103 (BKC, Mumbai)",NEW,1,1499.0,0.0,1499.0,Paytm Wallet
TXN_20240900091,2024-09-01,CUST_0440,PRD_E101,Paytm Soundbox 4.0 Pro,Electronics,"Store-104 (Banjara Hills, Hyderabad)",RETURNING,2,1499.0,449.7,2548.3,UPI
TXN_20240900092,2024-09-01,CUST_0423,PRD_E101,Paytm Soundbox 4.0 Pro,Electronics,"Store-103 (BKC, Mumbai)",NEW,1,1499.0,74.95,1424.05,UPI
TXN_20240900093,2024-09-01,CUST_0115,PRD_M303,Cash Drawer 4-Slot Auto-Open,Merchant Essentials,"Store-101 (Connaught Place, Delhi)",NEW,3,2299.0,0.0,6897.0,UPI
TXN_20240900094,2024-09-01,CUST_0145,PRD_M303,Cash Drawer 4-Slot Auto-Open,Merchant Essentials,"Store-103 (BKC, Mumbai)",RETURNING,1,2299.0,0.0,2299.0,UPI
TXN_20240900095,2024-09-01,CUST_0289,PRD_M303,Cash Drawer 4-Slot Auto-Open,Merchant Essentials,"Store-105 (Park Street, Kolkata)",NEW,1,2299.0,0.0,2299.0,Paytm Wallet
TXN_20240900096,2024-09-01,CUST_0396,PRD_M303,Cash Drawer 4-Slot Auto-Open,Merchant Essentials,"Store-105 (Park Street, Kolkata)",RETURNING,3,2299.0,0.0,6897.0,UPI
TXN_20240900097,2024-09-01,CUST_0120,PRD_A202,POS Charging Cradle Dock,Accessories,"Store-101 (Connaught Place, Delhi)",NEW,3,699.0,0.0,2097.0,Credit Card
TXN_20240900098,2024-09-01,CUST_0435,PRD_M302,Voice Box Mounting Bracket,Merchant Essentials,"Store-103 (BKC, Mumbai)",NEW,1,249.0,12.45,236.55,UPI
TXN_20240900099,2024-09-01,CUST_0252,PRD_S403,Priority Settlement Annual Plan,Software & Services,"Store-102 (Indiranagar, Bengaluru)",NEW,1,1999.0,0.0,1999.0,Paytm Wallet
TXN_20240900100,2024-09-01,CUST_0460,PRD_M304,Merchant Branding Banner Kit,Merchant Essentials,"Store-104 (Banjara Hills, Hyderabad)",RETURNING,1,599.0,89.85,509.15,UPI
TXN_20240900101,2024-09-01,CUST_0049,PRD_A201,Soundbox Replacement Battery,Accessories,"Store-104 (Banjara Hills, Hyderabad)",RETURNING,1,499.0,0.0,499.0,Paytm Wallet
TXN_20240900102,2024-09-01,CUST_0122,PRD_E103,Paytm Smart All-in-One POS,Electronics,"Store-103 (BKC, Mumbai)",RETURNING,2,8499.0,1699.8,15298.2,UPI
TXN_20240900103,2024-09-01,CUST_0232,PRD_E103,Paytm Smart All-in-One POS,Electronics,"Store-101 (Connaught Place, Delhi)",RETURNING,4,8499.0,3399.6,30596.4,UPI
TXN_20240900104,2024-09-01,CUST_0055,PRD_E102,Paytm Card POS Terminal Neo,Electronics,"Store-104 (Banjara Hills, Hyderabad)",RETURNING,2,4999.0,0.0,9998.0,Debit Card
TXN_20240900105,2024-09-01,CUST_0232,PRD_E104,Wireless Barcode Scanner BT,Electronics,"Store-103 (BKC, Mumbai)",RETURNING,3,1899.0,569.7,5127.3,UPI
TXN_20240900106,2024-09-01,CUST_0361,PRD_M301,Acrylic QR Standee - Dual Bank,Merchant Essentials,"Store-101 (Connaught Place, Delhi)",RETURNING,1,349.0,0.0,349.0,Credit Card
TXN_20240900107,2024-09-01,CUST_0496,PRD_E104,Wireless Barcode Scanner BT,Electronics,"Store-105 (Park Street, Kolkata)",RETURNING,1,1899.0,189.9,1709.1,UPI
TXN_20240900108,2024-09-01,CUST_0488,PRD_E105,Dynamic Display QR Standee,Electronics,"Store-104 (Banjara Hills, Hyderabad)",RETURNING,1,1299.0,0.0,1299.0,UPI
TXN_20240900109,2024-09-01,CUST_0407,PRD_E102,Paytm Card POS Terminal Neo,Electronics,"Store-101 (Connaught Place, Delhi)",RETURNING,1,4999.0,0.0,4999.0,UPI
TXN_20240900110,2024-09-01,CUST_0206,PRD_E104,Wireless Barcode Scanner BT,Electronics,"Store-101 (Connaught Place, Delhi)",NEW,1,1899.0,0.0,1899.0,Debit Card
TXN_20240900111,2024-09-01,CUST_0012,PRD_S403,Priority Settlement Annual Plan,Software & Services,"Store-102 (Indiranagar, Bengaluru)",RETURNING,2,1999.0,0.0,3998.0,Net Banking
TXN_20240900112,2024-09-01,CUST_0425,PRD_M303,Cash Drawer 4-Slot Auto-Open,Merchant Essentials,"Store-101 (Connaught Place, Delhi)",RETURNING,1,2299.0,0.0,2299.0,Credit Card
TXN_20240900113,2024-09-01,CUST_0421,PRD_M302,Voice Box Mounting Bracket,Merchant Essentials,"Store-104 (Banjara Hills, Hyderabad)",NEW,1,249.0,12.45,236.55,UPI
TXN_20240900114,2024-09-01,CUST_0110,PRD_S401,Paytm Business Prime Subscription,Software & Services,"Store-103 (BKC, Mumbai)",NEW,1,999.0,99.9,899.1,UPI
TXN_20240900115,2024-09-01,CUST_0318,PRD_A204,Heavy Duty POS Lanyard Strap,Accessories,"Store-103 (BKC, Mumbai)",NEW,1,149.0,14.9,134.1,UPI
TXN_20240900116,2024-09-01,CUST_0045,PRD_E103,Paytm Smart All-in-One POS,Electronics,"Store-102 (Indiranagar, Bengaluru)",RETURNING,1,8499.0,849.9,7649.1,UPI
TXN_20240900117,2024-09-01,CUST_0411,PRD_A202,POS Charging Cradle Dock,Accessories,"Store-101 (Connaught Place, Delhi)",RETURNING,5,699.0,0.0,3495.0,UPI
TXN_20240900118,2024-09-01,CUST_0249,PRD_E104,Wireless Barcode Scanner BT,Electronics,"Store-105 (Park Street, Kolkata)",RETURNING,1,1899.0,0.0,1899.0,UPI
TXN_20240900119,2024-09-01,CUST_0113,PRD_E101,Paytm Soundbox 4.0 Pro,Electronics,"Store-103 (BKC, Mumbai)",RETURNING,1,1499.0,74.95,1424.05,Debit Card
TXN_20240900120,2024-09-01,CUST_0120,PRD_S403,Priority Settlement Annual Plan,Software & Services,"Store-101 (Connaught Place, Delhi)",NEW,1,1999.0,0.0,1999.0,UPI
TXN_20240900121,2024-09-01,CUST_0406,PRD_S401,Paytm Business Prime Subscription,Software & Services,"Store-101 (Connaught Place, Delhi)",RETURNING,2,999.0,99.9,1898.1,Paytm Wallet
TXN_20240900122,2024-09-01,CUST_0199,PRD_E104,Wireless Barcode Scanner BT,Electronics,"Store-102 (Indiranagar, Bengaluru)",RETURNING,1,1899.0,189.9,1709.1,Credit Card
TXN_20240900123,2024-09-01,CUST_0468,PRD_A203,Thermal Receipt Rolls (Pack of 10),Accessories,"Store-103 (BKC, Mumbai)",RETURNING,3,299.0,44.85,852.15,UPI
TXN_20240900124,2024-09-01,CUST_0415,PRD_S401,Paytm Business Prime Subscription,Software & Services,"Store-104 (Banjara Hills, Hyderabad)",RETURNING,2,999.0,0.0,1998.0,UPI
TXN_20240900125,2024-09-01,CUST_0309,PRD_E103,Paytm Smart All-in-One POS,Electronics,"Store-105 (Park Street, Kolkata)",NEW,1,8499.0,0.0,8499.0,Credit Card
TXN_20240900126,2024-09-01,CUST_0413,PRD_E102,Paytm Card POS Terminal Neo,Electronics,"Store-102 (Indiranagar, Bengaluru)",RETURNING,2,4999.0,0.0,9998.0,UPI
TXN_20240900127,2024-09-01,CUST_0301,PRD_M301,Acrylic QR Standee - Dual Bank,Merchant Essentials,"Store-102 (Indiranagar, Bengaluru)",RETURNING,2,349.0,69.8,628.2,Paytm Wallet
TXN_20240900128,2024-09-01,CUST_0192,PRD_M301,Acrylic QR Standee - Dual Bank,Merchant Essentials,"Store-104 (Banjara Hills, Hyderabad)",NEW,1,349.0,0.0,349.0,UPI
TXN_20240900129,2024-09-01,CUST_0500,PRD_E102,Paytm Card POS Terminal Neo,Electronics,"Store-104 (Banjara Hills, Hyderabad)",RETURNING,2,4999.0,499.9,9498.1,UPI
TXN_20240900130,2024-09-01,CUST_0496,PRD_A203,Thermal Receipt Rolls (Pack of 10),Accessories,"Store-105 (Park Street, Kolkata)",RETURNING,3,299.0,44.85,852.15,UPI
TXN_20240900131,2024-09-01,CUST_0158,PRD_M302,Voice Box Mounting Bracket,Merchant Essentials,"Store-103 (BKC, Mumbai)",RETURNING,1,249.0,37.35,211.65,Paytm Wallet
TXN_20240900132,2024-09-01,CUST_0201,PRD_M304,Merchant Branding Banner Kit,Merchant Essentials,"Store-105 (Park Street, Kolkata)",RETURNING,1,599.0,89.85,509.15,Paytm Wallet
TXN_20240900133,2024-09-01,CUST_0114,PRD_A205,Bluetooth Audio Dongle Mini,Accessories,"Store-101 (Connaught Place, Delhi)",NEW,3,399.0,0.0,1197.0,Credit Card
TXN_20240900134,2024-09-01,CUST_0122,PRD_E104,Wireless Barcode Scanner BT,Electronics,"Store-103 (BKC, Mumbai)",RETURNING,1,1899.0,0.0,1899.0,Credit Card
TXN_20240900135,2024-09-01,CUST_0328,PRD_M302,Voice Box Mounting Bracket,Merchant Essentials,"Store-103 (BKC, Mumbai)",NEW,1,249.0,0.0,249.0,UPI
TXN_20240900136,2024-09-01,CUST_0035,PRD_E104,Wireless Barcode Scanner BT,Electronics,"Store-101 (Connaught Place, Delhi)",NEW,1,1899.0,0.0,1899.0,UPI
TXN_20240900137,2024-09-01,CUST_0215,PRD_S403,Priority Settlement Annual Plan,Software & Services,"Store-104 (Banjara Hills, Hyderabad)",NEW,1,1999.0,0.0,1999.0,UPI
TXN_20240900138,2024-09-02,CUST_0425,PRD_E105,Dynamic Display QR Standee,Electronics,"Store-105 (Park Street, Kolkata)",RETURNING,1,1299.0,0.0,1299.0,UPI
TXN_20240900139,2024-09-02,CUST_0434,PRD_E101,Paytm Soundbox 4.0 Pro,Electronics,"Store-101 (Connaught Place, Delhi)",RETURNING,1,1499.0,0.0,1499.0,UPI
TXN_20240900140,2024-09-02,CUST_0193,PRD_E102,Paytm Card POS Terminal Neo,Electronics,"Store-101 (Connaught Place, Delhi)",RETURNING,1,4999.0,0.0,4999.0,Credit Card
TXN_20240900141,2024-09-02,CUST_0315,PRD_S401,Paytm Business Prime Subscription,Software & Services,"Store-101 (Connaught Place, Delhi)",NEW,1,999.0,49.95,949.05,Credit Card
TXN_20240900142,2024-09-02,CUST_0223,PRD_E102,Paytm Card POS Terminal Neo,Electronics,"Store-101 (Connaught Place, Delhi)",NEW,1,4999.0,749.85,4249.15,UPI
TXN_20240900143,2024-09-02,CUST_0284,PRD_M302,Voice Box Mounting Bracket,Merchant Essentials,"Store-105 (Park Street, Kolkata)",NEW,1,249.0,0.0,249.0,UPI
TXN_20240900144,2024-09-02,CUST_0026,PRD_E104,Wireless Barcode Scanner BT,Electronics,"Store-105 (Park Street, Kolkata)",RETURNING,3,1899.0,0.0,5697.0,UPI
TXN_20240900145,2024-09-02,CUST_0151,PRD_M303,Cash Drawer 4-Slot Auto-Open,Merchant Essentials,"Store-105 (Park Street, Kolkata)",RETURNING,2,2299.0,0.0,4598.0,Credit Card
TXN_20240900146,2024-09-02,CUST_0042,PRD_E105,Dynamic Display QR Standee,Electronics,"Store-101 (Connaught Place, Delhi)",RETURNING,1,1299.0,64.95,1234.05,Credit Card
TXN_20240900147,2024-09-02,CUST_0047,PRD_A205,Bluetooth Audio Dongle Mini,Accessories,"Store-104 (Banjara Hills, Hyderabad)",NEW,1,399.0,39.9,359.1,UPI
TXN_20240900148,2024-09-02,CUST_0229,PRD_E101,Paytm Soundbox 4.0 Pro,Electronics,"Store-104 (Banjara Hills, Hyderabad)",RETURNING,2,1499.0,0.0,2998.0,UPI
TXN_20240900149,2024-09-02,CUST_0386,PRD_M301,Acrylic QR Standee - Dual Bank,Merchant Essentials,"Store-101 (Connaught Place, Delhi)",RETURNING,1,349.0,17.45,331.55,Paytm Wallet
TXN_20240900150,2024-09-02,CUST_0302,PRD_E103,Paytm Smart All-in-One POS,Electronics,"Store-101 (Connaught Place, Delhi)",NEW,2,8499.0,1699.8,15298.2,UPI
TXN_20240900151,2024-09-02,CUST_0275,PRD_M301,Acrylic QR Standee - Dual Bank,Merchant Essentials,"Store-104 (Banjara Hills, Hyderabad)",NEW,1,349.0,0.0,349.0,UPI
TXN_20240900152,2024-09-02,CUST_0203,PRD_S401,Paytm Business Prime Subscription,Software & Services,"Store-101 (Connaught Place, Delhi)",RETURNING,1,999.0,99.9,899.1,Credit Card
TXN_20240900153,2024-09-02,CUST_0318,PRD_E102,Paytm Card POS Terminal Neo,Electronics,"Store-104 (Banjara Hills, Hyderabad)",NEW,1,4999.0,749.85,4249.15,Paytm Wallet
TXN_20240900154,2024-09-02,CUST_0414,PRD_E102,Paytm Card POS Terminal Neo,Electronics,"Store-101 (Connaught Place, Delhi)",NEW,1,4999.0,749.85,4249.15,UPI
TXN_20240900155,2024-09-02,CUST_0422,PRD_A205,Bluetooth Audio Dongle Mini,Accessories,"Store-105 (Park Street, Kolkata)",RETURNING,1,399.0,59.85,339.15,UPI
TXN_20240900156,2024-09-02,CUST_0199,PRD_A202,POS Charging Cradle Dock,Accessories,"Store-105 (Park Street, Kolkata)",RETURNING,1,699.0,34.95,664.05,Net Banking
TXN_20240900157,2024-09-02,CUST_0403,PRD_M301,Acrylic QR Standee - Dual Bank,Merchant Essentials,"Store-105 (Park Street, Kolkata)",RETURNING,1,349.0,0.0,349.0,UPI
TXN_20240900158,2024-09-02,CUST_0302,PRD_A203,Thermal Receipt Rolls (Pack of 10),Accessories,"Store-101 (Connaught Place, Delhi)",NEW,2,299.0,29.9,568.1,UPI
TXN_20240900159,2024-09-02,CUST_0147,PRD_M304,Merchant Branding Banner Kit,Merchant Essentials,"Store-103 (BKC, Mumbai)",RETURNING,2,599.0,59.9,1138.1,Credit Card
TXN_20240900160,2024-09-02,CUST_0243,PRD_E101,Paytm Soundbox 4.0 Pro,Electronics,"Store-103 (BKC, Mumbai)",NEW,1,1499.0,74.95,1424.05,Credit Card
TXN_20240900161,2024-09-02,CUST_0206,PRD_E101,Paytm Soundbox 4.0 Pro,Electronics,"Store-103 (BKC, Mumbai)",NEW,1,1499.0,0.0,1499.0,UPI
TXN_20240900162,2024-09-02,CUST_0138,PRD_S401,Paytm Business Prime Subscription,Software & Services,"Store-101 (Connaught Place, Delhi)",RETURNING,1,999.0,0.0,999.0,Debit Card
TXN_20240900163,2024-09-02,CUST_0440,PRD_M301,Acrylic QR Standee - Dual Bank,Merchant Essentials,"Store-101 (Connaught Place, Delhi)",RETURNING,4,349.0,0.0,1396.0,Credit Card
TXN_20240900164,2024-09-02,CUST_0397,PRD_M304,Merchant Branding Banner Kit,Merchant Essentials,"Store-103 (BKC, Mumbai)",NEW,1,599.0,29.95,569.05,UPI
TXN_20240900165,2024-09-02,CUST_0227,PRD_E103,Paytm Smart All-in-One POS,Electronics,"Store-104 (Banjara Hills, Hyderabad)",NEW,1,8499.0,849.9,7649.1,Debit Card
TXN_20240900166,2024-09-02,CUST_0421,PRD_E101,Paytm Soundbox 4.0 Pro,Electronics,"Store-102 (Indiranagar, Bengaluru)",NEW,1,1499.0,74.95,1424.05,UPI
TXN_20240900167,2024-09-02,CUST_0400,PRD_M304,Merchant Branding Banner Kit,Merchant Essentials,"Store-105 (Park Street, Kolkata)",NEW,1,599.0,0.0,599.0,Debit Card
TXN_20240900168,2024-09-02,CUST_0429,PRD_E101,Paytm Soundbox 4.0 Pro,Electronics,"Store-101 (Connaught Place, Delhi)",RETURNING,1,1499.0,74.95,1424.05,UPI
TXN_20240900169,2024-09-02,CUST_0422,PRD_E105,Dynamic Display QR Standee,Electronics,"Store-104 (Banjara Hills, Hyderabad)",RETURNING,2,1299.0,0.0,2598.0,UPI
TXN_20240900170,2024-09-02,CUST_0305,PRD_E105,Dynamic Display QR Standee,Electronics,"Store-104 (Banjara Hills, Hyderabad)",RETURNING,1,1299.0,0.0,1299.0,Net Banking
TXN_20240900171,2024-09-02,CUST_0384,PRD_M304,Merchant Branding Banner Kit,Merchant Essentials,"Store-101 (Connaught Place, Delhi)",RETURNING,1,599.0,0.0,599.0,Credit Card
TXN_20240900172,2024-09-02,CUST_0495,PRD_E103,Paytm Smart All-in-One POS,Electronics,"Store-102 (Indiranagar, Bengaluru)",NEW,1,8499.0,424.95,8074.05,UPI
TXN_20240900173,2024-09-02,CUST_0210,PRD_A201,Soundbox Replacement Battery,Accessories,"Store-101 (Connaught Place, Delhi)",RETURNING,2,499.0,0.0,998.0,Debit Card
TXN_20240900174,2024-09-02,CUST_0115,PRD_E103,Paytm Smart All-in-One POS,Electronics,"Store-103 (BKC, Mumbai)",NEW,1,8499.0,424.95,8074.05,UPI
TXN_20240900175,2024-09-02,CUST_0459,PRD_E104,Wireless Barcode Scanner BT,Electronics,"Store-103 (BKC, Mumbai)",RETURNING,2,1899.0,0.0,3798.0,UPI
TXN_20240900176,2024-09-02,CUST_0320,PRD_E104,Wireless Barcode Scanner BT,Electronics,"Store-101 (Connaught Place, Delhi)",RETURNING,1,1899.0,284.85,1614.15,Debit Card
TXN_20240900177,2024-09-02,CUST_0288,PRD_A205,Bluetooth Audio Dongle Mini,Accessories,"Store-105 (Park Street, Kolkata)",RETURNING,1,399.0,19.95,379.05,UPI
TXN_20240900178,2024-09-02,CUST_0142,PRD_A205,Bluetooth Audio Dongle Mini,Accessories,"Store-103 (BKC, Mumbai)",RETURNING,1,399.0,39.9,359.1,UPI
TXN_20240900179,2024-09-02,CUST_0077,PRD_A201,Soundbox Replacement Battery,Accessories,"Store-102 (Indiranagar, Bengaluru)",RETURNING,2,499.0,99.8,898.2,Credit Card
TXN_20240900180,2024-09-02,CUST_0339,PRD_E104,Wireless Barcode Scanner BT,Electronics,"Store-102 (Indiranagar, Bengaluru)",NEW,1,1899.0,94.95,1804.05,Paytm Wallet
TXN_20240900181,2024-09-02,CUST_0133,PRD_S401,Paytm Business Prime Subscription,Software & Services,"Store-104 (Banjara Hills, Hyderabad)",RETURNING,2,999.0,99.9,1898.1,Credit Card
TXN_20240900182,2024-09-02,CUST_0098,PRD_E104,Wireless Barcode Scanner BT,Electronics,"Store-102 (Indiranagar, Bengaluru)",RETURNING,1,1899.0,94.95,1804.05,Paytm Wallet
TXN_20240900183,2024-09-02,CUST_0184,PRD_A201,Soundbox Replacement Battery,Accessories,"Store-102 (Indiranagar, Bengaluru)",NEW,2,499.0,99.8,898.2,UPI
TXN_20240900184,2024-09-02,CUST_0050,PRD_E105,Dynamic Display QR Standee,Electronics,"Store-103 (BKC, Mumbai)",RETURNING,1,1299.0,194.85,1104.15,Paytm Wallet
TXN_20240900185,2024-09-02,CUST_0461,PRD_E104,Wireless Barcode Scanner BT,Electronics,"Store-101 (Connaught Place, Delhi)",RETURNING,2,1899.0,379.8,3418.2,UPI
TXN_20240900186,2024-09-02,CUST_0455,PRD_E104,Wireless Barcode Scanner BT,Electronics,"Store-103 (BKC, Mumbai)",RETURNING,1,1899.0,0.0,1899.0,UPI
TXN_20240900187,2024-09-02,CUST_0325,PRD_A203,Thermal Receipt Rolls (Pack of 10),Accessories,"Store-105 (Park Street, Kolkata)",RETURNING,1,299.0,14.95,284.05,Debit Card
TXN_20240900188,2024-09-02,CUST_0196,PRD_A201,Soundbox Replacement Battery,Accessories,"Store-104 (Banjara Hills, Hyderabad)",NEW,1,499.0,49.9,449.1,UPI
TXN_20240900189,2024-09-02,CUST_0103,PRD_E104,Wireless Barcode Scanner BT,Electronics,"Store-105 (Park Street, Kolkata)",NEW,2,1899.0,569.7,3228.3,UPI
TXN_20240900190,2024-09-02,CUST_0442,PRD_M302,Voice Box Mounting Bracket,Merchant Essentials,"Store-101 (Connaught Place, Delhi)",RETURNING,1,249.0,0.0,249.0,Credit Card
TXN_20240900191,2024-09-02,CUST_0003,PRD_E105,Dynamic Display QR Standee,Electronics,"Store-102 (Indiranagar, Bengaluru)",RETURNING,3,1299.0,389.7,3507.3,UPI
TXN_20240900192,2024-09-02,CUST_0391,PRD_M303,Cash Drawer 4-Slot Auto-Open,Merchant Essentials,"Store-102 (Indiranagar, Bengaluru)",NEW,1,2299.0,114.95,2184.05,UPI
TXN_20240900193,2024-09-02,CUST_0495,PRD_E105,Dynamic Display QR Standee,Electronics,"Store-101 (Connaught Place, Delhi)",NEW,1,1299.0,0.0,1299.0,UPI
TXN_20240900194,2024-09-02,CUST_0008,PRD_S401,Paytm Business Prime Subscription,Software & Services,"Store-105 (Park Street, Kolkata)",NEW,1,999.0,49.95,949.05,Credit Card
TXN_20240900195,2024-09-02,CUST_0128,PRD_E103,Paytm Smart All-in-One POS,Electronics,"Store-103 (BKC, Mumbai)",NEW,1,8499.0,0.0,8499.0,UPI
TXN_20240900196,2024-09-02,CUST_0157,PRD_E102,Paytm Card POS Terminal Neo,Electronics,"Store-101 (Connaught Place, Delhi)",RETURNING,1,4999.0,249.95,4749.05,Credit Card
TXN_20240900197,2024-09-02,CUST_0173,PRD_E105,Dynamic Display QR Standee,Electronics,"Store-102 (Indiranagar, Bengaluru)",RETURNING,1,1299.0,0.0,1299.0,UPI
TXN_20240900198,2024-09-02,CUST_0486,PRD_S401,Paytm Business Prime Subscription,Software & Services,"Store-104 (Banjara Hills, Hyderabad)",NEW,1,999.0,0.0,999.0,Paytm Wallet
TXN_20240900199,2024-09-02,CUST_0109,PRD_M302,Voice Box Mounting Bracket,Merchant Essentials,"Store-105 (Park Street, Kolkata)",RETURNING,2,249.0,24.9,473.1,Debit Card
TXN_20240900200,2024-09-02,CUST_0193,PRD_M304,Merchant Branding Banner Kit,Merchant Essentials,"Store-103 (BKC, Mumbai)",RETURNING,2,599.0,59.9,1138.1,UPI
TXN_20240900201,2024-09-02,CUST_0056,PRD_A205,Bluetooth Audio Dongle Mini,Accessories,"Store-101 (Connaught Place, Delhi)",RETURNING,2,399.0,0.0,798.0,UPI
TXN_20240900202,2024-09-02,CUST_0130,PRD_E105,Dynamic Display QR Standee,Electronics,"Store-102 (Indiranagar, Bengaluru)",NEW,1,1299.0,64.95,1234.05,UPI
TXN_20240900203,2024-09-02,CUST_0216,PRD_M301,Acrylic QR Standee - Dual Bank,Merchant Essentials,"Store-105 (Park Street, Kolkata)",RETURNING,1,349.0,0.0,349.0,Debit Card
TXN_20240900204,2024-09-02,CUST_0054,PRD_A201,Soundbox Replacement Battery,Accessories,"Store-105 (Park Street, Kolkata)",NEW,1,499.0,0.0,499.0,UPI
TXN_20240900205,2024-09-02,CUST_0102,PRD_A204,Heavy Duty POS Lanyard Strap,Accessories,"Store-103 (BKC, Mumbai)",NEW,2,149.0,44.7,253.3,UPI
TXN_20240900206,2024-09-02,CUST_0210,PRD_E103,Paytm Smart All-in-One POS,Electronics,"Store-101 (Connaught Place, Delhi)",RETURNING,1,8499.0,424.95,8074.05,UPI
TXN_20240900207,2024-09-02,CUST_0121,PRD_E101,Paytm Soundbox 4.0 Pro,Electronics,"Store-101 (Connaught Place, Delhi)",RETURNING,2,1499.0,149.9,2848.1,UPI
TXN_20240900208,2024-09-02,CUST_0047,PRD_M303,Cash Drawer 4-Slot Auto-Open,Merchant Essentials,"Store-101 (Connaught Place, Delhi)",NEW,1,2299.0,0.0,2299.0,UPI
TXN_20240900209,2024-09-02,CUST_0119,PRD_E105,Dynamic Display QR Standee,Electronics,"Store-103 (BKC, Mumbai)",RETURNING,2,1299.0,259.8,2338.2,Net Banking
TXN_20240900210,2024-09-02,CUST_0437,PRD_E103,Paytm Smart All-in-One POS,Electronics,"Store-103 (BKC, Mumbai)",RETURNING,2,8499.0,1699.8,15298.2,Net Banking
TXN_20240900211,2024-09-02,CUST_0005,PRD_M304,Merchant Branding Banner Kit,Merchant Essentials,"Store-102 (Indiranagar, Bengaluru)",NEW,1,599.0,59.9,539.1,Paytm Wallet
TXN_20240900212,2024-09-02,CUST_0138,PRD_M304,Merchant Branding Banner Kit,Merchant Essentials,"Store-101 (Connaught Place, Delhi)",RETURNING,1,599.0,0.0,599.0,UPI
TXN_20240900213,2024-09-02,CUST_0234,PRD_E103,Paytm Smart All-in-One POS,Electronics,"Store-104 (Banjara Hills, Hyderabad)",RETURNING,1,8499.0,0.0,8499.0,Net Banking
TXN_20240900214,2024-09-02,CUST_0086,PRD_E102,Paytm Card POS Terminal Neo,Electronics,"Store-101 (Connaught Place, Delhi)",RETURNING,5,4999.0,0.0,24995.0,Net Banking
TXN_20240900215,2024-09-02,CUST_0248,PRD_M303,Cash Drawer 4-Slot Auto-Open,Merchant Essentials,"Store-104 (Banjara Hills, Hyderabad)",RETURNING,1,2299.0,0.0,2299.0,UPI
TXN_20240900216,2024-09-02,CUST_0351,PRD_M304,Merchant Branding Banner Kit,Merchant Essentials,"Store-102 (Indiranagar, Bengaluru)",NEW,1,599.0,29.95,569.05,Net Banking
TXN_20240900217,2024-09-02,CUST_0226,PRD_E101,Paytm Soundbox 4.0 Pro,Electronics,"Store-103 (BKC, Mumbai)",RETURNING,2,1499.0,299.8,2698.2,UPI
TXN_20240900218,2024-09-02,CUST_0381,PRD_A203,Thermal Receipt Rolls (Pack of 10),Accessories,"Store-105 (Park Street, Kolkata)",NEW,1,299.0,44.85,254.15,Net Banking
TXN_20240900219,2024-09-02,CUST_0266,PRD_A201,Soundbox Replacement Battery,Accessories,"Store-105 (Park Street, Kolkata)",RETURNING,1,499.0,0.0,499.0,UPI
TXN_20240900220,2024-09-02,CUST_0347,PRD_A205,Bluetooth Audio Dongle Mini,Accessories,"Store-102 (Indiranagar, Bengaluru)",RETURNING,2,399.0,119.7,678.3,UPI
TXN_20240900221,2024-09-02,CUST_0330,PRD_S402,Automated Tally Accounting Sync,Software & Services,"Store-105 (Park Street, Kolkata)",RETURNING,2,1499.0,299.8,2698.2,UPI
TXN_20240900222,2024-09-02,CUST_0252,PRD_E104,Wireless Barcode Scanner BT,Electronics,"Store-103 (BKC, Mumbai)",NEW,3,1899.0,0.0,5697.0,UPI
TXN_20240900223,2024-09-02,CUST_0330,PRD_E104,Wireless Barcode Scanner BT,Electronics,"Store-102 (Indiranagar, Bengaluru)",RETURNING,1,1899.0,94.95,1804.05,UPI
TXN_20240900224,2024-09-02,CUST_0256,PRD_E105,Dynamic Display QR Standee,Electronics,"Store-101 (Connaught Place, Delhi)",RETURNING,5,1299.0,0.0,6495.0,UPI
TXN_20240900225,2024-09-02,CUST_0019,PRD_A202,POS Charging Cradle Dock,Accessories,"Store-101 (Connaught Place, Delhi)",RETURNING,2,699.0,209.7,1188.3,Credit Card
TXN_20240900226,2024-09-02,CUST_0456,PRD_A201,Soundbox Replacement Battery,Accessories,"Store-102 (Indiranagar, Bengaluru)",NEW,1,499.0,24.95,474.05,UPI
TXN_20240900227,2024-09-02,CUST_0423,PRD_E101,Paytm Soundbox 4.0 Pro,Electronics,"Store-102 (Indiranagar, Bengaluru)",NEW,2,1499.0,0.0,2998.0,Debit Card
TXN_20240900228,2024-09-02,CUST_0308,PRD_E105,Dynamic Display QR Standee,Electronics,"Store-103 (BKC, Mumbai)",RETURNING,2,1299.0,259.8,2338.2,UPI
TXN_20240900229,2024-09-02,CUST_0175,PRD_E104,Wireless Barcode Scanner BT,Electronics,"Store-103 (BKC, Mumbai)",NEW,1,1899.0,0.0,1899.0,UPI
TXN_20240900230,2024-09-02,CUST_0460,PRD_E102,Paytm Card POS Terminal Neo,Electronics,"Store-102 (Indiranagar, Bengaluru)",RETURNING,2,4999.0,0.0,9998.0,UPI
TXN_20240900231,2024-09-02,CUST_0101,PRD_E102,Paytm Card POS Terminal Neo,Electronics,"Store-104 (Banjara Hills, Hyderabad)",RETURNING,1,4999.0,0.0,4999.0,UPI
TXN_20240900232,2024-09-02,CUST_0388,PRD_E105,Dynamic Display QR Standee,Electronics,"Store-105 (Park Street, Kolkata)",NEW,1,1299.0,129.9,1169.1,UPI
TXN_20240900233,2024-09-02,CUST_0302,PRD_S402,Automated Tally Accounting Sync,Software & Services,"Store-102 (Indiranagar, Bengaluru)",NEW,3,1499.0,0.0,4497.0,Credit Card
TXN_20240900234,2024-09-02,CUST_0284,PRD_S402,Automated Tally Accounting Sync,Software & Services,"Store-105 (Park Street, Kolkata)",NEW,1,1499.0,74.95,1424.05,Paytm Wallet
TXN_20240900235,2024-09-02,CUST_0091,PRD_M301,Acrylic QR Standee - Dual Bank,Merchant Essentials,"Store-102 (Indiranagar, Bengaluru)",RETURNING,2,349.0,0.0,698.0,Credit Card
TXN_20240900236,2024-09-03,CUST_0165,PRD_A201,Soundbox Replacement Battery,Accessories,"Store-104 (Banjara Hills, Hyderabad)",RETURNING,1,499.0,24.95,474.05,UPI
TXN_20240900237,2024-09-03,CUST_0204,PRD_S403,Priority Settlement Annual Plan,Software & Services,"Store-103 (BKC, Mumbai)",RETURNING,2,1999.0,0.0,3998.0,Credit Card
TXN_20240900238,2024-09-03,CUST_0384,PRD_A201,Soundbox Replacement Battery,Accessories,"Store-105 (Park Street, Kolkata)",RETURNING,2,499.0,149.7,848.3,Credit Card
TXN_20240900239,2024-09-03,CUST_0103,PRD_E103,Paytm Smart All-in-One POS,Electronics,"Store-103 (BKC, Mumbai)",NEW,1,8499.0,1274.85,7224.15,UPI
TXN_20240900240,2024-09-03,CUST_0364,PRD_A205,Bluetooth Audio Dongle Mini,Accessories,"Store-102 (Indiranagar, Bengaluru)",NEW,1,399.0,19.95,379.05,UPI
TXN_20240900241,2024-09-03,CUST_0060,PRD_M302,Voice Box Mounting Bracket,Merchant Essentials,"Store-105 (Park Street, Kolkata)",RETURNING,1,249.0,12.45,236.55,UPI
TXN_20240900242,2024-09-03,CUST_0383,PRD_S401,Paytm Business Prime Subscription,Software & Services,"Store-105 (Park Street, Kolkata)",NEW,1,999.0,99.9,899.1,Debit Card
TXN_20240900243,2024-09-03,CUST_0268,PRD_E102,Paytm Card POS Terminal Neo,Electronics,"Store-104 (Banjara Hills, Hyderabad)",RETURNING,1,4999.0,0.0,4999.0,Debit Card
TXN_20240900244,2024-09-03,CUST_0083,PRD_S403,Priority Settlement Annual Plan,Software & Services,"Store-103 (BKC, Mumbai)",NEW,1,1999.0,0.0,1999.0,Debit Card
TXN_20240900245,2024-09-03,CUST_0105,PRD_M302,Voice Box Mounting Bracket,Merchant Essentials,"Store-101 (Connaught Place, Delhi)",NEW,1,249.0,12.45,236.55,Credit Card
TXN_20240900246,2024-09-03,CUST_0346,PRD_M302,Voice Box Mounting Bracket,Merchant Essentials,"Store-102 (Indiranagar, Bengaluru)",NEW,1,249.0,12.45,236.55,UPI
TXN_20240900247,2024-09-03,CUST_0402,PRD_M303,Cash Drawer 4-Slot Auto-Open,Merchant Essentials,"Store-103 (BKC, Mumbai)",RETURNING,2,2299.0,0.0,4598.0,UPI
TXN_20240900248,2024-09-03,CUST_0404,PRD_S403,Priority Settlement Annual Plan,Software & Services,"Store-103 (BKC, Mumbai)",RETURNING,4,1999.0,399.8,7596.2,UPI
TXN_20240900249,2024-09-03,CUST_0445,PRD_M303,Cash Drawer 4-Slot Auto-Open,Merchant Essentials,"Store-104 (Banjara Hills, Hyderabad)",RETURNING,2,2299.0,229.9,4368.1,Credit Card
TXN_20240900250,2024-09-03,CUST_0387,PRD_A203,Thermal Receipt Rolls (Pack of 10),Accessories,"Store-105 (Park Street, Kolkata)",NEW,1,299.0,14.95,284.05,UPI
TXN_20240900251,2024-09-03,CUST_0230,PRD_E102,Paytm Card POS Terminal Neo,Electronics,"Store-101 (Connaught Place, Delhi)",NEW,1,4999.0,0.0,4999.0,UPI
TXN_20240900252,2024-09-03,CUST_0194,PRD_E101,Paytm Soundbox 4.0 Pro,Electronics,"Store-103 (BKC, Mumbai)",RETURNING,2,1499.0,149.9,2848.1,UPI
TXN_20240900253,2024-09-03,CUST_0170,PRD_E105,Dynamic Display QR Standee,Electronics,"Store-102 (Indiranagar, Bengaluru)",RETURNING,1,1299.0,64.95,1234.05,Debit Card
TXN_20240900254,2024-09-03,CUST_0321,PRD_A204,Heavy Duty POS Lanyard Strap,Accessories,"Store-103 (BKC, Mumbai)",NEW,1,149.0,7.45,141.55,UPI
TXN_20240900255,2024-09-03,CUST_0402,PRD_M301,Acrylic QR Standee - Dual Bank,Merchant Essentials,"Store-105 (Park Street, Kolkata)",RETURNING,2,349.0,0.0,698.0,UPI
TXN_20240900256,2024-09-03,CUST_0213,PRD_A202,POS Charging Cradle Dock,Accessories,"Store-104 (Banjara Hills, Hyderabad)",NEW,1,699.0,0.0,699.0,UPI
TXN_20240900257,2024-09-03,CUST_0170,PRD_E104,Wireless Barcode Scanner BT,Electronics,"Store-103 (BKC, Mumbai)",RETURNING,1,1899.0,94.95,1804.05,Paytm Wallet
TXN_20240900258,2024-09-03,CUST_0422,PRD_M302,Voice Box Mounting Bracket,Merchant Essentials,"Store-101 (Connaught Place, Delhi)",RETURNING,1,249.0,0.0,249.0,Credit Card
TXN_20240900259,2024-09-03,CUST_0471,PRD_A204,Heavy Duty POS Lanyard Strap,Accessories,"Store-101 (Connaught Place, Delhi)",RETURNING,1,149.0,22.35,126.65,Paytm Wallet
TXN_20240900260,2024-09-03,CUST_0198,PRD_E103,Paytm Smart All-in-One POS,Electronics,"Store-103 (BKC, Mumbai)",NEW,1,8499.0,424.95,8074.05,Debit Card
TXN_20240900261,2024-09-03,CUST_0264,PRD_M303,Cash Drawer 4-Slot Auto-Open,Merchant Essentials,"Store-104 (Banjara Hills, Hyderabad)",NEW,1,2299.0,0.0,2299.0,Credit Card
TXN_20240900262,2024-09-03,CUST_0165,PRD_A201,Soundbox Replacement Battery,Accessories,"Store-101 (Connaught Place, Delhi)",RETURNING,1,499.0,24.95,474.05,UPI
TXN_20240900263,2024-09-03,CUST_0034,PRD_E103,Paytm Smart All-in-One POS,Electronics,"Store-102 (Indiranagar, Bengaluru)",NEW,2,8499.0,0.0,16998.0,UPI
TXN_20240900264,2024-09-03,CUST_0276,PRD_M304,Merchant Branding Banner Kit,Merchant Essentials,"Store-104 (Banjara Hills, Hyderabad)",RETURNING,1,599.0,29.95,569.05,UPI
TXN_20240900265,2024-09-03,CUST_0236,PRD_M302,Voice Box Mounting Bracket,Merchant Essentials,"Store-101 (Connaught Place, Delhi)",RETURNING,2,249.0,49.8,448.2,Credit Card
TXN_20240900266,2024-09-03,CUST_0295,PRD_M303,Cash Drawer 4-Slot Auto-Open,Merchant Essentials,"Store-103 (BKC, Mumbai)",NEW,1,2299.0,114.95,2184.05,UPI
TXN_20240900267,2024-09-03,CUST_0162,PRD_E101,Paytm Soundbox 4.0 Pro,Electronics,"Store-101 (Connaught Place, Delhi)",NEW,1,1499.0,74.95,1424.05,Credit Card
TXN_20240900268,2024-09-03,CUST_0388,PRD_M302,Voice Box Mounting Bracket,Merchant Essentials,"Store-101 (Connaught Place, Delhi)",NEW,1,249.0,0.0,249.0,Paytm Wallet
TXN_20240900269,2024-09-03,CUST_0055,PRD_E103,Paytm Smart All-in-One POS,Electronics,"Store-103 (BKC, Mumbai)",RETURNING,1,8499.0,1274.85,7224.15,UPI
TXN_20240900270,2024-09-03,CUST_0421,PRD_M301,Acrylic QR Standee - Dual Bank,Merchant Essentials,"Store-104 (Banjara Hills, Hyderabad)",NEW,1,349.0,0.0,349.0,Credit Card
TXN_20240900271,2024-09-03,CUST_0408,PRD_M303,Cash Drawer 4-Slot Auto-Open,Merchant Essentials,"Store-105 (Park Street, Kolkata)",NEW,1,2299.0,114.95,2184.05,UPI
TXN_20240900272,2024-09-03,CUST_0455,PRD_S401,Paytm Business Prime Subscription,Software & Services,"Store-103 (BKC, Mumbai)",RETURNING,4,999.0,399.6,3596.4,UPI
TXN_20240900273,2024-09-03,CUST_0022,PRD_E101,Paytm Soundbox 4.0 Pro,Electronics,"Store-105 (Park Street, Kolkata)",NEW,1,1499.0,74.95,1424.05,UPI
TXN_20240900274,2024-09-03,CUST_0108,PRD_M302,Voice Box Mounting Bracket,Merchant Essentials,"Store-103 (BKC, Mumbai)",RETURNING,1,249.0,24.9,224.1,UPI
TXN_20240900275,2024-09-03,CUST_0095,PRD_E103,Paytm Smart All-in-One POS,Electronics,"Store-103 (BKC, Mumbai)",RETURNING,2,8499.0,1699.8,15298.2,Debit Card
TXN_20240900276,2024-09-03,CUST_0436,PRD_M302,Voice Box Mounting Bracket,Merchant Essentials,"Store-105 (Park Street, Kolkata)",NEW,1,249.0,12.45,236.55,UPI
TXN_20240900277,2024-09-03,CUST_0035,PRD_E103,Paytm Smart All-in-One POS,Electronics,"Store-102 (Indiranagar, Bengaluru)",NEW,1,8499.0,424.95,8074.05,UPI
TXN_20240900278,2024-09-03,CUST_0066,PRD_M301,Acrylic QR Standee - Dual Bank,Merchant Essentials,"Store-102 (Indiranagar, Bengaluru)",RETURNING,1,349.0,52.35,296.65,UPI
TXN_20240900279,2024-09-03,CUST_0231,PRD_E104,Wireless Barcode Scanner BT,Electronics,"Store-103 (BKC, Mumbai)",RETURNING,2,1899.0,189.9,3608.1,Debit Card
TXN_20240900280,2024-09-03,CUST_0491,PRD_E105,Dynamic Display QR Standee,Electronics,"Store-101 (Connaught Place, Delhi)",RETURNING,1,1299.0,64.95,1234.05,Credit Card
TXN_20240900281,2024-09-03,CUST_0142,PRD_M304,Merchant Branding Banner Kit,Merchant Essentials,"Store-102 (Indiranagar, Bengaluru)",RETURNING,1,599.0,29.95,569.05,UPI
TXN_20240900282,2024-09-03,CUST_0397,PRD_E104,Wireless Barcode Scanner BT,Electronics,"Store-105 (Park Street, Kolkata)",NEW,1,1899.0,94.95,1804.05,UPI
TXN_20240900283,2024-09-03,CUST_0144,PRD_M304,Merchant Branding Banner Kit,Merchant Essentials,"Store-102 (Indiranagar, Bengaluru)",RETURNING,3,599.0,89.85,1707.15,Credit Card
TXN_20240900284,2024-09-03,CUST_0373,PRD_E101,Paytm Soundbox 4.0 Pro,Electronics,"Store-101 (Connaught Place, Delhi)",NEW,2,1499.0,149.9,2848.1,Debit Card
TXN_20240900285,2024-09-03,CUST_0297,PRD_E105,Dynamic Display QR Standee,Electronics,"Store-105 (Park Street, Kolkata)",RETURNING,2,1299.0,0.0,2598.0,Net Banking
TXN_20240900286,2024-09-03,CUST_0277,PRD_E105,Dynamic Display QR Standee,Electronics,"Store-102 (Indiranagar, Bengaluru)",NEW,1,1299.0,0.0,1299.0,Debit Card
TXN_20240900287,2024-09-03,CUST_0376,PRD_M304,Merchant Branding Banner Kit,Merchant Essentials,"Store-102 (Indiranagar, Bengaluru)",RETURNING,1,599.0,0.0,599.0,UPI
TXN_20240900288,2024-09-03,CUST_0340,PRD_E103,Paytm Smart All-in-One POS,Electronics,"Store-105 (Park Street, Kolkata)",RETURNING,1,8499.0,0.0,8499.0,UPI
TXN_20240900289,2024-09-03,CUST_0290,PRD_S402,Automated Tally Accounting Sync,Software & Services,"Store-102 (Indiranagar, Bengaluru)",RETURNING,1,1499.0,0.0,1499.0,UPI
TXN_20240900290,2024-09-03,CUST_0250,PRD_E103,Paytm Smart All-in-One POS,Electronics,"Store-103 (BKC, Mumbai)",NEW,1,8499.0,0.0,8499.0,UPI
TXN_20240900291,2024-09-03,CUST_0465,PRD_M303,Cash Drawer 4-Slot Auto-Open,Merchant Essentials,"Store-104 (Banjara Hills, Hyderabad)",NEW,1,2299.0,114.95,2184.05,UPI
TXN_20240900292,2024-09-03,CUST_0333,PRD_E104,Wireless Barcode Scanner BT,Electronics,"Store-105 (Park Street, Kolkata)",RETURNING,1,1899.0,94.95,1804.05,Credit Card
TXN_20240900293,2024-09-03,CUST_0292,PRD_E102,Paytm Card POS Terminal Neo,Electronics,"Store-104 (Banjara Hills, Hyderabad)",RETURNING,1,4999.0,499.9,4499.1,UPI
TXN_20240900294,2024-09-03,CUST_0193,PRD_S403,Priority Settlement Annual Plan,Software & Services,"Store-102 (Indiranagar, Bengaluru)",RETURNING,1,1999.0,199.9,1799.1,UPI
TXN_20240900295,2024-09-03,CUST_0247,PRD_S401,Paytm Business Prime Subscription,Software & Services,"Store-101 (Connaught Place, Delhi)",RETURNING,2,999.0,0.0,1998.0,UPI
TXN_20240900296,2024-09-03,CUST_0330,PRD_E103,Paytm Smart All-in-One POS,Electronics,"Store-102 (Indiranagar, Bengaluru)",RETURNING,1,8499.0,424.95,8074.05,UPI
TXN_20240900297,2024-09-03,CUST_0118,PRD_E105,Dynamic Display QR Standee,Electronics,"Store-103 (BKC, Mumbai)",RETURNING,1,1299.0,64.95,1234.05,UPI
TXN_20240900298,2024-09-03,CUST_0083,PRD_A205,Bluetooth Audio Dongle Mini,Accessories,"Store-104 (Banjara Hills, Hyderabad)",NEW,1,399.0,0.0,399.0,Credit Card
TXN_20240900299,2024-09-03,CUST_0083,PRD_E102,Paytm Card POS Terminal Neo,Electronics,"Store-105 (Park Street, Kolkata)",NEW,1,4999.0,249.95,4749.05,UPI
TXN_20240900300,2024-09-03,CUST_0133,PRD_S402,Automated Tally Accounting Sync,Software & Services,"Store-105 (Park Street, Kolkata)",RETURNING,3,1499.0,224.85,4272.15,UPI
TXN_20240900301,2024-09-03,CUST_0369,PRD_M302,Voice Box Mounting Bracket,Merchant Essentials,"Store-103 (BKC, Mumbai)",RETURNING,4,249.0,49.8,946.2,UPI
TXN_20240900302,2024-09-03,CUST_0247,PRD_E102,Paytm Card POS Terminal Neo,Electronics,"Store-104 (Banjara Hills, Hyderabad)",RETURNING,1,4999.0,499.9,4499.1,UPI
TXN_20240900303,2024-09-03,CUST_0338,PRD_A201,Soundbox Replacement Battery,Accessories,"Store-102 (Indiranagar, Bengaluru)",RETURNING,1,499.0,24.95,474.05,Credit Card
TXN_20240900304,2024-09-03,CUST_0118,PRD_E104,Wireless Barcode Scanner BT,Electronics,"Store-102 (Indiranagar, Bengaluru)",RETURNING,2,1899.0,379.8,3418.2,UPI
TXN_20240900305,2024-09-03,CUST_0215,PRD_M304,Merchant Branding Banner Kit,Merchant Essentials,"Store-105 (Park Street, Kolkata)",NEW,1,599.0,29.95,569.05,Credit Card
TXN_20240900306,2024-09-03,CUST_0020,PRD_M304,Merchant Branding Banner Kit,Merchant Essentials,"Store-105 (Park Street, Kolkata)",NEW,1,599.0,0.0,599.0,UPI
TXN_20240900307,2024-09-03,CUST_0067,PRD_S401,Paytm Business Prime Subscription,Software & Services,"Store-105 (Park Street, Kolkata)",NEW,2,999.0,199.8,1798.2,Debit Card
TXN_20240900308,2024-09-03,CUST_0333,PRD_E105,Dynamic Display QR Standee,Electronics,"Store-104 (Banjara Hills, Hyderabad)",RETURNING,2,1299.0,129.9,2468.1,UPI
TXN_20240900309,2024-09-03,CUST_0411,PRD_E105,Dynamic Display QR Standee,Electronics,"Store-104 (Banjara Hills, Hyderabad)",RETURNING,1,1299.0,194.85,1104.15,Debit Card
TXN_20240900310,2024-09-03,CUST_0295,PRD_E101,Paytm Soundbox 4.0 Pro,Electronics,"Store-102 (Indiranagar, Bengaluru)",NEW,1,1499.0,149.9,1349.1,Net Banking
TXN_20240900311,2024-09-03,CUST_0043,PRD_E103,Paytm Smart All-in-One POS,Electronics,"Store-105 (Park Street, Kolkata)",RETURNING,2,8499.0,849.9,16148.1,Debit Card
TXN_20240900312,2024-09-03,CUST_0296,PRD_A201,Soundbox Replacement Battery,Accessories,"Store-105 (Park Street, Kolkata)",RETURNING,1,499.0,24.95,474.05,UPI
TXN_20240900313,2024-09-03,CUST_0186,PRD_E102,Paytm Card POS Terminal Neo,Electronics,"Store-104 (Banjara Hills, Hyderabad)",NEW,1,4999.0,0.0,4999.0,Debit Card
TXN_20240900314,2024-09-03,CUST_0217,PRD_A203,Thermal Receipt Rolls (Pack of 10),Accessories,"Store-105 (Park Street, Kolkata)",NEW,1,299.0,14.95,284.05,Debit Card
TXN_20240900315,2024-09-03,CUST_0212,PRD_A202,POS Charging Cradle Dock,Accessories,"Store-105 (Park Street, Kolkata)",RETURNING,1,699.0,34.95,664.05,UPI
TXN_20240900316,2024-09-03,CUST_0158,PRD_A203,Thermal Receipt Rolls (Pack of 10),Accessories,"Store-104 (Banjara Hills, Hyderabad)",RETURNING,1,299.0,14.95,284.05,Credit Card
TXN_20240900317,2024-09-03,CUST_0229,PRD_M303,Cash Drawer 4-Slot Auto-Open,Merchant Essentials,"Store-102 (Indiranagar, Bengaluru)",RETURNING,1,2299.0,229.9,2069.1,Debit Card
TXN_20240900318,2024-09-03,CUST_0315,PRD_M301,Acrylic QR Standee - Dual Bank,Merchant Essentials,"Store-101 (Connaught Place, Delhi)",NEW,1,349.0,52.35,296.65,UPI
TXN_20240900319,2024-09-03,CUST_0047,PRD_M303,Cash Drawer 4-Slot Auto-Open,Merchant Essentials,"Store-104 (Banjara Hills, Hyderabad)",NEW,2,2299.0,0.0,4598.0,UPI
TXN_20240900320,2024-09-03,CUST_0114,PRD_E104,Wireless Barcode Scanner BT,Electronics,"Store-105 (Park Street, Kolkata)",NEW,1,1899.0,0.0,1899.0,Paytm Wallet
TXN_20240900321,2024-09-03,CUST_0315,PRD_A205,Bluetooth Audio Dongle Mini,Accessories,"Store-103 (BKC, Mumbai)",NEW,1,399.0,19.95,379.05,Paytm Wallet
TXN_20240900322,2024-09-03,CUST_0420,PRD_E102,Paytm Card POS Terminal Neo,Electronics,"Store-104 (Banjara Hills, Hyderabad)",NEW,1,4999.0,0.0,4999.0,Credit Card
TXN_20240900323,2024-09-03,CUST_0412,PRD_A201,Soundbox Replacement Battery,Accessories,"Store-102 (Indiranagar, Bengaluru)",NEW,1,499.0,24.95,474.05,UPI
TXN_20240900324,2024-09-03,CUST_0119,PRD_A204,Heavy Duty POS Lanyard Strap,Accessories,"Store-101 (Connaught Place, Delhi)",RETURNING,1,149.0,22.35,126.65,UPI
TXN_20240900325,2024-09-03,CUST_0142,PRD_M303,Cash Drawer 4-Slot Auto-Open,Merchant Essentials,"Store-103 (BKC, Mumbai)",RETURNING,1,2299.0,0.0,2299.0,UPI
TXN_20240900326,2024-09-03,CUST_0361,PRD_E101,Paytm Soundbox 4.0 Pro,Electronics,"Store-101 (Connaught Place, Delhi)",RETURNING,1,1499.0,74.95,1424.05,Credit Card
TXN_20240900327,2024-09-03,CUST_0178,PRD_S403,Priority Settlement Annual Plan,Software & Services,"Store-103 (BKC, Mumbai)",NEW,1,1999.0,299.85,1699.15,UPI
TXN_20240900328,2024-09-03,CUST_0207,PRD_A203,Thermal Receipt Rolls (Pack of 10),Accessories,"Store-103 (BKC, Mumbai)",RETURNING,1,299.0,14.95,284.05,UPI
TXN_20240900329,2024-09-03,CUST_0175,PRD_S402,Automated Tally Accounting Sync,Software & Services,"Store-105 (Park Street, Kolkata)",NEW,3,1499.0,449.7,4047.3,Debit Card
TXN_20240900330,2024-09-03,CUST_0295,PRD_E103,Paytm Smart All-in-One POS,Electronics,"Store-104 (Banjara Hills, Hyderabad)",NEW,3,8499.0,1274.85,24222.15,Debit Card
TXN_20240900331,2024-09-03,CUST_0388,PRD_E104,Wireless Barcode Scanner BT,Electronics,"Store-104 (Banjara Hills, Hyderabad)",NEW,1,1899.0,189.9,1709.1,Debit Card
TXN_20240900332,2024-09-03,CUST_0247,PRD_E102,Paytm Card POS Terminal Neo,Electronics,"Store-101 (Connaught Place, Delhi)",RETURNING,1,4999.0,0.0,4999.0,Credit Card
TXN_20240900333,2024-09-03,CUST_0410,PRD_E104,Wireless Barcode Scanner BT,Electronics,"Store-103 (BKC, Mumbai)",NEW,1,1899.0,0.0,1899.0,Debit Card
TXN_20240900334,2024-09-03,CUST_0128,PRD_E103,Paytm Smart All-in-One POS,Electronics,"Store-104 (Banjara Hills, Hyderabad)",NEW,1,8499.0,849.9,7649.1,UPI
TXN_20240900335,2024-09-03,CUST_0477,PRD_E102,Paytm Card POS Terminal Neo,Electronics,"Store-103 (BKC, Mumbai)",RETURNING,1,4999.0,0.0,4999.0,Paytm Wallet
TXN_20240900336,2024-09-03,CUST_0350,PRD_S402,Automated Tally Accounting Sync,Software & Services,"Store-102 (Indiranagar, Bengaluru)",RETURNING,2,1499.0,149.9,2848.1,Net Banking
TXN_20240900337,2024-09-03,CUST_0106,PRD_E103,Paytm Smart All-in-One POS,Electronics,"Store-102 (Indiranagar, Bengaluru)",RETURNING,2,8499.0,1699.8,15298.2,UPI
TXN_20240900338,2024-09-03,CUST_0041,PRD_M301,Acrylic QR Standee - Dual Bank,Merchant Essentials,"Store-104 (Banjara Hills, Hyderabad)",RETURNING,1,349.0,17.45,331.55,UPI
TXN_20240900339,2024-09-03,CUST_0247,PRD_E104,Wireless Barcode Scanner BT,Electronics,"Store-103 (BKC, Mumbai)",RETURNING,1,1899.0,189.9,1709.1,Debit Card
TXN_20240900340,2024-09-03,CUST_0252,PRD_E102,Paytm Card POS Terminal Neo,Electronics,"Store-105 (Park Street, Kolkata)",NEW,1,4999.0,0.0,4999.0,Credit Card
TXN_20240900341,2024-09-03,CUST_0028,PRD_A201,Soundbox Replacement Battery,Accessories,"Store-104 (Banjara Hills, Hyderabad)",RETURNING,1,499.0,24.95,474.05,UPI
TXN_20240900342,2024-09-03,CUST_0352,PRD_M303,Cash Drawer 4-Slot Auto-Open,Merchant Essentials,"Store-104 (Banjara Hills, Hyderabad)",RETURNING,3,2299.0,344.85,6552.15,Credit Card
TXN_20240900343,2024-09-03,CUST_0007,PRD_M301,Acrylic QR Standee - Dual Bank,Merchant Essentials,"Store-104 (Banjara Hills, Hyderabad)",RETURNING,1,349.0,17.45,331.55,UPI
TXN_20240900344,2024-09-03,CUST_0281,PRD_E103,Paytm Smart All-in-One POS,Electronics,"Store-103 (BKC, Mumbai)",NEW,1,8499.0,424.95,8074.05,UPI
TXN_20240900345,2024-09-03,CUST_0256,PRD_E105,Dynamic Display QR Standee,Electronics,"Store-104 (Banjara Hills, Hyderabad)",RETURNING,1,1299.0,129.9,1169.1,UPI
TXN_20240900346,2024-09-03,CUST_0093,PRD_A203,Thermal Receipt Rolls (Pack of 10),Accessories,"Store-105 (Park Street, Kolkata)",NEW,1,299.0,29.9,269.1,Credit Card
TXN_20240900347,2024-09-03,CUST_0412,PRD_E103,Paytm Smart All-in-One POS,Electronics,"Store-104 (Banjara Hills, Hyderabad)",NEW,2,8499.0,0.0,16998.0,Debit Card
TXN_20240900348,2024-09-03,CUST_0379,PRD_E102,Paytm Card POS Terminal Neo,Electronics,"Store-101 (Connaught Place, Delhi)",RETURNING,1,4999.0,749.85,4249.15,Debit Card
TXN_20240900349,2024-09-03,CUST_0265,PRD_A202,POS Charging Cradle Dock,Accessories,"Store-103 (BKC, Mumbai)",NEW,2,699.0,0.0,1398.0,Credit Card
TXN_20240900350,2024-09-03,CUST_0291,PRD_E101,Paytm Soundbox 4.0 Pro,Electronics,"Store-101 (Connaught Place, Delhi)",RETURNING,2,1499.0,299.8,2698.2,UPI
TXN_20240900351,2024-09-03,CUST_0323,PRD_E101,Paytm Soundbox 4.0 Pro,Electronics,"Store-103 (BKC, Mumbai)",RETURNING,1,1499.0,74.95,1424.05,Debit Card
TXN_20240900352,2024-09-03,CUST_0177,PRD_E101,Paytm Soundbox 4.0 Pro,Electronics,"Store-101 (Connaught Place, Delhi)",RETURNING,1,1499.0,74.95,1424.05,Credit Card
TXN_20240900353,2024-09-03,CUST_0333,PRD_A205,Bluetooth Audio Dongle Mini,Accessories,"Store-102 (Indiranagar, Bengaluru)",RETURNING,3,399.0,0.0,1197.0,UPI
TXN_20240900354,2024-09-03,CUST_0397,PRD_M302,Voice Box Mounting Bracket,Merchant Essentials,"Store-101 (Connaught Place, Delhi)",NEW,1,249.0,0.0,249.0,Credit Card
TXN_20240900355,2024-09-03,CUST_0075,PRD_M304,Merchant Branding Banner Kit,Merchant Essentials,"Store-103 (BKC, Mumbai)",NEW,1,599.0,29.95,569.05,UPI
TXN_20240900356,2024-09-03,CUST_0465,PRD_E101,Paytm Soundbox 4.0 Pro,Electronics,"Store-102 (Indiranagar, Bengaluru)",NEW,1,1499.0,0.0,1499.0,Credit Card
TXN_20240900357,2024-09-03,CUST_0364,PRD_E103,Paytm Smart All-in-One POS,Electronics,"Store-104 (Banjara Hills, Hyderabad)",NEW,1,8499.0,0.0,8499.0,Debit Card
TXN_20240900358,2024-09-03,CUST_0186,PRD_M302,Voice Box Mounting Bracket,Merchant Essentials,"Store-105 (Park Street, Kolkata)",NEW,3,249.0,0.0,747.0,UPI
TXN_20240900359,2024-09-04,CUST_0065,PRD_M302,Voice Box Mounting Bracket,Merchant Essentials,"Store-103 (BKC, Mumbai)",RETURNING,3,249.0,0.0,747.0,UPI
TXN_20240900360,2024-09-04,CUST_0053,PRD_E101,Paytm Soundbox 4.0 Pro,Electronics,"Store-104 (Banjara Hills, Hyderabad)",RETURNING,2,1499.0,0.0,2998.0,Debit Card
TXN_20240900361,2024-09-04,CUST_0043,PRD_E102,Paytm Card POS Terminal Neo,Electronics,"Store-105 (Park Street, Kolkata)",RETURNING,1,4999.0,499.9,4499.1,UPI
TXN_20240900362,2024-09-04,CUST_0127,PRD_M302,Voice Box Mounting Bracket,Merchant Essentials,"Store-104 (Banjara Hills, Hyderabad)",RETURNING,2,249.0,49.8,448.2,UPI
TXN_20240900363,2024-09-04,CUST_0340,PRD_E104,Wireless Barcode Scanner BT,Electronics,"Store-103 (BKC, Mumbai)",RETURNING,2,1899.0,379.8,3418.2,Paytm Wallet
TXN_20240900364,2024-09-04,CUST_0281,PRD_E105,Dynamic Display QR Standee,Electronics,"Store-105 (Park Street, Kolkata)",NEW,1,1299.0,64.95,1234.05,Credit Card
TXN_20240900365,2024-09-04,CUST_0326,PRD_M304,Merchant Branding Banner Kit,Merchant Essentials,"Store-104 (Banjara Hills, Hyderabad)",RETURNING,1,599.0,0.0,599.0,UPI
TXN_20240900366,2024-09-04,CUST_0277,PRD_E103,Paytm Smart All-in-One POS,Electronics,"Store-101 (Connaught Place, Delhi)",NEW,1,8499.0,0.0,8499.0,UPI
TXN_20240900367,2024-09-04,CUST_0156,PRD_E101,Paytm Soundbox 4.0 Pro,Electronics,"Store-105 (Park Street, Kolkata)",NEW,2,1499.0,299.8,2698.2,UPI
TXN_20240900368,2024-09-04,CUST_0241,PRD_A202,POS Charging Cradle Dock,Accessories,"Store-104 (Banjara Hills, Hyderabad)",RETURNING,3,699.0,0.0,2097.0,UPI
TXN_20240900369,2024-09-04,CUST_0150,PRD_A204,Heavy Duty POS Lanyard Strap,Accessories,"Store-101 (Connaught Place, Delhi)",RETURNING,2,149.0,29.8,268.2,UPI
TXN_20240900370,2024-09-04,CUST_0128,PRD_E102,Paytm Card POS Terminal Neo,Electronics,"Store-104 (Banjara Hills, Hyderabad)",NEW,2,4999.0,0.0,9998.0,UPI
TXN_20240900371,2024-09-04,CUST_0321,PRD_E103,Paytm Smart All-in-One POS,Electronics,"Store-105 (Park Street, Kolkata)",NEW,2,8499.0,849.9,16148.1,UPI
TXN_20240900372,2024-09-04,CUST_0381,PRD_A202,POS Charging Cradle Dock,Accessories,"Store-103 (BKC, Mumbai)",NEW,1,699.0,69.9,629.1,UPI
TXN_20240900373,2024-09-04,CUST_0149,PRD_E102,Paytm Card POS Terminal Neo,Electronics,"Store-104 (Banjara Hills, Hyderabad)",RETURNING,1,4999.0,249.95,4749.05,UPI
TXN_20240900374,2024-09-04,CUST_0010,PRD_E102,Paytm Card POS Terminal Neo,Electronics,"Store-105 (Park Street, Kolkata)",RETURNING,1,4999.0,0.0,4999.0,UPI
TXN_20240900375,2024-09-04,CUST_0225,PRD_M302,Voice Box Mounting Bracket,Merchant Essentials,"Store-102 (Indiranagar, Bengaluru)",RETURNING,2,249.0,0.0,498.0,UPI
TXN_20240900376,2024-09-04,CUST_0403,PRD_M303,Cash Drawer 4-Slot Auto-Open,Merchant Essentials,"Store-103 (BKC, Mumbai)",RETURNING,1,2299.0,0.0,2299.0,Debit Card
TXN_20240900377,2024-09-04,CUST_0488,PRD_E102,Paytm Card POS Terminal Neo,Electronics,"Store-103 (BKC, Mumbai)",RETURNING,3,4999.0,749.85,14247.15,UPI
TXN_20240900378,2024-09-04,CUST_0431,PRD_E103,Paytm Smart All-in-One POS,Electronics,"Store-104 (Banjara Hills, Hyderabad)",RETURNING,3,8499.0,2549.7,22947.3,UPI
TXN_20240900379,2024-09-04,CUST_0395,PRD_S403,Priority Settlement Annual Plan,Software & Services,"Store-102 (Indiranagar, Bengaluru)",RETURNING,2,1999.0,199.9,3798.1,Debit Card
TXN_20240900380,2024-09-04,CUST_0267,PRD_M301,Acrylic QR Standee - Dual Bank,Merchant Essentials,"Store-102 (Indiranagar, Bengaluru)",RETURNING,1,349.0,0.0,349.0,UPI
TXN_20240900381,2024-09-04,CUST_0323,PRD_M302,Voice Box Mounting Bracket,Merchant Essentials,"Store-105 (Park Street, Kolkata)",RETURNING,1,249.0,12.45,236.55,UPI
TXN_20240900382,2024-09-04,CUST_0455,PRD_E101,Paytm Soundbox 4.0 Pro,Electronics,"Store-102 (Indiranagar, Bengaluru)",RETURNING,4,1499.0,0.0,5996.0,UPI
TXN_20240900383,2024-09-04,CUST_0407,PRD_E103,Paytm Smart All-in-One POS,Electronics,"Store-101 (Connaught Place, Delhi)",RETURNING,2,8499.0,2549.7,14448.3,Credit Card
TXN_20240900384,2024-09-04,CUST_0354,PRD_E105,Dynamic Display QR Standee,Electronics,"Store-105 (Park Street, Kolkata)",RETURNING,1,1299.0,0.0,1299.0,UPI
TXN_20240900385,2024-09-04,CUST_0352,PRD_A204,Heavy Duty POS Lanyard Strap,Accessories,"Store-101 (Connaught Place, Delhi)",RETURNING,1,149.0,7.45,141.55,Debit Card
TXN_20240900386,2024-09-04,CUST_0065,PRD_E105,Dynamic Display QR Standee,Electronics,"Store-103 (BKC, Mumbai)",RETURNING,5,1299.0,649.5,5845.5,Debit Card
TXN_20240900387,2024-09-04,CUST_0225,PRD_M302,Voice Box Mounting Bracket,Merchant Essentials,"Store-101 (Connaught Place, Delhi)",RETURNING,1,249.0,0.0,249.0,Net Banking
TXN_20240900388,2024-09-04,CUST_0249,PRD_M301,Acrylic QR Standee - Dual Bank,Merchant Essentials,"Store-105 (Park Street, Kolkata)",RETURNING,1,349.0,0.0,349.0,UPI
TXN_20240900389,2024-09-04,CUST_0179,PRD_E104,Wireless Barcode Scanner BT,Electronics,"Store-104 (Banjara Hills, Hyderabad)",NEW,1,1899.0,189.9,1709.1,Net Banking
TXN_20240900390,2024-09-04,CUST_0284,PRD_E102,Paytm Card POS Terminal Neo,Electronics,"Store-105 (Park Street, Kolkata)",NEW,1,4999.0,0.0,4999.0,UPI
TXN_20240900391,2024-09-04,CUST_0188,PRD_E105,Dynamic Display QR Standee,Electronics,"Store-105 (Park Street, Kolkata)",NEW,1,1299.0,0.0,1299.0,UPI
TXN_20240900392,2024-09-04,CUST_0439,PRD_E104,Wireless Barcode Scanner BT,Electronics,"Store-105 (Park Street, Kolkata)",NEW,1,1899.0,94.95,1804.05,Credit Card
TXN_20240900393,2024-09-04,CUST_0276,PRD_M303,Cash Drawer 4-Slot Auto-Open,Merchant Essentials,"Store-102 (Indiranagar, Bengaluru)",RETURNING,1,2299.0,114.95,2184.05,Credit Card
TXN_20240900394,2024-09-04,CUST_0166,PRD_E105,Dynamic Display QR Standee,Electronics,"Store-103 (BKC, Mumbai)",RETURNING,1,1299.0,0.0,1299.0,Debit Card
TXN_20240900395,2024-09-04,CUST_0067,PRD_E102,Paytm Card POS Terminal Neo,Electronics,"Store-101 (Connaught Place, Delhi)",NEW,1,4999.0,249.95,4749.05,UPI
TXN_20240900396,2024-09-04,CUST_0293,PRD_A205,Bluetooth Audio Dongle Mini,Accessories,"Store-104 (Banjara Hills, Hyderabad)",RETURNING,1,399.0,19.95,379.05,UPI
TXN_20240900397,2024-09-04,CUST_0188,PRD_E103,Paytm Smart All-in-One POS,Electronics,"Store-101 (Connaught Place, Delhi)",NEW,1,8499.0,1274.85,7224.15,Credit Card
TXN_20240900398,2024-09-04,CUST_0476,PRD_S401,Paytm Business Prime Subscription,Software & Services,"Store-101 (Connaught Place, Delhi)",NEW,1,999.0,49.95,949.05,UPI
TXN_20240900399,2024-09-04,CUST_0381,PRD_S402,Automated Tally Accounting Sync,Software & Services,"Store-104 (Banjara Hills, Hyderabad)",NEW,2,1499.0,299.8,2698.2,UPI
TXN_20240900400,2024-09-04,CUST_0316,PRD_E103,Paytm Smart All-in-One POS,Electronics,"Store-101 (Connaught Place, Delhi)",RETURNING,1,8499.0,0.0,8499.0,UPI
TXN_20240900401,2024-09-04,CUST_0266,PRD_E101,Paytm Soundbox 4.0 Pro,Electronics,"Store-102 (Indiranagar, Bengaluru)",RETURNING,2,1499.0,149.9,2848.1,UPI
TXN_20240900402,2024-09-04,CUST_0321,PRD_S402,Automated Tally Accounting Sync,Software & Services,"Store-105 (Park Street, Kolkata)",NEW,1,1499.0,0.0,1499.0,UPI
TXN_20240900403,2024-09-04,CUST_0327,PRD_A203,Thermal Receipt Rolls (Pack of 10),Accessories,"Store-104 (Banjara Hills, Hyderabad)",NEW,1,299.0,0.0,299.0,UPI
TXN_20240900404,2024-09-04,CUST_0406,PRD_E102,Paytm Card POS Terminal Neo,Electronics,"Store-104 (Banjara Hills, Hyderabad)",RETURNING,1,4999.0,249.95,4749.05,Credit Card
TXN_20240900405,2024-09-04,CUST_0478,PRD_E104,Wireless Barcode Scanner BT,Electronics,"Store-103 (BKC, Mumbai)",RETURNING,1,1899.0,189.9,1709.1,UPI
TXN_20240900406,2024-09-04,CUST_0325,PRD_E105,Dynamic Display QR Standee,Electronics,"Store-103 (BKC, Mumbai)",RETURNING,1,1299.0,0.0,1299.0,Debit Card
TXN_20240900407,2024-09-04,CUST_0475,PRD_M302,Voice Box Mounting Bracket,Merchant Essentials,"Store-103 (BKC, Mumbai)",NEW,3,249.0,0.0,747.0,UPI
TXN_20240900408,2024-09-04,CUST_0372,PRD_E101,Paytm Soundbox 4.0 Pro,Electronics,"Store-103 (BKC, Mumbai)",NEW,1,1499.0,74.95,1424.05,Paytm Wallet
TXN_20240900409,2024-09-04,CUST_0155,PRD_E101,Paytm Soundbox 4.0 Pro,Electronics,"Store-102 (Indiranagar, Bengaluru)",RETURNING,1,1499.0,149.9,1349.1,Paytm Wallet
TXN_20240900410,2024-09-04,CUST_0422,PRD_E103,Paytm Smart All-in-One POS,Electronics,"Store-105 (Park Street, Kolkata)",RETURNING,1,8499.0,424.95,8074.05,UPI
TXN_20240900411,2024-09-04,CUST_0236,PRD_E104,Wireless Barcode Scanner BT,Electronics,"Store-102 (Indiranagar, Bengaluru)",RETURNING,1,1899.0,0.0,1899.0,UPI
TXN_20240900412,2024-09-04,CUST_0154,PRD_E101,Paytm Soundbox 4.0 Pro,Electronics,"Store-104 (Banjara Hills, Hyderabad)",RETURNING,2,1499.0,0.0,2998.0,UPI
TXN_20240900413,2024-09-04,CUST_0248,PRD_E102,Paytm Card POS Terminal Neo,Electronics,"Store-105 (Park Street, Kolkata)",RETURNING,3,4999.0,749.85,14247.15,UPI
TXN_20240900414,2024-09-04,CUST_0414,PRD_A203,Thermal Receipt Rolls (Pack of 10),Accessories,"Store-101 (Connaught Place, Delhi)",NEW,2,299.0,89.7,508.3,UPI
TXN_20240900415,2024-09-04,CUST_0451,PRD_M303,Cash Drawer 4-Slot Auto-Open,Merchant Essentials,"Store-104 (Banjara Hills, Hyderabad)",RETURNING,4,2299.0,919.6,8276.4,Credit Card
TXN_20240900416,2024-09-04,CUST_0435,PRD_A204,Heavy Duty POS Lanyard Strap,Accessories,"Store-101 (Connaught Place, Delhi)",NEW,1,149.0,7.45,141.55,UPI
TXN_20240900417,2024-09-04,CUST_0269,PRD_E101,Paytm Soundbox 4.0 Pro,Electronics,"Store-105 (Park Street, Kolkata)",NEW,1,1499.0,0.0,1499.0,Credit Card
TXN_20240900418,2024-09-04,CUST_0079,PRD_E101,Paytm Soundbox 4.0 Pro,Electronics,"Store-104 (Banjara Hills, Hyderabad)",RETURNING,3,1499.0,224.85,4272.15,UPI
TXN_20240900419,2024-09-04,CUST_0222,PRD_E103,Paytm Smart All-in-One POS,Electronics,"Store-104 (Banjara Hills, Hyderabad)",RETURNING,1,8499.0,424.95,8074.05,Credit Card
TXN_20240900420,2024-09-04,CUST_0281,PRD_E105,Dynamic Display QR Standee,Electronics,"Store-101 (Connaught Place, Delhi)",NEW,1,1299.0,0.0,1299.0,Credit Card
TXN_20240900421,2024-09-04,CUST_0391,PRD_E102,Paytm Card POS Terminal Neo,Electronics,"Store-105 (Park Street, Kolkata)",NEW,1,4999.0,0.0,4999.0,Credit Card
TXN_20240900422,2024-09-04,CUST_0288,PRD_A204,Heavy Duty POS Lanyard Strap,Accessories,"Store-105 (Park Street, Kolkata)",RETURNING,2,149.0,29.8,268.2,UPI
TXN_20240900423,2024-09-04,CUST_0474,PRD_A203,Thermal Receipt Rolls (Pack of 10),Accessories,"Store-101 (Connaught Place, Delhi)",NEW,1,299.0,0.0,299.0,UPI
TXN_20240900424,2024-09-04,CUST_0165,PRD_E104,Wireless Barcode Scanner BT,Electronics,"Store-101 (Connaught Place, Delhi)",RETURNING,3,1899.0,0.0,5697.0,Debit Card
TXN_20240900425,2024-09-04,CUST_0412,PRD_E105,Dynamic Display QR Standee,Electronics,"Store-102 (Indiranagar, Bengaluru)",NEW,1,1299.0,194.85,1104.15,UPI
TXN_20240900426,2024-09-04,CUST_0351,PRD_E104,Wireless Barcode Scanner BT,Electronics,"Store-101 (Connaught Place, Delhi)",NEW,1,1899.0,0.0,1899.0,Paytm Wallet
TXN_20240900427,2024-09-04,CUST_0475,PRD_E102,Paytm Card POS Terminal Neo,Electronics,"Store-103 (BKC, Mumbai)",NEW,1,4999.0,249.95,4749.05,UPI
TXN_20240900428,2024-09-04,CUST_0231,PRD_E105,Dynamic Display QR Standee,Electronics,"Store-103 (BKC, Mumbai)",RETURNING,1,1299.0,0.0,1299.0,UPI
TXN_20240900429,2024-09-04,CUST_0133,PRD_A202,POS Charging Cradle Dock,Accessories,"Store-105 (Park Street, Kolkata)",RETURNING,2,699.0,69.9,1328.1,UPI
TXN_20240900430,2024-09-04,CUST_0299,PRD_S401,Paytm Business Prime Subscription,Software & Services,"Store-105 (Park Street, Kolkata)",RETURNING,2,999.0,0.0,1998.0,Debit Card
TXN_20240900431,2024-09-04,CUST_0317,PRD_E103,Paytm Smart All-in-One POS,Electronics,"Store-104 (Banjara Hills, Hyderabad)",RETURNING,2,8499.0,0.0,16998.0,UPI
TXN_20240900432,2024-09-04,CUST_0437,PRD_S401,Paytm Business Prime Subscription,Software & Services,"Store-103 (BKC, Mumbai)",RETURNING,3,999.0,299.7,2697.3,Credit Card
TXN_20240900433,2024-09-04,CUST_0119,PRD_S403,Priority Settlement Annual Plan,Software & Services,"Store-105 (Park Street, Kolkata)",RETURNING,4,1999.0,0.0,7996.0,Debit Card
TXN_20240900434,2024-09-04,CUST_0273,PRD_E101,Paytm Soundbox 4.0 Pro,Electronics,"Store-102 (Indiranagar, Bengaluru)",RETURNING,1,1499.0,224.85,1274.15,UPI
TXN_20240900435,2024-09-04,CUST_0127,PRD_S402,Automated Tally Accounting Sync,Software & Services,"Store-103 (BKC, Mumbai)",RETURNING,1,1499.0,0.0,1499.0,UPI
TXN_20240900436,2024-09-04,CUST_0181,PRD_E104,Wireless Barcode Scanner BT,Electronics,"Store-103 (BKC, Mumbai)",RETURNING,1,1899.0,94.95,1804.05,Debit Card
TXN_20240900437,2024-09-04,CUST_0321,PRD_E103,Paytm Smart All-in-One POS,Electronics,"Store-104 (Banjara Hills, Hyderabad)",NEW,2,8499.0,1699.8,15298.2,UPI
TXN_20240900438,2024-09-04,CUST_0285,PRD_S402,Automated Tally Accounting Sync,Software & Services,"Store-102 (Indiranagar, Bengaluru)",NEW,1,1499.0,149.9,1349.1,Credit Card
TXN_20240900439,2024-09-04,CUST_0045,PRD_M302,Voice Box Mounting Bracket,Merchant Essentials,"Store-105 (Park Street, Kolkata)",RETURNING,3,249.0,37.35,709.65,UPI
TXN_20240900440,2024-09-04,CUST_0124,PRD_A203,Thermal Receipt Rolls (Pack of 10),Accessories,"Store-104 (Banjara Hills, Hyderabad)",NEW,3,299.0,134.55,762.45,UPI
TXN_20240900441,2024-09-04,CUST_0278,PRD_E102,Paytm Card POS Terminal Neo,Electronics,"Store-102 (Indiranagar, Bengaluru)",RETURNING,1,4999.0,0.0,4999.0,UPI
TXN_20240900442,2024-09-04,CUST_0353,PRD_M301,Acrylic QR Standee - Dual Bank,Merchant Essentials,"Store-105 (Park Street, Kolkata)",NEW,2,349.0,0.0,698.0,Net Banking
TXN_20240900443,2024-09-04,CUST_0395,PRD_E102,Paytm Card POS Terminal Neo,Electronics,"Store-105 (Park Street, Kolkata)",RETURNING,2,4999.0,499.9,9498.1,Paytm Wallet
TXN_20240900444,2024-09-04,CUST_0061,PRD_E102,Paytm Card POS Terminal Neo,Electronics,"Store-102 (Indiranagar, Bengaluru)",NEW,1,4999.0,499.9,4499.1,Net Banking
TXN_20240900445,2024-09-04,CUST_0212,PRD_S403,Priority Settlement Annual Plan,Software & Services,"Store-103 (BKC, Mumbai)",RETURNING,1,1999.0,199.9,1799.1,Paytm Wallet
TXN_20240900446,2024-09-04,CUST_0141,PRD_E102,Paytm Card POS Terminal Neo,Electronics,"Store-102 (Indiranagar, Bengaluru)",NEW,1,4999.0,0.0,4999.0,Debit Card
TXN_20240900447,2024-09-04,CUST_0314,PRD_A204,Heavy Duty POS Lanyard Strap,Accessories,"Store-105 (Park Street, Kolkata)",NEW,1,149.0,0.0,149.0,UPI
TXN_20240900448,2024-09-04,CUST_0352,PRD_E101,Paytm Soundbox 4.0 Pro,Electronics,"Store-101 (Connaught Place, Delhi)",RETURNING,1,1499.0,74.95,1424.05,Credit Card
TXN_20240900449,2024-09-04,CUST_0365,PRD_A205,Bluetooth Audio Dongle Mini,Accessories,"Store-102 (Indiranagar, Bengaluru)",NEW,2,399.0,39.9,758.1,UPI
TXN_20240900450,2024-09-04,CUST_0099,PRD_E103,Paytm Smart All-in-One POS,Electronics,"Store-104 (Banjara Hills, Hyderabad)",NEW,2,8499.0,0.0,16998.0,UPI
TXN_20240900451,2024-09-04,CUST_0212,PRD_E103,Paytm Smart All-in-One POS,Electronics,"Store-102 (Indiranagar, Bengaluru)",RETURNING,3,8499.0,3824.55,21672.45,Paytm Wallet
TXN_20240900452,2024-09-04,CUST_0444,PRD_A204,Heavy Duty POS Lanyard Strap,Accessories,"Store-103 (BKC, Mumbai)",RETURNING,2,149.0,0.0,298.0,Debit Card
TXN_20240900453,2024-09-04,CUST_0312,PRD_M302,Voice Box Mounting Bracket,Merchant Essentials,"Store-104 (Banjara Hills, Hyderabad)",NEW,1,249.0,0.0,249.0,Paytm Wallet
TXN_20240900454,2024-09-05,CUST_0305,PRD_A202,POS Charging Cradle Dock,Accessories,"Store-101 (Connaught Place, Delhi)",RETURNING,1,699.0,69.9,629.1,UPI
TXN_20240900455,2024-09-05,CUST_0126,PRD_A201,Soundbox Replacement Battery,Accessories,"Store-104 (Banjara Hills, Hyderabad)",NEW,5,499.0,0.0,2495.0,UPI
TXN_20240900456,2024-09-05,CUST_0392,PRD_A205,Bluetooth Audio Dongle Mini,Accessories,"Store-101 (Connaught Place, Delhi)",RETURNING,1,399.0,39.9,359.1,Debit Card
TXN_20240900457,2024-09-05,CUST_0147,PRD_E105,Dynamic Display QR Standee,Electronics,"Store-104 (Banjara Hills, Hyderabad)",RETURNING,1,1299.0,64.95,1234.05,Net Banking
TXN_20240900458,2024-09-05,CUST_0238,PRD_M304,Merchant Branding Banner Kit,Merchant Essentials,"Store-104 (Banjara Hills, Hyderabad)",RETURNING,1,599.0,0.0,599.0,Credit Card
TXN_20240900459,2024-09-05,CUST_0458,PRD_M301,Acrylic QR Standee - Dual Bank,Merchant Essentials,"Store-102 (Indiranagar, Bengaluru)",RETURNING,1,349.0,0.0,349.0,UPI
TXN_20240900460,2024-09-05,CUST_0460,PRD_M301,Acrylic QR Standee - Dual Bank,Merchant Essentials,"Store-102 (Indiranagar, Bengaluru)",RETURNING,3,349.0,0.0,1047.0,Credit Card
TXN_20240900461,2024-09-05,CUST_0365,PRD_M303,Cash Drawer 4-Slot Auto-Open,Merchant Essentials,"Store-101 (Connaught Place, Delhi)",NEW,1,2299.0,114.95,2184.05,Credit Card
TXN_20240900462,2024-09-05,CUST_0044,PRD_A201,Soundbox Replacement Battery,Accessories,"Store-104 (Banjara Hills, Hyderabad)",RETURNING,1,499.0,24.95,474.05,UPI
TXN_20240900463,2024-09-05,CUST_0282,PRD_E104,Wireless Barcode Scanner BT,Electronics,"Store-102 (Indiranagar, Bengaluru)",RETURNING,2,1899.0,189.9,3608.1,UPI
TXN_20240900464,2024-09-05,CUST_0445,PRD_E102,Paytm Card POS Terminal Neo,Electronics,"Store-101 (Connaught Place, Delhi)",RETURNING,1,4999.0,499.9,4499.1,UPI
TXN_20240900465,2024-09-05,CUST_0321,PRD_E102,Paytm Card POS Terminal Neo,Electronics,"Store-102 (Indiranagar, Bengaluru)",NEW,3,4999.0,0.0,14997.0,Debit Card
TXN_20240900466,2024-09-05,CUST_0007,PRD_E105,Dynamic Display QR Standee,Electronics,"Store-104 (Banjara Hills, Hyderabad)",RETURNING,2,1299.0,259.8,2338.2,UPI
TXN_20240900467,2024-09-05,CUST_0302,PRD_M301,Acrylic QR Standee - Dual Bank,Merchant Essentials,"Store-104 (Banjara Hills, Hyderabad)",NEW,1,349.0,0.0,349.0,Credit Card
TXN_20240900468,2024-09-05,CUST_0126,PRD_S401,Paytm Business Prime Subscription,Software & Services,"Store-103 (BKC, Mumbai)",NEW,1,999.0,49.95,949.05,Debit Card
TXN_20240900469,2024-09-05,CUST_0026,PRD_E102,Paytm Card POS Terminal Neo,Electronics,"Store-101 (Connaught Place, Delhi)",RETURNING,2,4999.0,999.8,8998.2,Credit Card
TXN_20240900470,2024-09-05,CUST_0430,PRD_A204,Heavy Duty POS Lanyard Strap,Accessories,"Store-103 (BKC, Mumbai)",NEW,2,149.0,0.0,298.0,UPI
TXN_20240900471,2024-09-05,CUST_0092,PRD_E102,Paytm Card POS Terminal Neo,Electronics,"Store-103 (BKC, Mumbai)",RETURNING,1,4999.0,249.95,4749.05,Debit Card
TXN_20240900472,2024-09-05,CUST_0091,PRD_S403,Priority Settlement Annual Plan,Software & Services,"Store-105 (Park Street, Kolkata)",RETURNING,2,1999.0,399.8,3598.2,UPI
TXN_20240900473,2024-09-05,CUST_0460,PRD_E104,Wireless Barcode Scanner BT,Electronics,"Store-101 (Connaught Place, Delhi)",RETURNING,2,1899.0,0.0,3798.0,UPI
TXN_20240900474,2024-09-05,CUST_0063,PRD_M301,Acrylic QR Standee - Dual Bank,Merchant Essentials,"Store-103 (BKC, Mumbai)",RETURNING,1,349.0,0.0,349.0,UPI
TXN_20240900475,2024-09-05,CUST_0030,PRD_E102,Paytm Card POS Terminal Neo,Electronics,"Store-105 (Park Street, Kolkata)",NEW,5,4999.0,1249.75,23745.25,Credit Card
TXN_20240900476,2024-09-05,CUST_0479,PRD_M303,Cash Drawer 4-Slot Auto-Open,Merchant Essentials,"Store-103 (BKC, Mumbai)",RETURNING,1,2299.0,0.0,2299.0,Credit Card
TXN_20240900477,2024-09-05,CUST_0320,PRD_E104,Wireless Barcode Scanner BT,Electronics,"Store-102 (Indiranagar, Bengaluru)",RETURNING,1,1899.0,94.95,1804.05,UPI
TXN_20240900478,2024-09-05,CUST_0414,PRD_E102,Paytm Card POS Terminal Neo,Electronics,"Store-105 (Park Street, Kolkata)",NEW,1,4999.0,0.0,4999.0,UPI
TXN_20240900479,2024-09-05,CUST_0061,PRD_E101,Paytm Soundbox 4.0 Pro,Electronics,"Store-101 (Connaught Place, Delhi)",NEW,1,1499.0,0.0,1499.0,Credit Card
TXN_20240900480,2024-09-05,CUST_0213,PRD_E105,Dynamic Display QR Standee,Electronics,"Store-103 (BKC, Mumbai)",NEW,1,1299.0,129.9,1169.1,UPI
TXN_20240900481,2024-09-05,CUST_0328,PRD_E103,Paytm Smart All-in-One POS,Electronics,"Store-103 (BKC, Mumbai)",NEW,1,8499.0,0.0,8499.0,UPI
TXN_20240900482,2024-09-05,CUST_0282,PRD_E104,Wireless Barcode Scanner BT,Electronics,"Store-101 (Connaught Place, Delhi)",RETURNING,1,1899.0,0.0,1899.0,Credit Card
TXN_20240900483,2024-09-05,CUST_0492,PRD_E101,Paytm Soundbox 4.0 Pro,Electronics,"Store-102 (Indiranagar, Bengaluru)",NEW,1,1499.0,149.9,1349.1,Paytm Wallet
TXN_20240900484,2024-09-05,CUST_0246,PRD_S401,Paytm Business Prime Subscription,Software & Services,"Store-101 (Connaught Place, Delhi)",RETURNING,1,999.0,49.95,949.05,Net Banking
TXN_20240900485,2024-09-05,CUST_0275,PRD_S401,Paytm Business Prime Subscription,Software & Services,"Store-104 (Banjara Hills, Hyderabad)",NEW,2,999.0,0.0,1998.0,Credit Card
TXN_20240900486,2024-09-05,CUST_0428,PRD_A201,Soundbox Replacement Battery,Accessories,"Store-105 (Park Street, Kolkata)",NEW,1,499.0,0.0,499.0,UPI
TXN_20240900487,2024-09-05,CUST_0107,PRD_A203,Thermal Receipt Rolls (Pack of 10),Accessories,"Store-103 (BKC, Mumbai)",RETURNING,2,299.0,0.0,598.0,Paytm Wallet
TXN_20240900488,2024-09-05,CUST_0144,PRD_M304,Merchant Branding Banner Kit,Merchant Essentials,"Store-103 (BKC, Mumbai)",RETURNING,5,599.0,299.5,2695.5,Credit Card
TXN_20240900489,2024-09-05,CUST_0200,PRD_E102,Paytm Card POS Terminal Neo,Electronics,"Store-101 (Connaught Place, Delhi)",RETURNING,2,4999.0,499.9,9498.1,UPI
TXN_20240900490,2024-09-05,CUST_0017,PRD_E103,Paytm Smart All-in-One POS,Electronics,"Store-101 (Connaught Place, Delhi)",RETURNING,2,8499.0,849.9,16148.1,Paytm Wallet
TXN_20240900491,2024-09-05,CUST_0111,PRD_A201,Soundbox Replacement Battery,Accessories,"Store-102 (Indiranagar, Bengaluru)",RETURNING,1,499.0,49.9,449.1,Net Banking
TXN_20240900492,2024-09-05,CUST_0228,PRD_A201,Soundbox Replacement Battery,Accessories,"Store-104 (Banjara Hills, Hyderabad)",NEW,2,499.0,0.0,998.0,UPI
TXN_20240900493,2024-09-05,CUST_0248,PRD_M302,Voice Box Mounting Bracket,Merchant Essentials,"Store-105 (Park Street, Kolkata)",RETURNING,1,249.0,24.9,224.1,UPI
TXN_20240900494,2024-09-05,CUST_0481,PRD_A201,Soundbox Replacement Battery,Accessories,"Store-102 (Indiranagar, Bengaluru)",RETURNING,2,499.0,0.0,998.0,Debit Card
TXN_20240900495,2024-09-05,CUST_0060,PRD_E101,Paytm Soundbox 4.0 Pro,Electronics,"Store-101 (Connaught Place, Delhi)",RETURNING,1,1499.0,0.0,1499.0,UPI
TXN_20240900496,2024-09-05,CUST_0024,PRD_E102,Paytm Card POS Terminal Neo,Electronics,"Store-103 (BKC, Mumbai)",RETURNING,1,4999.0,249.95,4749.05,UPI
TXN_20240900497,2024-09-05,CUST_0103,PRD_E102,Paytm Card POS Terminal Neo,Electronics,"Store-103 (BKC, Mumbai)",NEW,1,4999.0,499.9,4499.1,Credit Card
TXN_20240900498,2024-09-05,CUST_0140,PRD_E102,Paytm Card POS Terminal Neo,Electronics,"Store-103 (BKC, Mumbai)",RETURNING,1,4999.0,249.95,4749.05,UPI
TXN_20240900499,2024-09-05,CUST_0278,PRD_E104,Wireless Barcode Scanner BT,Electronics,"Store-103 (BKC, Mumbai)",RETURNING,1,1899.0,189.9,1709.1,Credit Card
TXN_20240900500,2024-09-05,CUST_0088,PRD_E101,Paytm Soundbox 4.0 Pro,Electronics,"Store-105 (Park Street, Kolkata)",NEW,2,1499.0,149.9,2848.1,UPI
TXN_20240900501,2024-09-05,CUST_0015,PRD_E105,Dynamic Display QR Standee,Electronics,"Store-101 (Connaught Place, Delhi)",RETURNING,2,1299.0,0.0,2598.0,UPI
TXN_20240900502,2024-09-05,CUST_0306,PRD_S401,Paytm Business Prime Subscription,Software & Services,"Store-104 (Banjara Hills, Hyderabad)",RETURNING,1,999.0,99.9,899.1,Credit Card
TXN_20240900503,2024-09-05,CUST_0344,PRD_M303,Cash Drawer 4-Slot Auto-Open,Merchant Essentials,"Store-101 (Connaught Place, Delhi)",NEW,3,2299.0,689.7,6207.3,UPI
TXN_20240900504,2024-09-05,CUST_0068,PRD_E101,Paytm Soundbox 4.0 Pro,Electronics,"Store-104 (Banjara Hills, Hyderabad)",NEW,1,1499.0,0.0,1499.0,Credit Card
TXN_20240900505,2024-09-05,CUST_0393,PRD_E105,Dynamic Display QR Standee,Electronics,"Store-102 (Indiranagar, Bengaluru)",RETURNING,4,1299.0,519.6,4676.4,UPI
TXN_20240900506,2024-09-05,CUST_0187,PRD_E104,Wireless Barcode Scanner BT,Electronics,"Store-103 (BKC, Mumbai)",RETURNING,2,1899.0,189.9,3608.1,UPI
TXN_20240900507,2024-09-05,CUST_0244,PRD_E102,Paytm Card POS Terminal Neo,Electronics,"Store-104 (Banjara Hills, Hyderabad)",NEW,1,4999.0,0.0,4999.0,Debit Card
TXN_20240900508,2024-09-05,CUST_0310,PRD_A203,Thermal Receipt Rolls (Pack of 10),Accessories,"Store-105 (Park Street, Kolkata)",RETURNING,1,299.0,29.9,269.1,UPI
TXN_20240900509,2024-09-05,CUST_0333,PRD_E101,Paytm Soundbox 4.0 Pro,Electronics,"Store-103 (BKC, Mumbai)",RETURNING,1,1499.0,0.0,1499.0,Credit Card
TXN_20240900510,2024-09-05,CUST_0281,PRD_E102,Paytm Card POS Terminal Neo,Electronics,"Store-104 (Banjara Hills, Hyderabad)",NEW,1,4999.0,0.0,4999.0,Debit Card
TXN_20240900511,2024-09-05,CUST_0303,PRD_E105,Dynamic Display QR Standee,Electronics,"Store-104 (Banjara Hills, Hyderabad)",RETURNING,1,1299.0,64.95,1234.05,UPI
TXN_20240900512,2024-09-05,CUST_0343,PRD_E101,Paytm Soundbox 4.0 Pro,Electronics,"Store-105 (Park Street, Kolkata)",RETURNING,3,1499.0,224.85,4272.15,UPI
TXN_20240900513,2024-09-05,CUST_0050,PRD_M303,Cash Drawer 4-Slot Auto-Open,Merchant Essentials,"Store-102 (Indiranagar, Bengaluru)",RETURNING,1,2299.0,114.95,2184.05,Credit Card
TXN_20240900514,2024-09-05,CUST_0306,PRD_M303,Cash Drawer 4-Slot Auto-Open,Merchant Essentials,"Store-104 (Banjara Hills, Hyderabad)",RETURNING,1,2299.0,0.0,2299.0,UPI
TXN_20240900515,2024-09-05,CUST_0072,PRD_S401,Paytm Business Prime Subscription,Software & Services,"Store-101 (Connaught Place, Delhi)",RETURNING,2,999.0,99.9,1898.1,UPI
TXN_20240900516,2024-09-05,CUST_0316,PRD_A203,Thermal Receipt Rolls (Pack of 10),Accessories,"Store-102 (Indiranagar, Bengaluru)",RETURNING,1,299.0,0.0,299.0,Debit Card
TXN_20240900517,2024-09-05,CUST_0348,PRD_E104,Wireless Barcode Scanner BT,Electronics,"Store-104 (Banjara Hills, Hyderabad)",RETURNING,1,1899.0,284.85,1614.15,Credit Card
TXN_20240900518,2024-09-05,CUST_0314,PRD_S403,Priority Settlement Annual Plan,Software & Services,"Store-104 (Banjara Hills, Hyderabad)",NEW,2,1999.0,399.8,3598.2,UPI
TXN_20240900519,2024-09-05,CUST_0462,PRD_A202,POS Charging Cradle Dock,Accessories,"Store-101 (Connaught Place, Delhi)",NEW,1,699.0,34.95,664.05,Paytm Wallet
TXN_20240900520,2024-09-05,CUST_0057,PRD_M304,Merchant Branding Banner Kit,Merchant Essentials,"Store-101 (Connaught Place, Delhi)",NEW,1,599.0,29.95,569.05,UPI
TXN_20240900521,2024-09-05,CUST_0163,PRD_M301,Acrylic QR Standee - Dual Bank,Merchant Essentials,"Store-104 (Banjara Hills, Hyderabad)",RETURNING,1,349.0,17.45,331.55,UPI
TXN_20240900522,2024-09-05,CUST_0097,PRD_A202,POS Charging Cradle Dock,Accessories,"Store-103 (BKC, Mumbai)",RETURNING,3,699.0,314.55,1782.45,Credit Card
TXN_20240900523,2024-09-05,CUST_0069,PRD_E101,Paytm Soundbox 4.0 Pro,Electronics,"Store-101 (Connaught Place, Delhi)",RETURNING,1,1499.0,74.95,1424.05,Paytm Wallet
TXN_20240900524,2024-09-05,CUST_0070,PRD_E101,Paytm Soundbox 4.0 Pro,Electronics,"Store-104 (Banjara Hills, Hyderabad)",RETURNING,2,1499.0,149.9,2848.1,Paytm Wallet
TXN_20240900525,2024-09-05,CUST_0320,PRD_E102,Paytm Card POS Terminal Neo,Electronics,"Store-105 (Park Street, Kolkata)",RETURNING,1,4999.0,0.0,4999.0,UPI
TXN_20240900526,2024-09-05,CUST_0218,PRD_A204,Heavy Duty POS Lanyard Strap,Accessories,"Store-105 (Park Street, Kolkata)",NEW,1,149.0,7.45,141.55,Credit Card
TXN_20240900527,2024-09-05,CUST_0138,PRD_E105,Dynamic Display QR Standee,Electronics,"Store-105 (Park Street, Kolkata)",RETURNING,2,1299.0,0.0,2598.0,UPI
TXN_20240900528,2024-09-05,CUST_0189,PRD_E102,Paytm Card POS Terminal Neo,Electronics,"Store-104 (Banjara Hills, Hyderabad)",NEW,3,4999.0,0.0,14997.0,Credit Card
TXN_20240900529,2024-09-05,CUST_0270,PRD_S403,Priority Settlement Annual Plan,Software & Services,"Store-103 (BKC, Mumbai)",NEW,1,1999.0,0.0,1999.0,Net Banking
TXN_20240900530,2024-09-05,CUST_0046,PRD_E103,Paytm Smart All-in-One POS,Electronics,"Store-101 (Connaught Place, Delhi)",NEW,1,8499.0,424.95,8074.05,Credit Card
TXN_20240900531,2024-09-05,CUST_0314,PRD_E101,Paytm Soundbox 4.0 Pro,Electronics,"Store-103 (BKC, Mumbai)",NEW,1,1499.0,0.0,1499.0,UPI
TXN_20240900532,2024-09-05,CUST_0464,PRD_E105,Dynamic Display QR Standee,Electronics,"Store-103 (BKC, Mumbai)",RETURNING,1,1299.0,129.9,1169.1,UPI
TXN_20240900533,2024-09-05,CUST_0019,PRD_M301,Acrylic QR Standee - Dual Bank,Merchant Essentials,"Store-105 (Park Street, Kolkata)",RETURNING,1,349.0,17.45,331.55,UPI
TXN_20240900534,2024-09-05,CUST_0243,PRD_A203,Thermal Receipt Rolls (Pack of 10),Accessories,"Store-105 (Park Street, Kolkata)",NEW,1,299.0,44.85,254.15,Debit Card
TXN_20240900535,2024-09-05,CUST_0320,PRD_E101,Paytm Soundbox 4.0 Pro,Electronics,"Store-104 (Banjara Hills, Hyderabad)",RETURNING,1,1499.0,149.9,1349.1,UPI
TXN_20240900536,2024-09-05,CUST_0068,PRD_A204,Heavy Duty POS Lanyard Strap,Accessories,"Store-103 (BKC, Mumbai)",NEW,2,149.0,0.0,298.0,UPI
TXN_20240900537,2024-09-05,CUST_0090,PRD_S401,Paytm Business Prime Subscription,Software & Services,"Store-102 (Indiranagar, Bengaluru)",RETURNING,1,999.0,0.0,999.0,Debit Card
TXN_20240900538,2024-09-05,CUST_0121,PRD_E105,Dynamic Display QR Standee,Electronics,"Store-105 (Park Street, Kolkata)",RETURNING,2,1299.0,0.0,2598.0,UPI
TXN_20240900539,2024-09-05,CUST_0479,PRD_M303,Cash Drawer 4-Slot Auto-Open,Merchant Essentials,"Store-104 (Banjara Hills, Hyderabad)",RETURNING,2,2299.0,0.0,4598.0,Credit Card
TXN_20240900540,2024-09-05,CUST_0372,PRD_A205,Bluetooth Audio Dongle Mini,Accessories,"Store-102 (Indiranagar, Bengaluru)",NEW,1,399.0,39.9,359.1,UPI
TXN_20240900541,2024-09-05,CUST_0136,PRD_M302,Voice Box Mounting Bracket,Merchant Essentials,"Store-101 (Connaught Place, Delhi)",RETURNING,1,249.0,12.45,236.55,UPI
TXN_20240900542,2024-09-05,CUST_0486,PRD_M302,Voice Box Mounting Bracket,Merchant Essentials,"Store-105 (Park Street, Kolkata)",NEW,1,249.0,12.45,236.55,UPI
TXN_20240900543,2024-09-05,CUST_0135,PRD_E102,Paytm Card POS Terminal Neo,Electronics,"Store-104 (Banjara Hills, Hyderabad)",RETURNING,1,4999.0,0.0,4999.0,Credit Card
TXN_20240900544,2024-09-05,CUST_0493,PRD_A202,POS Charging Cradle Dock,Accessories,"Store-101 (Connaught Place, Delhi)",NEW,1,699.0,34.95,664.05,UPI
TXN_20240900545,2024-09-05,CUST_0433,PRD_E105,Dynamic Display QR Standee,Electronics,"Store-103 (BKC, Mumbai)",NEW,1,1299.0,0.0,1299.0,UPI
TXN_20240900546,2024-09-05,CUST_0336,PRD_A203,Thermal Receipt Rolls (Pack of 10),Accessories,"Store-104 (Banjara Hills, Hyderabad)",NEW,2,299.0,29.9,568.1,Credit Card
TXN_20240900547,2024-09-05,CUST_0302,PRD_M303,Cash Drawer 4-Slot Auto-Open,Merchant Essentials,"Store-105 (Park Street, Kolkata)",NEW,1,2299.0,114.95,2184.05,UPI
TXN_20240900548,2024-09-05,CUST_0281,PRD_E101,Paytm Soundbox 4.0 Pro,Electronics,"Store-101 (Connaught Place, Delhi)",NEW,2,1499.0,0.0,2998.0,UPI
TXN_20240900549,2024-09-05,CUST_0054,PRD_M301,Acrylic QR Standee - Dual Bank,Merchant Essentials,"Store-103 (BKC, Mumbai)",NEW,1,349.0,0.0,349.0,UPI
TXN_20240900550,2024-09-05,CUST_0013,PRD_A204,Heavy Duty POS Lanyard Strap,Accessories,"Store-101 (Connaught Place, Delhi)",RETURNING,3,149.0,44.7,402.3,Paytm Wallet
TXN_20240900551,2024-09-05,CUST_0327,PRD_E102,Paytm Card POS Terminal Neo,Electronics,"Store-101 (Connaught Place, Delhi)",NEW,1,4999.0,249.95,4749.05,UPI
TXN_20240900552,2024-09-05,CUST_0392,PRD_S401,Paytm Business Prime Subscription,Software & Services,"Store-105 (Park Street, Kolkata)",RETURNING,3,999.0,0.0,2997.0,UPI
TXN_20240900553,2024-09-05,CUST_0151,PRD_E105,Dynamic Display QR Standee,Electronics,"Store-101 (Connaught Place, Delhi)",RETURNING,1,1299.0,0.0,1299.0,UPI
TXN_20240900554,2024-09-05,CUST_0463,PRD_M301,Acrylic QR Standee - Dual Bank,Merchant Essentials,"Store-103 (BKC, Mumbai)",RETURNING,1,349.0,0.0,349.0,UPI
TXN_20240900555,2024-09-05,CUST_0199,PRD_E104,Wireless Barcode Scanner BT,Electronics,"Store-101 (Connaught Place, Delhi)",RETURNING,1,1899.0,0.0,1899.0,UPI
TXN_20240900556,2024-09-05,CUST_0476,PRD_E103,Paytm Smart All-in-One POS,Electronics,"Store-104 (Banjara Hills, Hyderabad)",NEW,1,8499.0,424.95,8074.05,UPI
TXN_20240900557,2024-09-05,CUST_0394,PRD_E105,Dynamic Display QR Standee,Electronics,"Store-105 (Park Street, Kolkata)",RETURNING,1,1299.0,64.95,1234.05,UPI
TXN_20240900558,2024-09-05,CUST_0038,PRD_E101,Paytm Soundbox 4.0 Pro,Electronics,"Store-103 (BKC, Mumbai)",RETURNING,3,1499.0,224.85,4272.15,Credit Card
TXN_20240900559,2024-09-05,CUST_0001,PRD_S402,Automated Tally Accounting Sync,Software & Services,"Store-104 (Banjara Hills, Hyderabad)",NEW,1,1499.0,74.95,1424.05,Net Banking
TXN_20240900560,2024-09-05,CUST_0295,PRD_E101,Paytm Soundbox 4.0 Pro,Electronics,"Store-104 (Banjara Hills, Hyderabad)",NEW,1,1499.0,0.0,1499.0,Credit Card
TXN_20240900561,2024-09-05,CUST_0416,PRD_M303,Cash Drawer 4-Slot Auto-Open,Merchant Essentials,"Store-105 (Park Street, Kolkata)",RETURNING,1,2299.0,114.95,2184.05,Debit Card
TXN_20240900562,2024-09-05,CUST_0063,PRD_A203,Thermal Receipt Rolls (Pack of 10),Accessories,"Store-103 (BKC, Mumbai)",RETURNING,1,299.0,0.0,299.0,Paytm Wallet
TXN_20240900563,2024-09-05,CUST_0332,PRD_E101,Paytm Soundbox 4.0 Pro,Electronics,"Store-105 (Park Street, Kolkata)",NEW,2,1499.0,0.0,2998.0,Debit Card
TXN_20240900564,2024-09-05,CUST_0390,PRD_M302,Voice Box Mounting Bracket,Merchant Essentials,"Store-102 (Indiranagar, Bengaluru)",RETURNING,2,249.0,0.0,498.0,UPI
TXN_20240900565,2024-09-05,CUST_0357,PRD_E104,Wireless Barcode Scanner BT,Electronics,"Store-101 (Connaught Place, Delhi)",NEW,1,1899.0,0.0,1899.0,UPI
TXN_20240900566,2024-09-05,CUST_0324,PRD_E105,Dynamic Display QR Standee,Electronics,"Store-102 (Indiranagar, Bengaluru)",NEW,1,1299.0,0.0,1299.0,Credit Card
TXN_20240900567,2024-09-06,CUST_0123,PRD_E105,Dynamic Display QR Standee,Electronics,"Store-101 (Connaught Place, Delhi)",NEW,2,1299.0,129.9,2468.1,UPI
TXN_20240900568,2024-09-06,CUST_0495,PRD_M304,Merchant Branding Banner Kit,Merchant Essentials,"Store-104 (Banjara Hills, Hyderabad)",NEW,3,599.0,0.0,1797.0,UPI
TXN_20240900569,2024-09-06,CUST_0173,PRD_M303,Cash Drawer 4-Slot Auto-Open,Merchant Essentials,"Store-101 (Connaught Place, Delhi)",RETURNING,2,2299.0,229.9,4368.1,UPI
TXN_20240900570,2024-09-06,CUST_0482,PRD_M301,Acrylic QR Standee - Dual Bank,Merchant Essentials,"Store-105 (Park Street, Kolkata)",RETURNING,1,349.0,52.35,296.65,UPI
TXN_20240900571,2024-09-06,CUST_0073,PRD_E105,Dynamic Display QR Standee,Electronics,"Store-101 (Connaught Place, Delhi)",RETURNING,1,1299.0,0.0,1299.0,Credit Card
TXN_20240900572,2024-09-06,CUST_0067,PRD_E101,Paytm Soundbox 4.0 Pro,Electronics,"Store-101 (Connaught Place, Delhi)",NEW,2,1499.0,299.8,2698.2,UPI
TXN_20240900573,2024-09-06,CUST_0313,PRD_E102,Paytm Card POS Terminal Neo,Electronics,"Store-105 (Park Street, Kolkata)",RETURNING,1,4999.0,0.0,4999.0,Credit Card
TXN_20240900574,2024-09-06,CUST_0316,PRD_E103,Paytm Smart All-in-One POS,Electronics,"Store-102 (Indiranagar, Bengaluru)",RETURNING,1,8499.0,1274.85,7224.15,Credit Card
TXN_20240900575,2024-09-06,CUST_0167,PRD_E102,Paytm Card POS Terminal Neo,Electronics,"Store-105 (Park Street, Kolkata)",NEW,1,4999.0,0.0,4999.0,Paytm Wallet
TXN_20240900576,2024-09-06,CUST_0110,PRD_M302,Voice Box Mounting Bracket,Merchant Essentials,"Store-105 (Park Street, Kolkata)",NEW,1,249.0,0.0,249.0,UPI
TXN_20240900577,2024-09-06,CUST_0388,PRD_E105,Dynamic Display QR Standee,Electronics,"Store-103 (BKC, Mumbai)",NEW,1,1299.0,0.0,1299.0,Paytm Wallet
TXN_20240900578,2024-09-06,CUST_0021,PRD_E102,Paytm Card POS Terminal Neo,Electronics,"Store-105 (Park Street, Kolkata)",RETURNING,2,4999.0,999.8,8998.2,UPI
TXN_20240900579,2024-09-06,CUST_0004,PRD_E102,Paytm Card POS Terminal Neo,Electronics,"Store-101 (Connaught Place, Delhi)",RETURNING,1,4999.0,0.0,4999.0,Credit Card
TXN_20240900580,2024-09-06,CUST_0406,PRD_M303,Cash Drawer 4-Slot Auto-Open,Merchant Essentials,"Store-102 (Indiranagar, Bengaluru)",RETURNING,1,2299.0,114.95,2184.05,UPI
TXN_20240900581,2024-09-06,CUST_0481,PRD_E102,Paytm Card POS Terminal Neo,Electronics,"Store-101 (Connaught Place, Delhi)",RETURNING,1,4999.0,249.95,4749.05,UPI
TXN_20240900582,2024-09-06,CUST_0424,PRD_M303,Cash Drawer 4-Slot Auto-Open,Merchant Essentials,"Store-103 (BKC, Mumbai)",NEW,1,2299.0,114.95,2184.05,UPI
TXN_20240900583,2024-09-06,CUST_0272,PRD_S403,Priority Settlement Annual Plan,Software & Services,"Store-105 (Park Street, Kolkata)",RETURNING,1,1999.0,99.95,1899.05,UPI
TXN_20240900584,2024-09-06,CUST_0395,PRD_A205,Bluetooth Audio Dongle Mini,Accessories,"Store-102 (Indiranagar, Bengaluru)",RETURNING,2,399.0,79.8,718.2,Credit Card
TXN_20240900585,2024-09-06,CUST_0496,PRD_S401,Paytm Business Prime Subscription,Software & Services,"Store-104 (Banjara Hills, Hyderabad)",RETURNING,1,999.0,0.0,999.0,Credit Card
TXN_20240900586,2024-09-06,CUST_0146,PRD_E103,Paytm Smart All-in-One POS,Electronics,"Store-103 (BKC, Mumbai)",RETURNING,1,8499.0,849.9,7649.1,UPI
TXN_20240900587,2024-09-06,CUST_0380,PRD_E101,Paytm Soundbox 4.0 Pro,Electronics,"Store-105 (Park Street, Kolkata)",RETURNING,1,1499.0,74.95,1424.05,UPI
TXN_20240900588,2024-09-06,CUST_0459,PRD_E103,Paytm Smart All-in-One POS,Electronics,"Store-104 (Banjara Hills, Hyderabad)",RETURNING,1,8499.0,0.0,8499.0,Credit Card
TXN_20240900589,2024-09-06,CUST_0167,PRD_E103,Paytm Smart All-in-One POS,Electronics,"Store-101 (Connaught Place, Delhi)",NEW,1,8499.0,0.0,8499.0,Credit Card
TXN_20240900590,2024-09-06,CUST_0446,PRD_E103,Paytm Smart All-in-One POS,Electronics,"Store-102 (Indiranagar, Bengaluru)",RETURNING,1,8499.0,0.0,8499.0,UPI
TXN_20240900591,2024-09-06,CUST_0111,PRD_S402,Automated Tally Accounting Sync,Software & Services,"Store-104 (Banjara Hills, Hyderabad)",RETURNING,1,1499.0,74.95,1424.05,UPI
TXN_20240900592,2024-09-06,CUST_0184,PRD_S403,Priority Settlement Annual Plan,Software & Services,"Store-102 (Indiranagar, Bengaluru)",NEW,1,1999.0,0.0,1999.0,Credit Card
TXN_20240900593,2024-09-06,CUST_0144,PRD_E102,Paytm Card POS Terminal Neo,Electronics,"Store-104 (Banjara Hills, Hyderabad)",RETURNING,2,4999.0,0.0,9998.0,Net Banking
TXN_20240900594,2024-09-06,CUST_0310,PRD_E102,Paytm Card POS Terminal Neo,Electronics,"Store-105 (Park Street, Kolkata)",RETURNING,2,4999.0,499.9,9498.1,UPI
TXN_20240900595,2024-09-06,CUST_0211,PRD_M304,Merchant Branding Banner Kit,Merchant Essentials,"Store-104 (Banjara Hills, Hyderabad)",NEW,2,599.0,0.0,1198.0,UPI
TXN_20240900596,2024-09-06,CUST_0237,PRD_E103,Paytm Smart All-in-One POS,Electronics,"Store-104 (Banjara Hills, Hyderabad)",NEW,1,8499.0,0.0,8499.0,UPI
TXN_20240900597,2024-09-06,CUST_0297,PRD_E103,Paytm Smart All-in-One POS,Electronics,"Store-105 (Park Street, Kolkata)",RETURNING,3,8499.0,2549.7,22947.3,UPI
TXN_20240900598,2024-09-06,CUST_0023,PRD_E101,Paytm Soundbox 4.0 Pro,Electronics,"Store-104 (Banjara Hills, Hyderabad)",RETURNING,1,1499.0,0.0,1499.0,UPI
TXN_20240900599,2024-09-06,CUST_0415,PRD_M303,Cash Drawer 4-Slot Auto-Open,Merchant Essentials,"Store-101 (Connaught Place, Delhi)",RETURNING,2,2299.0,229.9,4368.1,UPI
TXN_20240900600,2024-09-06,CUST_0375,PRD_E105,Dynamic Display QR Standee,Electronics,"Store-102 (Indiranagar, Bengaluru)",NEW,1,1299.0,0.0,1299.0,Credit Card
TXN_20240900601,2024-09-06,CUST_0047,PRD_E101,Paytm Soundbox 4.0 Pro,Electronics,"Store-103 (BKC, Mumbai)",NEW,1,1499.0,74.95,1424.05,Credit Card
TXN_20240900602,2024-09-06,CUST_0299,PRD_E101,Paytm Soundbox 4.0 Pro,Electronics,"Store-104 (Banjara Hills, Hyderabad)",RETURNING,2,1499.0,149.9,2848.1,UPI
TXN_20240900603,2024-09-06,CUST_0447,PRD_E104,Wireless Barcode Scanner BT,Electronics,"Store-104 (Banjara Hills, Hyderabad)",RETURNING,2,1899.0,189.9,3608.1,UPI
TXN_20240900604,2024-09-06,CUST_0354,PRD_E104,Wireless Barcode Scanner BT,Electronics,"Store-101 (Connaught Place, Delhi)",RETURNING,1,1899.0,94.95,1804.05,Credit Card
TXN_20240900605,2024-09-06,CUST_0295,PRD_M303,Cash Drawer 4-Slot Auto-Open,Merchant Essentials,"Store-101 (Connaught Place, Delhi)",NEW,1,2299.0,0.0,2299.0,Paytm Wallet
TXN_20240900606,2024-09-06,CUST_0264,PRD_S402,Automated Tally Accounting Sync,Software & Services,"Store-103 (BKC, Mumbai)",NEW,2,1499.0,0.0,2998.0,UPI
TXN_20240900607,2024-09-06,CUST_0317,PRD_E101,Paytm Soundbox 4.0 Pro,Electronics,"Store-103 (BKC, Mumbai)",RETURNING,1,1499.0,0.0,1499.0,Credit Card
TXN_20240900608,2024-09-06,CUST_0105,PRD_E102,Paytm Card POS Terminal Neo,Electronics,"Store-103 (BKC, Mumbai)",NEW,1,4999.0,0.0,4999.0,UPI
TXN_20240900609,2024-09-06,CUST_0481,PRD_M302,Voice Box Mounting Bracket,Merchant Essentials,"Store-102 (Indiranagar, Bengaluru)",RETURNING,2,249.0,0.0,498.0,Net Banking
TXN_20240900610,2024-09-06,CUST_0258,PRD_M301,Acrylic QR Standee - Dual Bank,Merchant Essentials,"Store-103 (BKC, Mumbai)",NEW,1,349.0,0.0,349.0,UPI
TXN_20240900611,2024-09-06,CUST_0257,PRD_A201,Soundbox Replacement Battery,Accessories,"Store-101 (Connaught Place, Delhi)",NEW,1,499.0,24.95,474.05,Debit Card
TXN_20240900612,2024-09-06,CUST_0461,PRD_E103,Paytm Smart All-in-One POS,Electronics,"Store-105 (Park Street, Kolkata)",RETURNING,1,8499.0,424.95,8074.05,Paytm Wallet
TXN_20240900613,2024-09-06,CUST_0453,PRD_E101,Paytm Soundbox 4.0 Pro,Electronics,"Store-104 (Banjara Hills, Hyderabad)",NEW,1,1499.0,0.0,1499.0,UPI
TXN_20240900614,2024-09-06,CUST_0491,PRD_S402,Automated Tally Accounting Sync,Software & Services,"Store-101 (Connaught Place, Delhi)",RETURNING,2,1499.0,0.0,2998.0,UPI
TXN_20240900615,2024-09-06,CUST_0105,PRD_A201,Soundbox Replacement Battery,Accessories,"Store-101 (Connaught Place, Delhi)",NEW,1,499.0,74.85,424.15,UPI
TXN_20240900616,2024-09-06,CUST_0068,PRD_E105,Dynamic Display QR Standee,Electronics,"Store-104 (Banjara Hills, Hyderabad)",NEW,1,1299.0,64.95,1234.05,UPI
TXN_20240900617,2024-09-06,CUST_0033,PRD_E101,Paytm Soundbox 4.0 Pro,Electronics,"Store-102 (Indiranagar, Bengaluru)",RETURNING,2,1499.0,0.0,2998.0,Credit Card
TXN_20240900618,2024-09-06,CUST_0336,PRD_A205,Bluetooth Audio Dongle Mini,Accessories,"Store-103 (BKC, Mumbai)",NEW,1,399.0,19.95,379.05,UPI
TXN_20240900619,2024-09-06,CUST_0281,PRD_E105,Dynamic Display QR Standee,Electronics,"Store-103 (BKC, Mumbai)",NEW,1,1299.0,129.9,1169.1,UPI
TXN_20240900620,2024-09-06,CUST_0405,PRD_E103,Paytm Smart All-in-One POS,Electronics,"Store-104 (Banjara Hills, Hyderabad)",RETURNING,1,8499.0,849.9,7649.1,UPI
TXN_20240900621,2024-09-06,CUST_0146,PRD_E105,Dynamic Display QR Standee,Electronics,"Store-102 (Indiranagar, Bengaluru)",RETURNING,2,1299.0,129.9,2468.1,UPI
TXN_20240900622,2024-09-06,CUST_0090,PRD_M304,Merchant Branding Banner Kit,Merchant Essentials,"Store-102 (Indiranagar, Bengaluru)",RETURNING,2,599.0,179.7,1018.3,Credit Card
TXN_20240900623,2024-09-06,CUST_0226,PRD_E103,Paytm Smart All-in-One POS,Electronics,"Store-102 (Indiranagar, Bengaluru)",RETURNING,1,8499.0,424.95,8074.05,Paytm Wallet
TXN_20240900624,2024-09-06,CUST_0076,PRD_E104,Wireless Barcode Scanner BT,Electronics,"Store-105 (Park Street, Kolkata)",NEW,3,1899.0,284.85,5412.15,UPI
TXN_20240900625,2024-09-06,CUST_0013,PRD_E105,Dynamic Display QR Standee,Electronics,"Store-104 (Banjara Hills, Hyderabad)",RETURNING,2,1299.0,389.7,2208.3,UPI
TXN_20240900626,2024-09-06,CUST_0497,PRD_M302,Voice Box Mounting Bracket,Merchant Essentials,"Store-105 (Park Street, Kolkata)",RETURNING,1,249.0,12.45,236.55,UPI
TXN_20240900627,2024-09-06,CUST_0484,PRD_M302,Voice Box Mounting Bracket,Merchant Essentials,"Store-105 (Park Street, Kolkata)",RETURNING,1,249.0,12.45,236.55,Paytm Wallet
TXN_20240900628,2024-09-06,CUST_0174,PRD_M301,Acrylic QR Standee - Dual Bank,Merchant Essentials,"Store-104 (Banjara Hills, Hyderabad)",NEW,2,349.0,0.0,698.0,Credit Card
TXN_20240900629,2024-09-06,CUST_0158,PRD_E101,Paytm Soundbox 4.0 Pro,Electronics,"Store-105 (Park Street, Kolkata)",RETURNING,2,1499.0,0.0,2998.0,UPI
TXN_20240900630,2024-09-06,CUST_0329,PRD_E102,Paytm Card POS Terminal Neo,Electronics,"Store-105 (Park Street, Kolkata)",NEW,1,4999.0,749.85,4249.15,UPI
TXN_20240900631,2024-09-06,CUST_0012,PRD_E101,Paytm Soundbox 4.0 Pro,Electronics,"Store-104 (Banjara Hills, Hyderabad)",RETURNING,1,1499.0,224.85,1274.15,UPI
TXN_20240900632,2024-09-06,CUST_0252,PRD_E104,Wireless Barcode Scanner BT,Electronics,"Store-105 (Park Street, Kolkata)",NEW,1,1899.0,0.0,1899.0,Credit Card
TXN_20240900633,2024-09-06,CUST_0204,PRD_E102,Paytm Card POS Terminal Neo,Electronics,"Store-104 (Banjara Hills, Hyderabad)",RETURNING,1,4999.0,0.0,4999.0,UPI
TXN_20240900634,2024-09-06,CUST_0229,PRD_M304,Merchant Branding Banner Kit,Merchant Essentials,"Store-101 (Connaught Place, Delhi)",RETURNING,1,599.0,29.95,569.05,UPI
TXN_20240900635,2024-09-06,CUST_0227,PRD_E103,Paytm Smart All-in-One POS,Electronics,"Store-104 (Banjara Hills, Hyderabad)",NEW,1,8499.0,0.0,8499.0,Debit Card
TXN_20240900636,2024-09-06,CUST_0307,PRD_E101,Paytm Soundbox 4.0 Pro,Electronics,"Store-102 (Indiranagar, Bengaluru)",NEW,1,1499.0,224.85,1274.15,UPI
TXN_20240900637,2024-09-06,CUST_0172,PRD_E101,Paytm Soundbox 4.0 Pro,Electronics,"Store-105 (Park Street, Kolkata)",NEW,2,1499.0,0.0,2998.0,UPI
TXN_20240900638,2024-09-06,CUST_0469,PRD_E103,Paytm Smart All-in-One POS,Electronics,"Store-102 (Indiranagar, Bengaluru)",RETURNING,1,8499.0,849.9,7649.1,UPI
TXN_20240900639,2024-09-06,CUST_0096,PRD_M304,Merchant Branding Banner Kit,Merchant Essentials,"Store-103 (BKC, Mumbai)",RETURNING,2,599.0,119.8,1078.2,Debit Card
TXN_20240900640,2024-09-06,CUST_0156,PRD_E105,Dynamic Display QR Standee,Electronics,"Store-104 (Banjara Hills, Hyderabad)",NEW,1,1299.0,129.9,1169.1,UPI
TXN_20240900641,2024-09-06,CUST_0154,PRD_S402,Automated Tally Accounting Sync,Software & Services,"Store-104 (Banjara Hills, Hyderabad)",RETURNING,1,1499.0,0.0,1499.0,UPI
TXN_20240900642,2024-09-06,CUST_0465,PRD_M301,Acrylic QR Standee - Dual Bank,Merchant Essentials,"Store-102 (Indiranagar, Bengaluru)",NEW,1,349.0,34.9,314.1,UPI
TXN_20240900643,2024-09-06,CUST_0497,PRD_E101,Paytm Soundbox 4.0 Pro,Electronics,"Store-103 (BKC, Mumbai)",RETURNING,1,1499.0,149.9,1349.1,Credit Card
TXN_20240900644,2024-09-06,CUST_0244,PRD_S403,Priority Settlement Annual Plan,Software & Services,"Store-101 (Connaught Place, Delhi)",NEW,1,1999.0,99.95,1899.05,UPI
TXN_20240900645,2024-09-06,CUST_0133,PRD_E102,Paytm Card POS Terminal Neo,Electronics,"Store-101 (Connaught Place, Delhi)",RETURNING,1,4999.0,249.95,4749.05,UPI
TXN_20240900646,2024-09-06,CUST_0028,PRD_E103,Paytm Smart All-in-One POS,Electronics,"Store-104 (Banjara Hills, Hyderabad)",RETURNING,1,8499.0,0.0,8499.0,UPI
TXN_20240900647,2024-09-06,CUST_0328,PRD_S402,Automated Tally Accounting Sync,Software & Services,"Store-105 (Park Street, Kolkata)",NEW,1,1499.0,74.95,1424.05,Debit Card
TXN_20240900648,2024-09-06,CUST_0307,PRD_M302,Voice Box Mounting Bracket,Merchant Essentials,"Store-105 (Park Street, Kolkata)",NEW,1,249.0,0.0,249.0,Debit Card
TXN_20240900649,2024-09-06,CUST_0410,PRD_E104,Wireless Barcode Scanner BT,Electronics,"Store-103 (BKC, Mumbai)",NEW,1,1899.0,94.95,1804.05,Debit Card
TXN_20240900650,2024-09-06,CUST_0007,PRD_E102,Paytm Card POS Terminal Neo,Electronics,"Store-103 (BKC, Mumbai)",RETURNING,1,4999.0,0.0,4999.0,Net Banking
TXN_20240900651,2024-09-06,CUST_0053,PRD_E103,Paytm Smart All-in-One POS,Electronics,"Store-105 (Park Street, Kolkata)",RETURNING,2,8499.0,1699.8,15298.2,Credit Card
TXN_20240900652,2024-09-06,CUST_0426,PRD_S402,Automated Tally Accounting Sync,Software & Services,"Store-105 (Park Street, Kolkata)",RETURNING,1,1499.0,149.9,1349.1,UPI
TXN_20240900653,2024-09-06,CUST_0470,PRD_E101,Paytm Soundbox 4.0 Pro,Electronics,"Store-102 (Indiranagar, Bengaluru)",NEW,2,1499.0,149.9,2848.1,UPI
TXN_20240900654,2024-09-06,CUST_0186,PRD_E102,Paytm Card POS Terminal Neo,Electronics,"Store-104 (Banjara Hills, Hyderabad)",NEW,2,4999.0,499.9,9498.1,Debit Card
TXN_20240900655,2024-09-06,CUST_0176,PRD_E102,Paytm Card POS Terminal Neo,Electronics,"Store-103 (BKC, Mumbai)",RETURNING,1,4999.0,0.0,4999.0,Debit Card
TXN_20240900656,2024-09-06,CUST_0073,PRD_M301,Acrylic QR Standee - Dual Bank,Merchant Essentials,"Store-103 (BKC, Mumbai)",RETURNING,2,349.0,0.0,698.0,Credit Card
TXN_20240900657,2024-09-06,CUST_0402,PRD_E102,Paytm Card POS Terminal Neo,Electronics,"Store-101 (Connaught Place, Delhi)",RETURNING,2,4999.0,0.0,9998.0,UPI
TXN_20240900658,2024-09-06,CUST_0407,PRD_M301,Acrylic QR Standee - Dual Bank,Merchant Essentials,"Store-105 (Park Street, Kolkata)",RETURNING,2,349.0,0.0,698.0,UPI
TXN_20240900659,2024-09-06,CUST_0342,PRD_E101,Paytm Soundbox 4.0 Pro,Electronics,"Store-101 (Connaught Place, Delhi)",RETURNING,2,1499.0,0.0,2998.0,Net Banking
TXN_20240900660,2024-09-06,CUST_0095,PRD_M301,Acrylic QR Standee - Dual Bank,Merchant Essentials,"Store-101 (Connaught Place, Delhi)",RETURNING,1,349.0,52.35,296.65,Paytm Wallet
TXN_20240900661,2024-09-06,CUST_0179,PRD_E104,Wireless Barcode Scanner BT,Electronics,"Store-105 (Park Street, Kolkata)",NEW,2,1899.0,189.9,3608.1,UPI
TXN_20240900662,2024-09-06,CUST_0035,PRD_E101,Paytm Soundbox 4.0 Pro,Electronics,"Store-105 (Park Street, Kolkata)",NEW,2,1499.0,149.9,2848.1,Credit Card
TXN_20240900663,2024-09-06,CUST_0494,PRD_E103,Paytm Smart All-in-One POS,Electronics,"Store-105 (Park Street, Kolkata)",RETURNING,1,8499.0,1274.85,7224.15,Paytm Wallet
TXN_20240900664,2024-09-06,CUST_0436,PRD_M301,Acrylic QR Standee - Dual Bank,Merchant Essentials,"Store-103 (BKC, Mumbai)",NEW,1,349.0,0.0,349.0,Credit Card
TXN_20240900665,2024-09-06,CUST_0055,PRD_E102,Paytm Card POS Terminal Neo,Electronics,"Store-103 (BKC, Mumbai)",RETURNING,5,4999.0,1249.75,23745.25,UPI
TXN_20240900666,2024-09-06,CUST_0390,PRD_S403,Priority Settlement Annual Plan,Software & Services,"Store-101 (Connaught Place, Delhi)",RETURNING,1,1999.0,99.95,1899.05,UPI
TXN_20240900667,2024-09-06,CUST_0148,PRD_A202,POS Charging Cradle Dock,Accessories,"Store-101 (Connaught Place, Delhi)",NEW,1,699.0,34.95,664.05,UPI
TXN_20240900668,2024-09-06,CUST_0234,PRD_A204,Heavy Duty POS Lanyard Strap,Accessories,"Store-103 (BKC, Mumbai)",RETURNING,1,149.0,0.0,149.0,UPI
TXN_20240900669,2024-09-06,CUST_0438,PRD_E105,Dynamic Display QR Standee,Electronics,"Store-101 (Connaught Place, Delhi)",RETURNING,2,1299.0,389.7,2208.3,UPI
TXN_20240900670,2024-09-06,CUST_0007,PRD_S403,Priority Settlement Annual Plan,Software & Services,"Store-104 (Banjara Hills, Hyderabad)",RETURNING,1,1999.0,99.95,1899.05,Credit Card
TXN_20240900671,2024-09-06,CUST_0062,PRD_E102,Paytm Card POS Terminal Neo,Electronics,"Store-104 (Banjara Hills, Hyderabad)",RETURNING,1,4999.0,249.95,4749.05,Net Banking
TXN_20240900672,2024-09-06,CUST_0087,PRD_E101,Paytm Soundbox 4.0 Pro,Electronics,"Store-102 (Indiranagar, Bengaluru)",RETURNING,1,1499.0,224.85,1274.15,UPI
TXN_20240900673,2024-09-06,CUST_0430,PRD_E105,Dynamic Display QR Standee,Electronics,"Store-104 (Banjara Hills, Hyderabad)",NEW,1,1299.0,64.95,1234.05,Credit Card
TXN_20240900674,2024-09-06,CUST_0140,PRD_M302,Voice Box Mounting Bracket,Merchant Essentials,"Store-104 (Banjara Hills, Hyderabad)",RETURNING,1,249.0,37.35,211.65,Paytm Wallet
TXN_20240900675,2024-09-06,CUST_0262,PRD_E103,Paytm Smart All-in-One POS,Electronics,"Store-104 (Banjara Hills, Hyderabad)",RETURNING,1,8499.0,424.95,8074.05,Credit Card
TXN_20240900676,2024-09-06,CUST_0069,PRD_E101,Paytm Soundbox 4.0 Pro,Electronics,"Store-101 (Connaught Place, Delhi)",RETURNING,2,1499.0,0.0,2998.0,UPI
TXN_20240900677,2024-09-06,CUST_0310,PRD_M301,Acrylic QR Standee - Dual Bank,Merchant Essentials,"Store-102 (Indiranagar, Bengaluru)",RETURNING,1,349.0,34.9,314.1,Credit Card
TXN_20240900678,2024-09-06,CUST_0267,PRD_M302,Voice Box Mounting Bracket,Merchant Essentials,"Store-104 (Banjara Hills, Hyderabad)",RETURNING,1,249.0,12.45,236.55,UPI
TXN_20240900679,2024-09-06,CUST_0176,PRD_M303,Cash Drawer 4-Slot Auto-Open,Merchant Essentials,"Store-105 (Park Street, Kolkata)",RETURNING,1,2299.0,0.0,2299.0,UPI
TXN_20240900680,2024-09-07,CUST_0197,PRD_E105,Dynamic Display QR Standee,Electronics,"Store-104 (Banjara Hills, Hyderabad)",RETURNING,2,1299.0,0.0,2598.0,Credit Card
TXN_20240900681,2024-09-07,CUST_0400,PRD_E104,Wireless Barcode Scanner BT,Electronics,"Store-102 (Indiranagar, Bengaluru)",NEW,1,1899.0,0.0,1899.0,Credit Card
TXN_20240900682,2024-09-07,CUST_0250,PRD_M302,Voice Box Mounting Bracket,Merchant Essentials,"Store-105 (Park Street, Kolkata)",NEW,1,249.0,12.45,236.55,Credit Card
TXN_20240900683,2024-09-07,CUST_0293,PRD_E105,Dynamic Display QR Standee,Electronics,"Store-105 (Park Street, Kolkata)",RETURNING,2,1299.0,0.0,2598.0,UPI
TXN_20240900684,2024-09-07,CUST_0498,PRD_E104,Wireless Barcode Scanner BT,Electronics,"Store-103 (BKC, Mumbai)",RETURNING,2,1899.0,0.0,3798.0,Credit Card
TXN_20240900685,2024-09-07,CUST_0066,PRD_M304,Merchant Branding Banner Kit,Merchant Essentials,"Store-103 (BKC, Mumbai)",RETURNING,2,599.0,119.8,1078.2,Credit Card
TXN_20240900686,2024-09-07,CUST_0195,PRD_E101,Paytm Soundbox 4.0 Pro,Electronics,"Store-103 (BKC, Mumbai)",NEW,5,1499.0,0.0,7495.0,UPI
TXN_20240900687,2024-09-07,CUST_0126,PRD_E103,Paytm Smart All-in-One POS,Electronics,"Store-103 (BKC, Mumbai)",NEW,1,8499.0,1274.85,7224.15,UPI
TXN_20240900688,2024-09-07,CUST_0157,PRD_E102,Paytm Card POS Terminal Neo,Electronics,"Store-102 (Indiranagar, Bengaluru)",RETURNING,1,4999.0,249.95,4749.05,Debit Card
TXN_20240900689,2024-09-07,CUST_0291,PRD_A201,Soundbox Replacement Battery,Accessories,"Store-104 (Banjara Hills, Hyderabad)",RETURNING,1,499.0,24.95,474.05,Paytm Wallet
TXN_20240900690,2024-09-07,CUST_0194,PRD_A203,Thermal Receipt Rolls (Pack of 10),Accessories,"Store-103 (BKC, Mumbai)",RETURNING,1,299.0,0.0,299.0,Credit Card
TXN_20240900691,2024-09-07,CUST_0173,PRD_E105,Dynamic Display QR Standee,Electronics,"Store-103 (BKC, Mumbai)",RETURNING,1,1299.0,194.85,1104.15,UPI
TXN_20240900692,2024-09-07,CUST_0326,PRD_M304,Merchant Branding Banner Kit,Merchant Essentials,"Store-101 (Connaught Place, Delhi)",RETURNING,2,599.0,0.0,1198.0,UPI
TXN_20240900693,2024-09-07,CUST_0294,PRD_E105,Dynamic Display QR Standee,Electronics,"Store-102 (Indiranagar, Bengaluru)",RETURNING,1,1299.0,64.95,1234.05,Credit Card
TXN_20240900694,2024-09-07,CUST_0304,PRD_E104,Wireless Barcode Scanner BT,Electronics,"Store-101 (Connaught Place, Delhi)",NEW,1,1899.0,94.95,1804.05,UPI
TXN_20240900695,2024-09-07,CUST_0178,PRD_M303,Cash Drawer 4-Slot Auto-Open,Merchant Essentials,"Store-103 (BKC, Mumbai)",NEW,1,2299.0,0.0,2299.0,Credit Card
TXN_20240900696,2024-09-07,CUST_0161,PRD_E103,Paytm Smart All-in-One POS,Electronics,"Store-104 (Banjara Hills, Hyderabad)",RETURNING,1,8499.0,424.95,8074.05,UPI
TXN_20240900697,2024-09-07,CUST_0452,PRD_E101,Paytm Soundbox 4.0 Pro,Electronics,"Store-105 (Park Street, Kolkata)",RETURNING,2,1499.0,0.0,2998.0,Paytm Wallet
TXN_20240900698,2024-09-07,CUST_0381,PRD_S402,Automated Tally Accounting Sync,Software & Services,"Store-103 (BKC, Mumbai)",NEW,3,1499.0,224.85,4272.15,Credit Card
TXN_20240900699,2024-09-07,CUST_0394,PRD_S401,Paytm Business Prime Subscription,Software & Services,"Store-105 (Park Street, Kolkata)",RETURNING,2,999.0,0.0,1998.0,UPI
TXN_20240900700,2024-09-07,CUST_0124,PRD_E102,Paytm Card POS Terminal Neo,Electronics,"Store-103 (BKC, Mumbai)",NEW,2,4999.0,0.0,9998.0,Debit Card
TXN_20240900701,2024-09-07,CUST_0467,PRD_E101,Paytm Soundbox 4.0 Pro,Electronics,"Store-102 (Indiranagar, Bengaluru)",NEW,2,1499.0,0.0,2998.0,UPI
TXN_20240900702,2024-09-07,CUST_0083,PRD_E103,Paytm Smart All-in-One POS,Electronics,"Store-105 (Park Street, Kolkata)",NEW,1,8499.0,0.0,8499.0,UPI
TXN_20240900703,2024-09-07,CUST_0015,PRD_E103,Paytm Smart All-in-One POS,Electronics,"Store-103 (BKC, Mumbai)",RETURNING,1,8499.0,0.0,8499.0,Credit Card
TXN_20240900704,2024-09-07,CUST_0019,PRD_E103,Paytm Smart All-in-One POS,Electronics,"Store-103 (BKC, Mumbai)",RETURNING,1,8499.0,849.9,7649.1,Credit Card
TXN_20240900705,2024-09-07,CUST_0091,PRD_A205,Bluetooth Audio Dongle Mini,Accessories,"Store-101 (Connaught Place, Delhi)",RETURNING,3,399.0,0.0,1197.0,Debit Card
TXN_20240900706,2024-09-07,CUST_0043,PRD_E104,Wireless Barcode Scanner BT,Electronics,"Store-103 (BKC, Mumbai)",RETURNING,2,1899.0,0.0,3798.0,UPI
TXN_20240900707,2024-09-07,CUST_0337,PRD_S401,Paytm Business Prime Subscription,Software & Services,"Store-104 (Banjara Hills, Hyderabad)",RETURNING,3,999.0,0.0,2997.0,UPI
TXN_20240900708,2024-09-07,CUST_0377,PRD_A201,Soundbox Replacement Battery,Accessories,"Store-101 (Connaught Place, Delhi)",NEW,1,499.0,49.9,449.1,Paytm Wallet
TXN_20240900709,2024-09-07,CUST_0477,PRD_A201,Soundbox Replacement Battery,Accessories,"Store-104 (Banjara Hills, Hyderabad)",RETURNING,3,499.0,0.0,1497.0,Debit Card
TXN_20240900710,2024-09-07,CUST_0169,PRD_M304,Merchant Branding Banner Kit,Merchant Essentials,"Store-104 (Banjara Hills, Hyderabad)",NEW,2,599.0,59.9,1138.1,Paytm Wallet
TXN_20240900711,2024-09-07,CUST_0112,PRD_E102,Paytm Card POS Terminal Neo,Electronics,"Store-102 (Indiranagar, Bengaluru)",RETURNING,1,4999.0,0.0,4999.0,Debit Card
TXN_20240900712,2024-09-07,CUST_0029,PRD_E105,Dynamic Display QR Standee,Electronics,"Store-103 (BKC, Mumbai)",RETURNING,2,1299.0,129.9,2468.1,UPI
TXN_20240900713,2024-09-07,CUST_0127,PRD_S403,Priority Settlement Annual Plan,Software & Services,"Store-102 (Indiranagar, Bengaluru)",RETURNING,1,1999.0,199.9,1799.1,UPI
TXN_20240900714,2024-09-07,CUST_0496,PRD_S401,Paytm Business Prime Subscription,Software & Services,"Store-101 (Connaught Place, Delhi)",RETURNING,2,999.0,299.7,1698.3,Credit Card
TXN_20240900715,2024-09-07,CUST_0404,PRD_M301,Acrylic QR Standee - Dual Bank,Merchant Essentials,"Store-103 (BKC, Mumbai)",RETURNING,1,349.0,52.35,296.65,UPI
TXN_20240900716,2024-09-07,CUST_0416,PRD_M301,Acrylic QR Standee - Dual Bank,Merchant Essentials,"Store-105 (Park Street, Kolkata)",RETURNING,2,349.0,0.0,698.0,Net Banking
TXN_20240900717,2024-09-07,CUST_0202,PRD_S402,Automated Tally Accounting Sync,Software & Services,"Store-103 (BKC, Mumbai)",RETURNING,1,1499.0,149.9,1349.1,UPI
TXN_20240900718,2024-09-07,CUST_0441,PRD_S401,Paytm Business Prime Subscription,Software & Services,"Store-104 (Banjara Hills, Hyderabad)",RETURNING,1,999.0,99.9,899.1,UPI
TXN_20240900719,2024-09-07,CUST_0018,PRD_E103,Paytm Smart All-in-One POS,Electronics,"Store-101 (Connaught Place, Delhi)",RETURNING,2,8499.0,849.9,16148.1,UPI
TXN_20240900720,2024-09-07,CUST_0431,PRD_E104,Wireless Barcode Scanner BT,Electronics,"Store-104 (Banjara Hills, Hyderabad)",RETURNING,2,1899.0,379.8,3418.2,Credit Card
TXN_20240900721,2024-09-07,CUST_0260,PRD_E101,Paytm Soundbox 4.0 Pro,Electronics,"Store-104 (Banjara Hills, Hyderabad)",RETURNING,1,1499.0,74.95,1424.05,UPI
TXN_20240900722,2024-09-07,CUST_0015,PRD_M302,Voice Box Mounting Bracket,Merchant Essentials,"Store-102 (Indiranagar, Bengaluru)",RETURNING,1,249.0,0.0,249.0,UPI
TXN_20240900723,2024-09-07,CUST_0322,PRD_E104,Wireless Barcode Scanner BT,Electronics,"Store-105 (Park Street, Kolkata)",RETURNING,2,1899.0,189.9,3608.1,Paytm Wallet
TXN_20240900724,2024-09-07,CUST_0426,PRD_A205,Bluetooth Audio Dongle Mini,Accessories,"Store-102 (Indiranagar, Bengaluru)",RETURNING,2,399.0,79.8,718.2,UPI
TXN_20240900725,2024-09-07,CUST_0245,PRD_M304,Merchant Branding Banner Kit,Merchant Essentials,"Store-102 (Indiranagar, Bengaluru)",RETURNING,1,599.0,59.9,539.1,Debit Card
TXN_20240900726,2024-09-07,CUST_0102,PRD_E101,Paytm Soundbox 4.0 Pro,Electronics,"Store-103 (BKC, Mumbai)",NEW,1,1499.0,149.9,1349.1,Paytm Wallet
TXN_20240900727,2024-09-07,CUST_0453,PRD_A203,Thermal Receipt Rolls (Pack of 10),Accessories,"Store-101 (Connaught Place, Delhi)",NEW,3,299.0,134.55,762.45,Credit Card
TXN_20240900728,2024-09-07,CUST_0321,PRD_E103,Paytm Smart All-in-One POS,Electronics,"Store-101 (Connaught Place, Delhi)",NEW,3,8499.0,0.0,25497.0,Credit Card
TXN_20240900729,2024-09-07,CUST_0087,PRD_E101,Paytm Soundbox 4.0 Pro,Electronics,"Store-105 (Park Street, Kolkata)",RETURNING,1,1499.0,0.0,1499.0,UPI
TXN_20240900730,2024-09-07,CUST_0485,PRD_A203,Thermal Receipt Rolls (Pack of 10),Accessories,"Store-101 (Connaught Place, Delhi)",RETURNING,1,299.0,44.85,254.15,UPI
TXN_20240900731,2024-09-07,CUST_0345,PRD_E105,Dynamic Display QR Standee,Electronics,"Store-102 (Indiranagar, Bengaluru)",RETURNING,2,1299.0,259.8,2338.2,Debit Card
TXN_20240900732,2024-09-07,CUST_0148,PRD_M302,Voice Box Mounting Bracket,Merchant Essentials,"Store-104 (Banjara Hills, Hyderabad)",NEW,1,249.0,24.9,224.1,Credit Card
TXN_20240900733,2024-09-07,CUST_0422,PRD_E103,Paytm Smart All-in-One POS,Electronics,"Store-102 (Indiranagar, Bengaluru)",RETURNING,1,8499.0,0.0,8499.0,UPI
TXN_20240900734,2024-09-07,CUST_0135,PRD_E103,Paytm Smart All-in-One POS,Electronics,"Store-104 (Banjara Hills, Hyderabad)",RETURNING,2,8499.0,849.9,16148.1,UPI
TXN_20240900735,2024-09-07,CUST_0006,PRD_E105,Dynamic Display QR Standee,Electronics,"Store-103 (BKC, Mumbai)",RETURNING,3,1299.0,0.0,3897.0,UPI
TXN_20240900736,2024-09-07,CUST_0217,PRD_M302,Voice Box Mounting Bracket,Merchant Essentials,"Store-103 (BKC, Mumbai)",NEW,1,249.0,12.45,236.55,UPI
TXN_20240900737,2024-09-07,CUST_0477,PRD_E103,Paytm Smart All-in-One POS,Electronics,"Store-103 (BKC, Mumbai)",RETURNING,5,8499.0,6374.25,36120.75,Credit Card
TXN_20240900738,2024-09-07,CUST_0384,PRD_M303,Cash Drawer 4-Slot Auto-Open,Merchant Essentials,"Store-101 (Connaught Place, Delhi)",RETURNING,1,2299.0,0.0,2299.0,UPI
TXN_20240900739,2024-09-07,CUST_0190,PRD_E102,Paytm Card POS Terminal Neo,Electronics,"Store-105 (Park Street, Kolkata)",NEW,1,4999.0,0.0,4999.0,UPI
TXN_20240900740,2024-09-07,CUST_0253,PRD_S402,Automated Tally Accounting Sync,Software & Services,"Store-104 (Banjara Hills, Hyderabad)",RETURNING,1,1499.0,74.95,1424.05,UPI
TXN_20240900741,2024-09-07,CUST_0060,PRD_E104,Wireless Barcode Scanner BT,Electronics,"Store-102 (Indiranagar, Bengaluru)",RETURNING,1,1899.0,0.0,1899.0,UPI
TXN_20240900742,2024-09-07,CUST_0221,PRD_E103,Paytm Smart All-in-One POS,Electronics,"Store-103 (BKC, Mumbai)",RETURNING,1,8499.0,0.0,8499.0,UPI
TXN_20240900743,2024-09-07,CUST_0458,PRD_E102,Paytm Card POS Terminal Neo,Electronics,"Store-104 (Banjara Hills, Hyderabad)",RETURNING,3,4999.0,1499.7,13497.3,Credit Card
TXN_20240900744,2024-09-07,CUST_0409,PRD_E105,Dynamic Display QR Standee,Electronics,"Store-102 (Indiranagar, Bengaluru)",NEW,1,1299.0,0.0,1299.0,UPI
TXN_20240900745,2024-09-07,CUST_0134,PRD_E102,Paytm Card POS Terminal Neo,Electronics,"Store-104 (Banjara Hills, Hyderabad)",RETURNING,1,4999.0,749.85,4249.15,UPI
TXN_20240900746,2024-09-07,CUST_0183,PRD_S403,Priority Settlement Annual Plan,Software & Services,"Store-105 (Park Street, Kolkata)",RETURNING,1,1999.0,199.9,1799.1,Debit Card
TXN_20240900747,2024-09-07,CUST_0064,PRD_E104,Wireless Barcode Scanner BT,Electronics,"Store-102 (Indiranagar, Bengaluru)",NEW,2,1899.0,0.0,3798.0,UPI
TXN_20240900748,2024-09-07,CUST_0261,PRD_M303,Cash Drawer 4-Slot Auto-Open,Merchant Essentials,"Store-105 (Park Street, Kolkata)",RETURNING,2,2299.0,229.9,4368.1,Paytm Wallet
TXN_20240900749,2024-09-07,CUST_0270,PRD_M302,Voice Box Mounting Bracket,Merchant Essentials,"Store-102 (Indiranagar, Bengaluru)",NEW,1,249.0,0.0,249.0,Debit Card
TXN_20240900750,2024-09-07,CUST_0347,PRD_E101,Paytm Soundbox 4.0 Pro,Electronics,"Store-103 (BKC, Mumbai)",RETURNING,1,1499.0,74.95,1424.05,UPI
TXN_20240900751,2024-09-07,CUST_0303,PRD_S402,Automated Tally Accounting Sync,Software & Services,"Store-101 (Connaught Place, Delhi)",RETURNING,3,1499.0,0.0,4497.0,Debit Card
TXN_20240900752,2024-09-07,CUST_0338,PRD_E105,Dynamic Display QR Standee,Electronics,"Store-103 (BKC, Mumbai)",RETURNING,2,1299.0,389.7,2208.3,Credit Card
TXN_20240900753,2024-09-07,CUST_0487,PRD_E105,Dynamic Display QR Standee,Electronics,"Store-105 (Park Street, Kolkata)",RETURNING,1,1299.0,129.9,1169.1,UPI
TXN_20240900754,2024-09-07,CUST_0409,PRD_E101,Paytm Soundbox 4.0 Pro,Electronics,"Store-101 (Connaught Place, Delhi)",NEW,1,1499.0,74.95,1424.05,UPI
TXN_20240900755,2024-09-07,CUST_0131,PRD_E102,Paytm Card POS Terminal Neo,Electronics,"Store-104 (Banjara Hills, Hyderabad)",NEW,1,4999.0,499.9,4499.1,UPI
TXN_20240900756,2024-09-07,CUST_0400,PRD_E105,Dynamic Display QR Standee,Electronics,"Store-102 (Indiranagar, Bengaluru)",NEW,1,1299.0,64.95,1234.05,UPI
TXN_20240900757,2024-09-07,CUST_0413,PRD_S402,Automated Tally Accounting Sync,Software & Services,"Store-105 (Park Street, Kolkata)",RETURNING,1,1499.0,149.9,1349.1,UPI
TXN_20240900758,2024-09-07,CUST_0251,PRD_E105,Dynamic Display QR Standee,Electronics,"Store-104 (Banjara Hills, Hyderabad)",RETURNING,1,1299.0,0.0,1299.0,Debit Card
TXN_20240900759,2024-09-07,CUST_0416,PRD_E104,Wireless Barcode Scanner BT,Electronics,"Store-102 (Indiranagar, Bengaluru)",RETURNING,1,1899.0,0.0,1899.0,UPI
TXN_20240900760,2024-09-07,CUST_0238,PRD_M301,Acrylic QR Standee - Dual Bank,Merchant Essentials,"Store-102 (Indiranagar, Bengaluru)",RETURNING,3,349.0,52.35,994.65,UPI
TXN_20240900761,2024-09-07,CUST_0240,PRD_E105,Dynamic Display QR Standee,Electronics,"Store-104 (Banjara Hills, Hyderabad)",NEW,1,1299.0,194.85,1104.15,Credit Card
TXN_20240900762,2024-09-07,CUST_0154,PRD_M304,Merchant Branding Banner Kit,Merchant Essentials,"Store-105 (Park Street, Kolkata)",RETURNING,1,599.0,29.95,569.05,Net Banking
TXN_20240900763,2024-09-07,CUST_0263,PRD_E102,Paytm Card POS Terminal Neo,Electronics,"Store-104 (Banjara Hills, Hyderabad)",RETURNING,1,4999.0,249.95,4749.05,Debit Card
TXN_20240900764,2024-09-07,CUST_0182,PRD_E103,Paytm Smart All-in-One POS,Electronics,"Store-101 (Connaught Place, Delhi)",NEW,2,8499.0,0.0,16998.0,Credit Card
TXN_20240900765,2024-09-07,CUST_0237,PRD_E102,Paytm Card POS Terminal Neo,Electronics,"Store-102 (Indiranagar, Bengaluru)",NEW,2,4999.0,0.0,9998.0,UPI
TXN_20240900766,2024-09-07,CUST_0361,PRD_E103,Paytm Smart All-in-One POS,Electronics,"Store-105 (Park Street, Kolkata)",RETURNING,1,8499.0,0.0,8499.0,Debit Card
TXN_20240900767,2024-09-07,CUST_0175,PRD_S403,Priority Settlement Annual Plan,Software & Services,"Store-102 (Indiranagar, Bengaluru)",NEW,1,1999.0,0.0,1999.0,Paytm Wallet
TXN_20240900768,2024-09-07,CUST_0133,PRD_M304,Merchant Branding Banner Kit,Merchant Essentials,"Store-101 (Connaught Place, Delhi)",RETURNING,2,599.0,0.0,1198.0,UPI
TXN_20240900769,2024-09-07,CUST_0336,PRD_E105,Dynamic Display QR Standee,Electronics,"Store-104 (Banjara Hills, Hyderabad)",NEW,2,1299.0,389.7,2208.3,Credit Card
TXN_20240900770,2024-09-07,CUST_0250,PRD_E104,Wireless Barcode Scanner BT,Electronics,"Store-105 (Park Street, Kolkata)",NEW,1,1899.0,94.95,1804.05,Credit Card
TXN_20240900771,2024-09-07,CUST_0203,PRD_M303,Cash Drawer 4-Slot Auto-Open,Merchant Essentials,"Store-101 (Connaught Place, Delhi)",RETURNING,2,2299.0,0.0,4598.0,UPI
TXN_20240900772,2024-09-07,CUST_0497,PRD_E102,Paytm Card POS Terminal Neo,Electronics,"Store-101 (Connaught Place, Delhi)",RETURNING,1,4999.0,249.95,4749.05,UPI
TXN_20240900773,2024-09-07,CUST_0321,PRD_M304,Merchant Branding Banner Kit,Merchant Essentials,"Store-105 (Park Street, Kolkata)",NEW,1,599.0,0.0,599.0,UPI
TXN_20240900774,2024-09-07,CUST_0243,PRD_E105,Dynamic Display QR Standee,Electronics,"Store-101 (Connaught Place, Delhi)",NEW,1,1299.0,0.0,1299.0,Credit Card
TXN_20240900775,2024-09-07,CUST_0494,PRD_E105,Dynamic Display QR Standee,Electronics,"Store-101 (Connaught Place, Delhi)",RETURNING,2,1299.0,0.0,2598.0,Credit Card
TXN_20240900776,2024-09-07,CUST_0427,PRD_E104,Wireless Barcode Scanner BT,Electronics,"Store-103 (BKC, Mumbai)",RETURNING,1,1899.0,94.95,1804.05,Paytm Wallet
TXN_20240900777,2024-09-07,CUST_0435,PRD_E105,Dynamic Display QR Standee,Electronics,"Store-105 (Park Street, Kolkata)",NEW,1,1299.0,64.95,1234.05,UPI
TXN_20240900778,2024-09-07,CUST_0250,PRD_E105,Dynamic Display QR Standee,Electronics,"Store-105 (Park Street, Kolkata)",NEW,1,1299.0,64.95,1234.05,Credit Card
TXN_20240900779,2024-09-07,CUST_0419,PRD_M304,Merchant Branding Banner Kit,Merchant Essentials,"Store-102 (Indiranagar, Bengaluru)",NEW,1,599.0,29.95,569.05,UPI
TXN_20240900780,2024-09-07,CUST_0162,PRD_A202,POS Charging Cradle Dock,Accessories,"Store-103 (BKC, Mumbai)",NEW,2,699.0,0.0,1398.0,UPI
TXN_20240900781,2024-09-07,CUST_0254,PRD_A204,Heavy Duty POS Lanyard Strap,Accessories,"Store-103 (BKC, Mumbai)",RETURNING,1,149.0,0.0,149.0,Credit Card
TXN_20240900782,2024-09-07,CUST_0241,PRD_E104,Wireless Barcode Scanner BT,Electronics,"Store-102 (Indiranagar, Bengaluru)",RETURNING,1,1899.0,94.95,1804.05,Paytm Wallet
TXN_20240900783,2024-09-07,CUST_0437,PRD_M304,Merchant Branding Banner Kit,Merchant Essentials,"Store-104 (Banjara Hills, Hyderabad)",RETURNING,1,599.0,29.95,569.05,Paytm Wallet
TXN_20240900784,2024-09-07,CUST_0427,PRD_S402,Automated Tally Accounting Sync,Software & Services,"Store-103 (BKC, Mumbai)",RETURNING,2,1499.0,299.8,2698.2,Credit Card
TXN_20240900785,2024-09-07,CUST_0145,PRD_M301,Acrylic QR Standee - Dual Bank,Merchant Essentials,"Store-101 (Connaught Place, Delhi)",RETURNING,2,349.0,0.0,698.0,Credit Card
TXN_20240900786,2024-09-07,CUST_0052,PRD_M303,Cash Drawer 4-Slot Auto-Open,Merchant Essentials,"Store-104 (Banjara Hills, Hyderabad)",NEW,1,2299.0,0.0,2299.0,UPI
TXN_20240900787,2024-09-07,CUST_0010,PRD_E104,Wireless Barcode Scanner BT,Electronics,"Store-103 (BKC, Mumbai)",RETURNING,2,1899.0,379.8,3418.2,Net Banking
TXN_20240900788,2024-09-07,CUST_0017,PRD_M303,Cash Drawer 4-Slot Auto-Open,Merchant Essentials,"Store-103 (BKC, Mumbai)",RETURNING,1,2299.0,0.0,2299.0,UPI
TXN_20240900789,2024-09-07,CUST_0133,PRD_S403,Priority Settlement Annual Plan,Software & Services,"Store-103 (BKC, Mumbai)",RETURNING,2,1999.0,199.9,3798.1,Net Banking
TXN_20240900790,2024-09-07,CUST_0437,PRD_M301,Acrylic QR Standee - Dual Bank,Merchant Essentials,"Store-105 (Park Street, Kolkata)",RETURNING,2,349.0,0.0,698.0,Paytm Wallet
TXN_20240900791,2024-09-07,CUST_0410,PRD_E105,Dynamic Display QR Standee,Electronics,"Store-101 (Connaught Place, Delhi)",NEW,3,1299.0,389.7,3507.3,Credit Card
TXN_20240900792,2024-09-07,CUST_0440,PRD_S402,Automated Tally Accounting Sync,Software & Services,"Store-105 (Park Street, Kolkata)",RETURNING,2,1499.0,149.9,2848.1,Net Banking
TXN_20240900793,2024-09-07,CUST_0467,PRD_E104,Wireless Barcode Scanner BT,Electronics,"Store-103 (BKC, Mumbai)",NEW,1,1899.0,189.9,1709.1,UPI
TXN_20240900794,2024-09-07,CUST_0446,PRD_E101,Paytm Soundbox 4.0 Pro,Electronics,"Store-103 (BKC, Mumbai)",RETURNING,2,1499.0,299.8,2698.2,UPI
TXN_20240900795,2024-09-07,CUST_0213,PRD_M303,Cash Drawer 4-Slot Auto-Open,Merchant Essentials,"Store-101 (Connaught Place, Delhi)",NEW,1,2299.0,229.9,2069.1,UPI
TXN_20240900796,2024-09-07,CUST_0259,PRD_E102,Paytm Card POS Terminal Neo,Electronics,"Store-103 (BKC, Mumbai)",RETURNING,1,4999.0,0.0,4999.0,Credit Card
TXN_20240900797,2024-09-07,CUST_0078,PRD_M302,Voice Box Mounting Bracket,Merchant Essentials,"Store-105 (Park Street, Kolkata)",RETURNING,2,249.0,49.8,448.2,UPI
TXN_20240900798,2024-09-07,CUST_0210,PRD_S401,Paytm Business Prime Subscription,Software & Services,"Store-105 (Park Street, Kolkata)",RETURNING,2,999.0,0.0,1998.0,UPI
TXN_20240900799,2024-09-07,CUST_0006,PRD_M302,Voice Box Mounting Bracket,Merchant Essentials,"Store-105 (Park Street, Kolkata)",RETURNING,4,249.0,0.0,996.0,Paytm Wallet
TXN_20240900800,2024-09-07,CUST_0085,PRD_E105,Dynamic Display QR Standee,Electronics,"Store-104 (Banjara Hills, Hyderabad)",RETURNING,2,1299.0,129.9,2468.1,Net Banking
TXN_20240900801,2024-09-07,CUST_0030,PRD_S403,Priority Settlement Annual Plan,Software & Services,"Store-105 (Park Street, Kolkata)",NEW,3,1999.0,0.0,5997.0,Net Banking
TXN_20240900802,2024-09-07,CUST_0359,PRD_A202,POS Charging Cradle Dock,Accessories,"Store-103 (BKC, Mumbai)",NEW,1,699.0,0.0,699.0,UPI
TXN_20240900803,2024-09-07,CUST_0424,PRD_E103,Paytm Smart All-in-One POS,Electronics,"Store-105 (Park Street, Kolkata)",NEW,1,8499.0,0.0,8499.0,UPI
TXN_20240900804,2024-09-07,CUST_0330,PRD_E103,Paytm Smart All-in-One POS,Electronics,"Store-105 (Park Street, Kolkata)",RETURNING,1,8499.0,0.0,8499.0,UPI
TXN_20240900805,2024-09-07,CUST_0416,PRD_M303,Cash Drawer 4-Slot Auto-Open,Merchant Essentials,"Store-104 (Banjara Hills, Hyderabad)",RETURNING,2,2299.0,0.0,4598.0,UPI
TXN_20240900806,2024-09-07,CUST_0200,PRD_M302,Voice Box Mounting Bracket,Merchant Essentials,"Store-102 (Indiranagar, Bengaluru)",RETURNING,1,249.0,0.0,249.0,UPI
TXN_20240900807,2024-09-08,CUST_0267,PRD_E104,Wireless Barcode Scanner BT,Electronics,"Store-102 (Indiranagar, Bengaluru)",RETURNING,1,1899.0,94.95,1804.05,UPI
TXN_20240900808,2024-09-08,CUST_0427,PRD_M303,Cash Drawer 4-Slot Auto-Open,Merchant Essentials,"Store-104 (Banjara Hills, Hyderabad)",RETURNING,6,2299.0,0.0,13794.0,UPI
TXN_20240900809,2024-09-08,CUST_0322,PRD_A201,Soundbox Replacement Battery,Accessories,"Store-101 (Connaught Place, Delhi)",RETURNING,1,499.0,0.0,499.0,UPI
TXN_20240900810,2024-09-08,CUST_0378,PRD_E101,Paytm Soundbox 4.0 Pro,Electronics,"Store-103 (BKC, Mumbai)",RETURNING,5,1499.0,1124.25,6370.75,Credit Card
TXN_20240900811,2024-09-08,CUST_0458,PRD_S402,Automated Tally Accounting Sync,Software & Services,"Store-105 (Park Street, Kolkata)",RETURNING,3,1499.0,0.0,4497.0,Credit Card
TXN_20240900812,2024-09-08,CUST_0418,PRD_M302,Voice Box Mounting Bracket,Merchant Essentials,"Store-102 (Indiranagar, Bengaluru)",NEW,1,249.0,12.45,236.55,UPI
TXN_20240900813,2024-09-08,CUST_0168,PRD_A201,Soundbox Replacement Battery,Accessories,"Store-102 (Indiranagar, Bengaluru)",RETURNING,2,499.0,0.0,998.0,Credit Card
TXN_20240900814,2024-09-08,CUST_0425,PRD_E105,Dynamic Display QR Standee,Electronics,"Store-101 (Connaught Place, Delhi)",RETURNING,1,1299.0,64.95,1234.05,UPI
TXN_20240900815,2024-09-08,CUST_0190,PRD_M301,Acrylic QR Standee - Dual Bank,Merchant Essentials,"Store-104 (Banjara Hills, Hyderabad)",NEW,1,349.0,17.45,331.55,UPI
TXN_20240900816,2024-09-08,CUST_0136,PRD_A203,Thermal Receipt Rolls (Pack of 10),Accessories,"Store-104 (Banjara Hills, Hyderabad)",RETURNING,5,299.0,224.25,1270.75,Credit Card
TXN_20240900817,2024-09-08,CUST_0214,PRD_M303,Cash Drawer 4-Slot Auto-Open,Merchant Essentials,"Store-102 (Indiranagar, Bengaluru)",RETURNING,1,2299.0,114.95,2184.05,Paytm Wallet
TXN_20240900818,2024-09-08,CUST_0263,PRD_M304,Merchant Branding Banner Kit,Merchant Essentials,"Store-101 (Connaught Place, Delhi)",RETURNING,1,599.0,0.0,599.0,UPI
TXN_20240900819,2024-09-08,CUST_0287,PRD_E104,Wireless Barcode Scanner BT,Electronics,"Store-101 (Connaught Place, Delhi)",RETURNING,1,1899.0,0.0,1899.0,Credit Card
TXN_20240900820,2024-09-08,CUST_0021,PRD_A201,Soundbox Replacement Battery,Accessories,"Store-101 (Connaught Place, Delhi)",RETURNING,1,499.0,0.0,499.0,UPI
TXN_20240900821,2024-09-08,CUST_0406,PRD_E102,Paytm Card POS Terminal Neo,Electronics,"Store-105 (Park Street, Kolkata)",RETURNING,1,4999.0,0.0,4999.0,UPI
TXN_20240900822,2024-09-08,CUST_0094,PRD_M303,Cash Drawer 4-Slot Auto-Open,Merchant Essentials,"Store-104 (Banjara Hills, Hyderabad)",RETURNING,1,2299.0,0.0,2299.0,UPI
TXN_20240900823,2024-09-08,CUST_0247,PRD_A203,Thermal Receipt Rolls (Pack of 10),Accessories,"Store-105 (Park Street, Kolkata)",RETURNING,1,299.0,0.0,299.0,Debit Card
TXN_20240900824,2024-09-08,CUST_0427,PRD_A204,Heavy Duty POS Lanyard Strap,Accessories,"Store-102 (Indiranagar, Bengaluru)",RETURNING,1,149.0,0.0,149.0,UPI
TXN_20240900825,2024-09-08,CUST_0444,PRD_M302,Voice Box Mounting Bracket,Merchant Essentials,"Store-101 (Connaught Place, Delhi)",RETURNING,2,249.0,0.0,498.0,UPI
TXN_20240900826,2024-09-08,CUST_0203,PRD_E104,Wireless Barcode Scanner BT,Electronics,"Store-101 (Connaught Place, Delhi)",RETURNING,3,1899.0,284.85,5412.15,Credit Card
TXN_20240900827,2024-09-08,CUST_0444,PRD_E102,Paytm Card POS Terminal Neo,Electronics,"Store-101 (Connaught Place, Delhi)",RETURNING,1,4999.0,249.95,4749.05,Credit Card
TXN_20240900828,2024-09-08,CUST_0064,PRD_A205,Bluetooth Audio Dongle Mini,Accessories,"Store-101 (Connaught Place, Delhi)",NEW,1,399.0,19.95,379.05,Credit Card
TXN_20240900829,2024-09-08,CUST_0028,PRD_S402,Automated Tally Accounting Sync,Software & Services,"Store-105 (Park Street, Kolkata)",RETURNING,1,1499.0,149.9,1349.1,UPI
TXN_20240900830,2024-09-08,CUST_0480,PRD_A202,POS Charging Cradle Dock,Accessories,"Store-101 (Connaught Place, Delhi)",NEW,1,699.0,0.0,699.0,Debit Card
TXN_20240900831,2024-09-08,CUST_0430,PRD_S401,Paytm Business Prime Subscription,Software & Services,"Store-104 (Banjara Hills, Hyderabad)",NEW,1,999.0,49.95,949.05,UPI
TXN_20240900832,2024-09-08,CUST_0302,PRD_E101,Paytm Soundbox 4.0 Pro,Electronics,"Store-101 (Connaught Place, Delhi)",NEW,1,1499.0,0.0,1499.0,UPI
TXN_20240900833,2024-09-08,CUST_0271,PRD_E104,Wireless Barcode Scanner BT,Electronics,"Store-103 (BKC, Mumbai)",RETURNING,1,1899.0,94.95,1804.05,UPI
TXN_20240900834,2024-09-08,CUST_0094,PRD_E103,Paytm Smart All-in-One POS,Electronics,"Store-101 (Connaught Place, Delhi)",RETURNING,1,8499.0,424.95,8074.05,UPI
TXN_20240900835,2024-09-08,CUST_0493,PRD_E104,Wireless Barcode Scanner BT,Electronics,"Store-101 (Connaught Place, Delhi)",NEW,1,1899.0,0.0,1899.0,UPI
TXN_20240900836,2024-09-08,CUST_0073,PRD_E105,Dynamic Display QR Standee,Electronics,"Store-103 (BKC, Mumbai)",RETURNING,1,1299.0,129.9,1169.1,UPI
TXN_20240900837,2024-09-08,CUST_0123,PRD_M302,Voice Box Mounting Bracket,Merchant Essentials,"Store-105 (Park Street, Kolkata)",NEW,1,249.0,12.45,236.55,UPI
TXN_20240900838,2024-09-08,CUST_0487,PRD_E102,Paytm Card POS Terminal Neo,Electronics,"Store-101 (Connaught Place, Delhi)",RETURNING,1,4999.0,0.0,4999.0,UPI
TXN_20240900839,2024-09-08,CUST_0325,PRD_E103,Paytm Smart All-in-One POS,Electronics,"Store-101 (Connaught Place, Delhi)",RETURNING,1,8499.0,424.95,8074.05,UPI
TXN_20240900840,2024-09-08,CUST_0285,PRD_A205,Bluetooth Audio Dongle Mini,Accessories,"Store-102 (Indiranagar, Bengaluru)",NEW,1,399.0,0.0,399.0,UPI
TXN_20240900841,2024-09-08,CUST_0326,PRD_A201,Soundbox Replacement Battery,Accessories,"Store-102 (Indiranagar, Bengaluru)",RETURNING,1,499.0,49.9,449.1,UPI
TXN_20240900842,2024-09-08,CUST_0217,PRD_S403,Priority Settlement Annual Plan,Software & Services,"Store-105 (Park Street, Kolkata)",NEW,1,1999.0,0.0,1999.0,UPI
TXN_20240900843,2024-09-08,CUST_0425,PRD_A204,Heavy Duty POS Lanyard Strap,Accessories,"Store-102 (Indiranagar, Bengaluru)",RETURNING,1,149.0,7.45,141.55,Credit Card
TXN_20240900844,2024-09-08,CUST_0430,PRD_M301,Acrylic QR Standee - Dual Bank,Merchant Essentials,"Store-103 (BKC, Mumbai)",NEW,2,349.0,0.0,698.0,Debit Card
TXN_20240900845,2024-09-08,CUST_0145,PRD_E101,Paytm Soundbox 4.0 Pro,Electronics,"Store-105 (Park Street, Kolkata)",RETURNING,1,1499.0,0.0,1499.0,UPI
TXN_20240900846,2024-09-08,CUST_0072,PRD_M302,Voice Box Mounting Bracket,Merchant Essentials,"Store-103 (BKC, Mumbai)",RETURNING,3,249.0,37.35,709.65,Debit Card
TXN_20240900847,2024-09-08,CUST_0453,PRD_M301,Acrylic QR Standee - Dual Bank,Merchant Essentials,"Store-103 (BKC, Mumbai)",NEW,1,349.0,52.35,296.65,Credit Card
TXN_20240900848,2024-09-08,CUST_0140,PRD_E103,Paytm Smart All-in-One POS,Electronics,"Store-103 (BKC, Mumbai)",RETURNING,1,8499.0,424.95,8074.05,UPI
TXN_20240900849,2024-09-08,CUST_0355,PRD_E102,Paytm Card POS Terminal Neo,Electronics,"Store-101 (Connaught Place, Delhi)",NEW,1,4999.0,0.0,4999.0,UPI
TXN_20240900850,2024-09-08,CUST_0089,PRD_E105,Dynamic Display QR Standee,Electronics,"Store-104 (Banjara Hills, Hyderabad)",NEW,2,1299.0,129.9,2468.1,Debit Card
TXN_20240900851,2024-09-08,CUST_0333,PRD_A205,Bluetooth Audio Dongle Mini,Accessories,"Store-105 (Park Street, Kolkata)",RETURNING,1,399.0,19.95,379.05,Credit Card
TXN_20240900852,2024-09-08,CUST_0181,PRD_S403,Priority Settlement Annual Plan,Software & Services,"Store-104 (Banjara Hills, Hyderabad)",RETURNING,2,1999.0,0.0,3998.0,Debit Card
TXN_20240900853,2024-09-08,CUST_0357,PRD_S403,Priority Settlement Annual Plan,Software & Services,"Store-101 (Connaught Place, Delhi)",NEW,1,1999.0,299.85,1699.15,UPI
TXN_20240900854,2024-09-08,CUST_0114,PRD_M302,Voice Box Mounting Bracket,Merchant Essentials,"Store-103 (BKC, Mumbai)",NEW,1,249.0,12.45,236.55,UPI
TXN_20240900855,2024-09-08,CUST_0418,PRD_A204,Heavy Duty POS Lanyard Strap,Accessories,"Store-103 (BKC, Mumbai)",NEW,2,149.0,0.0,298.0,Paytm Wallet
TXN_20240900856,2024-09-08,CUST_0496,PRD_E104,Wireless Barcode Scanner BT,Electronics,"Store-103 (BKC, Mumbai)",RETURNING,1,1899.0,94.95,1804.05,UPI
TXN_20240900857,2024-09-08,CUST_0421,PRD_A205,Bluetooth Audio Dongle Mini,Accessories,"Store-101 (Connaught Place, Delhi)",NEW,2,399.0,39.9,758.1,UPI
TXN_20240900858,2024-09-08,CUST_0283,PRD_E102,Paytm Card POS Terminal Neo,Electronics,"Store-105 (Park Street, Kolkata)",NEW,1,4999.0,249.95,4749.05,UPI
TXN_20240900859,2024-09-08,CUST_0302,PRD_E102,Paytm Card POS Terminal Neo,Electronics,"Store-101 (Connaught Place, Delhi)",NEW,1,4999.0,749.85,4249.15,Debit Card
TXN_20240900860,2024-09-08,CUST_0452,PRD_A201,Soundbox Replacement Battery,Accessories,"Store-103 (BKC, Mumbai)",RETURNING,1,499.0,74.85,424.15,Credit Card
TXN_20240900861,2024-09-08,CUST_0273,PRD_A204,Heavy Duty POS Lanyard Strap,Accessories,"Store-105 (Park Street, Kolkata)",RETURNING,3,149.0,0.0,447.0,Credit Card
TXN_20240900862,2024-09-08,CUST_0333,PRD_E101,Paytm Soundbox 4.0 Pro,Electronics,"Store-103 (BKC, Mumbai)",RETURNING,1,1499.0,0.0,1499.0,Credit Card
TXN_20240900863,2024-09-08,CUST_0239,PRD_E105,Dynamic Display QR Standee,Electronics,"Store-105 (Park Street, Kolkata)",RETURNING,2,1299.0,0.0,2598.0,UPI
TXN_20240900864,2024-09-08,CUST_0216,PRD_A202,POS Charging Cradle Dock,Accessories,"Store-103 (BKC, Mumbai)",RETURNING,2,699.0,0.0,1398.0,Credit Card
TXN_20240900865,2024-09-08,CUST_0013,PRD_S403,Priority Settlement Annual Plan,Software & Services,"Store-102 (Indiranagar, Bengaluru)",RETURNING,3,1999.0,0.0,5997.0,UPI
TXN_20240900866,2024-09-08,CUST_0085,PRD_E104,Wireless Barcode Scanner BT,Electronics,"Store-101 (Connaught Place, Delhi)",RETURNING,2,1899.0,189.9,3608.1,Debit Card
TXN_20240900867,2024-09-08,CUST_0304,PRD_M303,Cash Drawer 4-Slot Auto-Open,Merchant Essentials,"Store-103 (BKC, Mumbai)",NEW,2,2299.0,0.0,4598.0,UPI
TXN_20240900868,2024-09-08,CUST_0491,PRD_E104,Wireless Barcode Scanner BT,Electronics,"Store-101 (Connaught Place, Delhi)",RETURNING,2,1899.0,0.0,3798.0,UPI
TXN_20240900869,2024-09-08,CUST_0308,PRD_A204,Heavy Duty POS Lanyard Strap,Accessories,"Store-101 (Connaught Place, Delhi)",RETURNING,1,149.0,0.0,149.0,UPI
TXN_20240900870,2024-09-08,CUST_0018,PRD_E104,Wireless Barcode Scanner BT,Electronics,"Store-101 (Connaught Place, Delhi)",RETURNING,3,1899.0,569.7,5127.3,UPI
TXN_20240900871,2024-09-08,CUST_0313,PRD_A205,Bluetooth Audio Dongle Mini,Accessories,"Store-101 (Connaught Place, Delhi)",RETURNING,2,399.0,0.0,798.0,Debit Card
TXN_20240900872,2024-09-08,CUST_0206,PRD_E101,Paytm Soundbox 4.0 Pro,Electronics,"Store-104 (Banjara Hills, Hyderabad)",NEW,1,1499.0,74.95,1424.05,Credit Card
TXN_20240900873,2024-09-08,CUST_0006,PRD_E105,Dynamic Display QR Standee,Electronics,"Store-104 (Banjara Hills, Hyderabad)",RETURNING,2,1299.0,129.9,2468.1,UPI
TXN_20240900874,2024-09-08,CUST_0481,PRD_M301,Acrylic QR Standee - Dual Bank,Merchant Essentials,"Store-101 (Connaught Place, Delhi)",RETURNING,1,349.0,0.0,349.0,UPI
TXN_20240900875,2024-09-08,CUST_0305,PRD_M302,Voice Box Mounting Bracket,Merchant Essentials,"Store-105 (Park Street, Kolkata)",RETURNING,3,249.0,37.35,709.65,Credit Card
TXN_20240900876,2024-09-08,CUST_0132,PRD_E104,Wireless Barcode Scanner BT,Electronics,"Store-104 (Banjara Hills, Hyderabad)",RETURNING,1,1899.0,0.0,1899.0,Debit Card
TXN_20240900877,2024-09-08,CUST_0031,PRD_E102,Paytm Card POS Terminal Neo,Electronics,"Store-105 (Park Street, Kolkata)",NEW,1,4999.0,749.85,4249.15,Debit Card
TXN_20240900878,2024-09-08,CUST_0160,PRD_A203,Thermal Receipt Rolls (Pack of 10),Accessories,"Store-105 (Park Street, Kolkata)",NEW,2,299.0,0.0,598.0,UPI
TXN_20240900879,2024-09-08,CUST_0176,PRD_E103,Paytm Smart All-in-One POS,Electronics,"Store-101 (Connaught Place, Delhi)",RETURNING,1,8499.0,0.0,8499.0,UPI
TXN_20240900880,2024-09-08,CUST_0420,PRD_M304,Merchant Branding Banner Kit,Merchant Essentials,"Store-101 (Connaught Place, Delhi)",NEW,1,599.0,0.0,599.0,UPI
TXN_20240900881,2024-09-08,CUST_0466,PRD_E103,Paytm Smart All-in-One POS,Electronics,"Store-101 (Connaught Place, Delhi)",RETURNING,1,8499.0,424.95,8074.05,Paytm Wallet
TXN_20240900882,2024-09-08,CUST_0308,PRD_M301,Acrylic QR Standee - Dual Bank,Merchant Essentials,"Store-105 (Park Street, Kolkata)",RETURNING,1,349.0,0.0,349.0,UPI
TXN_20240900883,2024-09-08,CUST_0054,PRD_E105,Dynamic Display QR Standee,Electronics,"Store-101 (Connaught Place, Delhi)",NEW,1,1299.0,194.85,1104.15,Credit Card
TXN_20240900884,2024-09-08,CUST_0355,PRD_E103,Paytm Smart All-in-One POS,Electronics,"Store-105 (Park Street, Kolkata)",NEW,1,8499.0,424.95,8074.05,Debit Card
TXN_20240900885,2024-09-08,CUST_0418,PRD_E104,Wireless Barcode Scanner BT,Electronics,"Store-104 (Banjara Hills, Hyderabad)",NEW,1,1899.0,0.0,1899.0,Paytm Wallet
TXN_20240900886,2024-09-08,CUST_0186,PRD_E101,Paytm Soundbox 4.0 Pro,Electronics,"Store-103 (BKC, Mumbai)",NEW,1,1499.0,0.0,1499.0,UPI
TXN_20240900887,2024-09-08,CUST_0100,PRD_A205,Bluetooth Audio Dongle Mini,Accessories,"Store-103 (BKC, Mumbai)",RETURNING,2,399.0,0.0,798.0,UPI
TXN_20240900888,2024-09-08,CUST_0454,PRD_E103,Paytm Smart All-in-One POS,Electronics,"Store-102 (Indiranagar, Bengaluru)",NEW,1,8499.0,424.95,8074.05,UPI
TXN_20240900889,2024-09-08,CUST_0012,PRD_E102,Paytm Card POS Terminal Neo,Electronics,"Store-103 (BKC, Mumbai)",RETURNING,3,4999.0,749.85,14247.15,UPI
TXN_20240900890,2024-09-08,CUST_0404,PRD_S401,Paytm Business Prime Subscription,Software & Services,"Store-103 (BKC, Mumbai)",RETURNING,3,999.0,0.0,2997.0,Debit Card
TXN_20240900891,2024-09-08,CUST_0339,PRD_E102,Paytm Card POS Terminal Neo,Electronics,"Store-105 (Park Street, Kolkata)",NEW,3,4999.0,2249.55,12747.45,Net Banking
TXN_20240900892,2024-09-08,CUST_0450,PRD_M301,Acrylic QR Standee - Dual Bank,Merchant Essentials,"Store-101 (Connaught Place, Delhi)",RETURNING,1,349.0,34.9,314.1,UPI
TXN_20240900893,2024-09-08,CUST_0194,PRD_M301,Acrylic QR Standee - Dual Bank,Merchant Essentials,"Store-103 (BKC, Mumbai)",RETURNING,1,349.0,0.0,349.0,UPI
TXN_20240900894,2024-09-08,CUST_0316,PRD_A203,Thermal Receipt Rolls (Pack of 10),Accessories,"Store-105 (Park Street, Kolkata)",RETURNING,2,299.0,0.0,598.0,Credit Card
TXN_20240900895,2024-09-08,CUST_0144,PRD_M304,Merchant Branding Banner Kit,Merchant Essentials,"Store-105 (Park Street, Kolkata)",RETURNING,3,599.0,0.0,1797.0,UPI
TXN_20240900896,2024-09-08,CUST_0241,PRD_M303,Cash Drawer 4-Slot Auto-Open,Merchant Essentials,"Store-105 (Park Street, Kolkata)",RETURNING,1,2299.0,229.9,2069.1,Credit Card
TXN_20240900897,2024-09-08,CUST_0261,PRD_E104,Wireless Barcode Scanner BT,Electronics,"Store-105 (Park Street, Kolkata)",RETURNING,1,1899.0,0.0,1899.0,Credit Card
TXN_20240900898,2024-09-08,CUST_0367,PRD_S402,Automated Tally Accounting Sync,Software & Services,"Store-104 (Banjara Hills, Hyderabad)",NEW,1,1499.0,0.0,1499.0,Paytm Wallet
TXN_20240900899,2024-09-08,CUST_0299,PRD_A205,Bluetooth Audio Dongle Mini,Accessories,"Store-102 (Indiranagar, Bengaluru)",RETURNING,2,399.0,79.8,718.2,UPI
TXN_20240900900,2024-09-08,CUST_0157,PRD_E105,Dynamic Display QR Standee,Electronics,"Store-104 (Banjara Hills, Hyderabad)",RETURNING,1,1299.0,0.0,1299.0,Credit Card
TXN_20240900901,2024-09-08,CUST_0069,PRD_M302,Voice Box Mounting Bracket,Merchant Essentials,"Store-103 (BKC, Mumbai)",RETURNING,1,249.0,12.45,236.55,UPI
TXN_20240900902,2024-09-08,CUST_0319,PRD_E104,Wireless Barcode Scanner BT,Electronics,"Store-104 (Banjara Hills, Hyderabad)",NEW,1,1899.0,0.0,1899.0,Debit Card
TXN_20240900903,2024-09-08,CUST_0163,PRD_E103,Paytm Smart All-in-One POS,Electronics,"Store-101 (Connaught Place, Delhi)",RETURNING,2,8499.0,849.9,16148.1,UPI
TXN_20240900904,2024-09-08,CUST_0043,PRD_E103,Paytm Smart All-in-One POS,Electronics,"Store-105 (Park Street, Kolkata)",RETURNING,1,8499.0,849.9,7649.1,Paytm Wallet
TXN_20240900905,2024-09-08,CUST_0051,PRD_E102,Paytm Card POS Terminal Neo,Electronics,"Store-103 (BKC, Mumbai)",RETURNING,2,4999.0,0.0,9998.0,UPI
TXN_20240900906,2024-09-08,CUST_0155,PRD_M302,Voice Box Mounting Bracket,Merchant Essentials,"Store-103 (BKC, Mumbai)",RETURNING,1,249.0,0.0,249.0,Debit Card
TXN_20240900907,2024-09-08,CUST_0367,PRD_M302,Voice Box Mounting Bracket,Merchant Essentials,"Store-103 (BKC, Mumbai)",NEW,1,249.0,0.0,249.0,Debit Card
TXN_20240900908,2024-09-08,CUST_0401,PRD_S403,Priority Settlement Annual Plan,Software & Services,"Store-104 (Banjara Hills, Hyderabad)",RETURNING,2,1999.0,0.0,3998.0,Credit Card
TXN_20240900909,2024-09-08,CUST_0390,PRD_S402,Automated Tally Accounting Sync,Software & Services,"Store-104 (Banjara Hills, Hyderabad)",RETURNING,1,1499.0,0.0,1499.0,UPI
TXN_20240900910,2024-09-08,CUST_0301,PRD_M303,Cash Drawer 4-Slot Auto-Open,Merchant Essentials,"Store-104 (Banjara Hills, Hyderabad)",RETURNING,1,2299.0,229.9,2069.1,UPI
TXN_20240900911,2024-09-08,CUST_0097,PRD_E105,Dynamic Display QR Standee,Electronics,"Store-104 (Banjara Hills, Hyderabad)",RETURNING,1,1299.0,64.95,1234.05,UPI
TXN_20240900912,2024-09-08,CUST_0296,PRD_M304,Merchant Branding Banner Kit,Merchant Essentials,"Store-103 (BKC, Mumbai)",RETURNING,4,599.0,239.6,2156.4,Debit Card
TXN_20240900913,2024-09-08,CUST_0174,PRD_E103,Paytm Smart All-in-One POS,Electronics,"Store-104 (Banjara Hills, Hyderabad)",NEW,1,8499.0,0.0,8499.0,Debit Card
TXN_20240900914,2024-09-08,CUST_0276,PRD_E104,Wireless Barcode Scanner BT,Electronics,"Store-105 (Park Street, Kolkata)",RETURNING,1,1899.0,284.85,1614.15,UPI
TXN_20240900915,2024-09-08,CUST_0488,PRD_S403,Priority Settlement Annual Plan,Software & Services,"Store-105 (Park Street, Kolkata)",RETURNING,1,1999.0,99.95,1899.05,Debit Card
TXN_20240900916,2024-09-08,CUST_0196,PRD_E103,Paytm Smart All-in-One POS,Electronics,"Store-104 (Banjara Hills, Hyderabad)",NEW,1,8499.0,0.0,8499.0,UPI
TXN_20240900917,2024-09-08,CUST_0169,PRD_A203,Thermal Receipt Rolls (Pack of 10),Accessories,"Store-104 (Banjara Hills, Hyderabad)",NEW,1,299.0,0.0,299.0,UPI
TXN_20240900918,2024-09-08,CUST_0346,PRD_A202,POS Charging Cradle Dock,Accessories,"Store-101 (Connaught Place, Delhi)",NEW,2,699.0,69.9,1328.1,UPI
TXN_20240900919,2024-09-08,CUST_0102,PRD_E101,Paytm Soundbox 4.0 Pro,Electronics,"Store-104 (Banjara Hills, Hyderabad)",NEW,1,1499.0,0.0,1499.0,Credit Card
TXN_20240900920,2024-09-08,CUST_0036,PRD_E105,Dynamic Display QR Standee,Electronics,"Store-103 (BKC, Mumbai)",RETURNING,2,1299.0,259.8,2338.2,UPI
TXN_20240900921,2024-09-08,CUST_0081,PRD_S403,Priority Settlement Annual Plan,Software & Services,"Store-102 (Indiranagar, Bengaluru)",NEW,1,1999.0,99.95,1899.05,UPI
TXN_20240900922,2024-09-08,CUST_0490,PRD_S401,Paytm Business Prime Subscription,Software & Services,"Store-102 (Indiranagar, Bengaluru)",RETURNING,2,999.0,0.0,1998.0,Credit Card
TXN_20240900923,2024-09-08,CUST_0244,PRD_E102,Paytm Card POS Terminal Neo,Electronics,"Store-105 (Park Street, Kolkata)",NEW,3,4999.0,749.85,14247.15,UPI
TXN_20240900924,2024-09-08,CUST_0351,PRD_E105,Dynamic Display QR Standee,Electronics,"Store-102 (Indiranagar, Bengaluru)",NEW,1,1299.0,0.0,1299.0,UPI
TXN_20240900925,2024-09-08,CUST_0205,PRD_A204,Heavy Duty POS Lanyard Strap,Accessories,"Store-102 (Indiranagar, Bengaluru)",NEW,1,149.0,22.35,126.65,Net Banking
TXN_20240900926,2024-09-08,CUST_0236,PRD_E105,Dynamic Display QR Standee,Electronics,"Store-101 (Connaught Place, Delhi)",RETURNING,1,1299.0,129.9,1169.1,UPI
TXN_20240900927,2024-09-08,CUST_0359,PRD_M304,Merchant Branding Banner Kit,Merchant Essentials,"Store-103 (BKC, Mumbai)",NEW,1,599.0,59.9,539.1,Debit Card
TXN_20240900928,2024-09-08,CUST_0213,PRD_E103,Paytm Smart All-in-One POS,Electronics,"Store-105 (Park Street, Kolkata)",NEW,1,8499.0,424.95,8074.05,Net Banking
TXN_20240900929,2024-09-08,CUST_0094,PRD_M301,Acrylic QR Standee - Dual Bank,Merchant Essentials,"Store-101 (Connaught Place, Delhi)",RETURNING,1,349.0,0.0,349.0,Net Banking
TXN_20240900930,2024-09-08,CUST_0141,PRD_S401,Paytm Business Prime Subscription,Software & Services,"Store-105 (Park Street, Kolkata)",NEW,1,999.0,149.85,849.15,Credit Card
TXN_20240900931,2024-09-08,CUST_0370,PRD_S401,Paytm Business Prime Subscription,Software & Services,"Store-104 (Banjara Hills, Hyderabad)",RETURNING,1,999.0,0.0,999.0,UPI
TXN_20240900932,2024-09-08,CUST_0387,PRD_E102,Paytm Card POS Terminal Neo,Electronics,"Store-103 (BKC, Mumbai)",NEW,1,4999.0,0.0,4999.0,UPI
TXN_20240900933,2024-09-08,CUST_0023,PRD_E105,Dynamic Display QR Standee,Electronics,"Store-101 (Connaught Place, Delhi)",RETURNING,1,1299.0,64.95,1234.05,UPI
TXN_20240900934,2024-09-08,CUST_0205,PRD_M304,Merchant Branding Banner Kit,Merchant Essentials,"Store-104 (Banjara Hills, Hyderabad)",NEW,1,599.0,0.0,599.0,Credit Card
TXN_20240900935,2024-09-08,CUST_0070,PRD_E104,Wireless Barcode Scanner BT,Electronics,"Store-104 (Banjara Hills, Hyderabad)",RETURNING,2,1899.0,189.9,3608.1,UPI
TXN_20240900936,2024-09-08,CUST_0487,PRD_E105,Dynamic Display QR Standee,Electronics,"Store-104 (Banjara Hills, Hyderabad)",RETURNING,2,1299.0,0.0,2598.0,UPI
TXN_20240900937,2024-09-08,CUST_0052,PRD_E102,Paytm Card POS Terminal Neo,Electronics,"Store-101 (Connaught Place, Delhi)",NEW,1,4999.0,0.0,4999.0,UPI
TXN_20240900938,2024-09-08,CUST_0391,PRD_E101,Paytm Soundbox 4.0 Pro,Electronics,"Store-103 (BKC, Mumbai)",NEW,1,1499.0,0.0,1499.0,UPI
TXN_20240900939,2024-09-08,CUST_0018,PRD_S401,Paytm Business Prime Subscription,Software & Services,"Store-105 (Park Street, Kolkata)",RETURNING,1,999.0,99.9,899.1,Debit Card
TXN_20240900940,2024-09-08,CUST_0329,PRD_M301,Acrylic QR Standee - Dual Bank,Merchant Essentials,"Store-101 (Connaught Place, Delhi)",NEW,1,349.0,0.0,349.0,UPI
TXN_20240900941,2024-09-08,CUST_0003,PRD_E101,Paytm Soundbox 4.0 Pro,Electronics,"Store-104 (Banjara Hills, Hyderabad)",RETURNING,2,1499.0,0.0,2998.0,UPI
TXN_20240900942,2024-09-08,CUST_0047,PRD_E101,Paytm Soundbox 4.0 Pro,Electronics,"Store-101 (Connaught Place, Delhi)",NEW,5,1499.0,0.0,7495.0,UPI
TXN_20240900943,2024-09-08,CUST_0343,PRD_E101,Paytm Soundbox 4.0 Pro,Electronics,"Store-101 (Connaught Place, Delhi)",RETURNING,2,1499.0,0.0,2998.0,UPI
TXN_20240900944,2024-09-08,CUST_0213,PRD_A201,Soundbox Replacement Battery,Accessories,"Store-103 (BKC, Mumbai)",NEW,1,499.0,24.95,474.05,Credit Card
TXN_20240900945,2024-09-08,CUST_0479,PRD_A202,POS Charging Cradle Dock,Accessories,"Store-104 (Banjara Hills, Hyderabad)",RETURNING,2,699.0,0.0,1398.0,UPI
TXN_20240900946,2024-09-09,CUST_0335,PRD_E104,Wireless Barcode Scanner BT,Electronics,"Store-104 (Banjara Hills, Hyderabad)",RETURNING,2,1899.0,189.9,3608.1,UPI
TXN_20240900947,2024-09-09,CUST_0320,PRD_E104,Wireless Barcode Scanner BT,Electronics,"Store-101 (Connaught Place, Delhi)",RETURNING,2,1899.0,379.8,3418.2,UPI
TXN_20240900948,2024-09-09,CUST_0053,PRD_M301,Acrylic QR Standee - Dual Bank,Merchant Essentials,"Store-105 (Park Street, Kolkata)",RETURNING,1,349.0,17.45,331.55,Paytm Wallet
TXN_20240900949,2024-09-09,CUST_0357,PRD_E104,Wireless Barcode Scanner BT,Electronics,"Store-102 (Indiranagar, Bengaluru)",NEW,1,1899.0,94.95,1804.05,Net Banking
TXN_20240900950,2024-09-09,CUST_0163,PRD_S403,Priority Settlement Annual Plan,Software & Services,"Store-104 (Banjara Hills, Hyderabad)",RETURNING,2,1999.0,599.7,3398.3,UPI
TXN_20240900951,2024-09-09,CUST_0262,PRD_A205,Bluetooth Audio Dongle Mini,Accessories,"Store-102 (Indiranagar, Bengaluru)",RETURNING,1,399.0,0.0,399.0,UPI
TXN_20240900952,2024-09-09,CUST_0389,PRD_S401,Paytm Business Prime Subscription,Software & Services,"Store-103 (BKC, Mumbai)",RETURNING,1,999.0,0.0,999.0,UPI
TXN_20240900953,2024-09-09,CUST_0071,PRD_E104,Wireless Barcode Scanner BT,Electronics,"Store-103 (BKC, Mumbai)",RETURNING,1,1899.0,94.95,1804.05,UPI
TXN_20240900954,2024-09-09,CUST_0372,PRD_A204,Heavy Duty POS Lanyard Strap,Accessories,"Store-104 (Banjara Hills, Hyderabad)",NEW,1,149.0,0.0,149.0,UPI
TXN_20240900955,2024-09-09,CUST_0330,PRD_M303,Cash Drawer 4-Slot Auto-Open,Merchant Essentials,"Store-101 (Connaught Place, Delhi)",RETURNING,1,2299.0,114.95,2184.05,UPI
TXN_20240900956,2024-09-09,CUST_0013,PRD_E103,Paytm Smart All-in-One POS,Electronics,"Store-103 (BKC, Mumbai)",RETURNING,2,8499.0,0.0,16998.0,Net Banking
TXN_20240900957,2024-09-09,CUST_0128,PRD_M303,Cash Drawer 4-Slot Auto-Open,Merchant Essentials,"Store-102 (Indiranagar, Bengaluru)",NEW,1,2299.0,0.0,2299.0,UPI
TXN_20240900958,2024-09-09,CUST_0227,PRD_A205,Bluetooth Audio Dongle Mini,Accessories,"Store-101 (Connaught Place, Delhi)",NEW,2,399.0,0.0,798.0,UPI
TXN_20240900959,2024-09-09,CUST_0325,PRD_S403,Priority Settlement Annual Plan,Software & Services,"Store-102 (Indiranagar, Bengaluru)",RETURNING,2,1999.0,199.9,3798.1,Debit Card
TXN_20240900960,2024-09-09,CUST_0105,PRD_E103,Paytm Smart All-in-One POS,Electronics,"Store-101 (Connaught Place, Delhi)",NEW,1,8499.0,424.95,8074.05,UPI
TXN_20240900961,2024-09-09,CUST_0102,PRD_E103,Paytm Smart All-in-One POS,Electronics,"Store-102 (Indiranagar, Bengaluru)",NEW,1,8499.0,0.0,8499.0,Credit Card
TXN_20240900962,2024-09-09,CUST_0496,PRD_A205,Bluetooth Audio Dongle Mini,Accessories,"Store-103 (BKC, Mumbai)",RETURNING,2,399.0,119.7,678.3,UPI
TXN_20240900963,2024-09-09,CUST_0194,PRD_E102,Paytm Card POS Terminal Neo,Electronics,"Store-104 (Banjara Hills, Hyderabad)",RETURNING,1,4999.0,0.0,4999.0,UPI
TXN_20240900964,2024-09-09,CUST_0489,PRD_M303,Cash Drawer 4-Slot Auto-Open,Merchant Essentials,"Store-101 (Connaught Place, Delhi)",NEW,2,2299.0,0.0,4598.0,UPI
TXN_20240900965,2024-09-09,CUST_0465,PRD_S402,Automated Tally Accounting Sync,Software & Services,"Store-105 (Park Street, Kolkata)",NEW,1,1499.0,74.95,1424.05,UPI
TXN_20240900966,2024-09-09,CUST_0195,PRD_E105,Dynamic Display QR Standee,Electronics,"Store-104 (Banjara Hills, Hyderabad)",NEW,1,1299.0,64.95,1234.05,UPI
TXN_20240900967,2024-09-09,CUST_0171,PRD_E102,Paytm Card POS Terminal Neo,Electronics,"Store-104 (Banjara Hills, Hyderabad)",NEW,1,4999.0,749.85,4249.15,UPI
TXN_20240900968,2024-09-09,CUST_0442,PRD_A201,Soundbox Replacement Battery,Accessories,"Store-103 (BKC, Mumbai)",RETURNING,1,499.0,74.85,424.15,Paytm Wallet
TXN_20240900969,2024-09-09,CUST_0192,PRD_E104,Wireless Barcode Scanner BT,Electronics,"Store-103 (BKC, Mumbai)",NEW,1,1899.0,94.95,1804.05,UPI
TXN_20240900970,2024-09-09,CUST_0020,PRD_S403,Priority Settlement Annual Plan,Software & Services,"Store-101 (Connaught Place, Delhi)",NEW,1,1999.0,99.95,1899.05,UPI
TXN_20240900971,2024-09-09,CUST_0224,PRD_S402,Automated Tally Accounting Sync,Software & Services,"Store-103 (BKC, Mumbai)",NEW,1,1499.0,74.95,1424.05,Credit Card
TXN_20240900972,2024-09-09,CUST_0357,PRD_E101,Paytm Soundbox 4.0 Pro,Electronics,"Store-104 (Banjara Hills, Hyderabad)",NEW,2,1499.0,149.9,2848.1,UPI
TXN_20240900973,2024-09-09,CUST_0018,PRD_S402,Automated Tally Accounting Sync,Software & Services,"Store-103 (BKC, Mumbai)",RETURNING,1,1499.0,74.95,1424.05,Credit Card
TXN_20240900974,2024-09-09,CUST_0134,PRD_A204,Heavy Duty POS Lanyard Strap,Accessories,"Store-102 (Indiranagar, Bengaluru)",RETURNING,1,149.0,22.35,126.65,Debit Card
TXN_20240900975,2024-09-09,CUST_0007,PRD_E102,Paytm Card POS Terminal Neo,Electronics,"Store-101 (Connaught Place, Delhi)",RETURNING,1,4999.0,0.0,4999.0,Credit Card
TXN_20240900976,2024-09-09,CUST_0462,PRD_E101,Paytm Soundbox 4.0 Pro,Electronics,"Store-102 (Indiranagar, Bengaluru)",NEW,2,1499.0,0.0,2998.0,UPI
TXN_20240900977,2024-09-09,CUST_0355,PRD_E104,Wireless Barcode Scanner BT,Electronics,"Store-105 (Park Street, Kolkata)",NEW,1,1899.0,0.0,1899.0,UPI
TXN_20240900978,2024-09-09,CUST_0211,PRD_M302,Voice Box Mounting Bracket,Merchant Essentials,"Store-101 (Connaught Place, Delhi)",NEW,1,249.0,12.45,236.55,Debit Card
TXN_20240900979,2024-09-09,CUST_0417,PRD_E102,Paytm Card POS Terminal Neo,Electronics,"Store-102 (Indiranagar, Bengaluru)",NEW,3,4999.0,0.0,14997.0,UPI
TXN_20240900980,2024-09-09,CUST_0087,PRD_M303,Cash Drawer 4-Slot Auto-Open,Merchant Essentials,"Store-101 (Connaught Place, Delhi)",RETURNING,1,2299.0,0.0,2299.0,UPI
TXN_20240900981,2024-09-09,CUST_0148,PRD_M302,Voice Box Mounting Bracket,Merchant Essentials,"Store-102 (Indiranagar, Bengaluru)",NEW,1,249.0,0.0,249.0,UPI
TXN_20240900982,2024-09-09,CUST_0250,PRD_E102,Paytm Card POS Terminal Neo,Electronics,"Store-101 (Connaught Place, Delhi)",NEW,1,4999.0,499.9,4499.1,UPI
TXN_20240900983,2024-09-09,CUST_0031,PRD_M302,Voice Box Mounting Bracket,Merchant Essentials,"Store-102 (Indiranagar, Bengaluru)",NEW,1,249.0,37.35,211.65,UPI
TXN_20240900984,2024-09-09,CUST_0321,PRD_S401,Paytm Business Prime Subscription,Software & Services,"Store-101 (Connaught Place, Delhi)",NEW,2,999.0,0.0,1998.0,UPI
TXN_20240900985,2024-09-09,CUST_0194,PRD_E102,Paytm Card POS Terminal Neo,Electronics,"Store-101 (Connaught Place, Delhi)",RETURNING,1,4999.0,249.95,4749.05,Credit Card
TXN_20240900986,2024-09-09,CUST_0052,PRD_E101,Paytm Soundbox 4.0 Pro,Electronics,"Store-103 (BKC, Mumbai)",NEW,2,1499.0,0.0,2998.0,Credit Card
TXN_20240900987,2024-09-09,CUST_0022,PRD_E101,Paytm Soundbox 4.0 Pro,Electronics,"Store-105 (Park Street, Kolkata)",NEW,2,1499.0,0.0,2998.0,UPI
TXN_20240900988,2024-09-09,CUST_0493,PRD_M302,Voice Box Mounting Bracket,Merchant Essentials,"Store-104 (Banjara Hills, Hyderabad)",NEW,1,249.0,0.0,249.0,UPI
TXN_20240900989,2024-09-09,CUST_0190,PRD_M301,Acrylic QR Standee - Dual Bank,Merchant Essentials,"Store-103 (BKC, Mumbai)",NEW,5,349.0,174.5,1570.5,Paytm Wallet
TXN_20240900990,2024-09-09,CUST_0341,PRD_E105,Dynamic Display QR Standee,Electronics,"Store-105 (Park Street, Kolkata)",RETURNING,1,1299.0,0.0,1299.0,UPI
TXN_20240900991,2024-09-09,CUST_0234,PRD_M304,Merchant Branding Banner Kit,Merchant Essentials,"Store-104 (Banjara Hills, Hyderabad)",RETURNING,1,599.0,0.0,599.0,Credit Card
TXN_20240900992,2024-09-09,CUST_0445,PRD_A202,POS Charging Cradle Dock,Accessories,"Store-102 (Indiranagar, Bengaluru)",RETURNING,1,699.0,34.95,664.05,UPI
TXN_20240900993,2024-09-09,CUST_0212,PRD_M301,Acrylic QR Standee - Dual Bank,Merchant Essentials,"Store-101 (Connaught Place, Delhi)",RETURNING,5,349.0,174.5,1570.5,UPI
TXN_20240900994,2024-09-09,CUST_0185,PRD_M304,Merchant Branding Banner Kit,Merchant Essentials,"Store-103 (BKC, Mumbai)",NEW,1,599.0,0.0,599.0,UPI
TXN_20240900995,2024-09-09,CUST_0379,PRD_A204,Heavy Duty POS Lanyard Strap,Accessories,"Store-101 (Connaught Place, Delhi)",RETURNING,1,149.0,22.35,126.65,UPI
TXN_20240900996,2024-09-09,CUST_0338,PRD_M304,Merchant Branding Banner Kit,Merchant Essentials,"Store-101 (Connaught Place, Delhi)",RETURNING,1,599.0,0.0,599.0,UPI
TXN_20240900997,2024-09-09,CUST_0267,PRD_M304,Merchant Branding Banner Kit,Merchant Essentials,"Store-105 (Park Street, Kolkata)",RETURNING,1,599.0,0.0,599.0,Debit Card
TXN_20240900998,2024-09-09,CUST_0281,PRD_S403,Priority Settlement Annual Plan,Software & Services,"Store-104 (Banjara Hills, Hyderabad)",NEW,1,1999.0,0.0,1999.0,UPI
TXN_20240900999,2024-09-09,CUST_0340,PRD_A202,POS Charging Cradle Dock,Accessories,"Store-102 (Indiranagar, Bengaluru)",RETURNING,1,699.0,34.95,664.05,UPI
TXN_20240901000,2024-09-09,CUST_0223,PRD_S403,Priority Settlement Annual Plan,Software & Services,"Store-101 (Connaught Place, Delhi)",NEW,1,1999.0,299.85,1699.15,Net Banking
TXN_20240901001,2024-09-09,CUST_0393,PRD_E103,Paytm Smart All-in-One POS,Electronics,"Store-103 (BKC, Mumbai)",RETURNING,1,8499.0,424.95,8074.05,Credit Card
TXN_20240901002,2024-09-09,CUST_0473,PRD_A202,POS Charging Cradle Dock,Accessories,"Store-104 (Banjara Hills, Hyderabad)",RETURNING,1,699.0,69.9,629.1,Paytm Wallet
TXN_20240901003,2024-09-09,CUST_0393,PRD_S402,Automated Tally Accounting Sync,Software & Services,"Store-101 (Connaught Place, Delhi)",RETURNING,1,1499.0,74.95,1424.05,Credit Card
TXN_20240901004,2024-09-09,CUST_0196,PRD_A205,Bluetooth Audio Dongle Mini,Accessories,"Store-105 (Park Street, Kolkata)",NEW,3,399.0,0.0,1197.0,UPI
TXN_20240901005,2024-09-09,CUST_0133,PRD_E102,Paytm Card POS Terminal Neo,Electronics,"Store-101 (Connaught Place, Delhi)",RETURNING,1,4999.0,249.95,4749.05,UPI
TXN_20240901006,2024-09-09,CUST_0483,PRD_E102,Paytm Card POS Terminal Neo,Electronics,"Store-103 (BKC, Mumbai)",RETURNING,1,4999.0,0.0,4999.0,Credit Card
TXN_20240901007,2024-09-09,CUST_0160,PRD_E101,Paytm Soundbox 4.0 Pro,Electronics,"Store-105 (Park Street, Kolkata)",NEW,1,1499.0,0.0,1499.0,UPI
TXN_20240901008,2024-09-09,CUST_0395,PRD_E104,Wireless Barcode Scanner BT,Electronics,"Store-102 (Indiranagar, Bengaluru)",RETURNING,1,1899.0,0.0,1899.0,UPI
TXN_20240901009,2024-09-09,CUST_0276,PRD_M304,Merchant Branding Banner Kit,Merchant Essentials,"Store-103 (BKC, Mumbai)",RETURNING,1,599.0,59.9,539.1,UPI
TXN_20240901010,2024-09-09,CUST_0234,PRD_E102,Paytm Card POS Terminal Neo,Electronics,"Store-103 (BKC, Mumbai)",RETURNING,1,4999.0,499.9,4499.1,Credit Card
TXN_20240901011,2024-09-09,CUST_0307,PRD_E104,Wireless Barcode Scanner BT,Electronics,"Store-105 (Park Street, Kolkata)",NEW,5,1899.0,0.0,9495.0,Paytm Wallet
TXN_20240901012,2024-09-09,CUST_0362,PRD_A203,Thermal Receipt Rolls (Pack of 10),Accessories,"Store-102 (Indiranagar, Bengaluru)",NEW,1,299.0,14.95,284.05,UPI
TXN_20240901013,2024-09-09,CUST_0415,PRD_E104,Wireless Barcode Scanner BT,Electronics,"Store-102 (Indiranagar, Bengaluru)",RETURNING,2,1899.0,0.0,3798.0,Credit Card
TXN_20240901014,2024-09-09,CUST_0473,PRD_M304,Merchant Branding Banner Kit,Merchant Essentials,"Store-102 (Indiranagar, Bengaluru)",RETURNING,2,599.0,0.0,1198.0,Debit Card
TXN_20240901015,2024-09-09,CUST_0468,PRD_M304,Merchant Branding Banner Kit,Merchant Essentials,"Store-101 (Connaught Place, Delhi)",RETURNING,1,599.0,29.95,569.05,Paytm Wallet
TXN_20240901016,2024-09-09,CUST_0388,PRD_E104,Wireless Barcode Scanner BT,Electronics,"Store-101 (Connaught Place, Delhi)",NEW,1,1899.0,0.0,1899.0,Credit Card
TXN_20240901017,2024-09-09,CUST_0100,PRD_M301,Acrylic QR Standee - Dual Bank,Merchant Essentials,"Store-105 (Park Street, Kolkata)",RETURNING,2,349.0,69.8,628.2,Credit Card
TXN_20240901018,2024-09-09,CUST_0413,PRD_E101,Paytm Soundbox 4.0 Pro,Electronics,"Store-103 (BKC, Mumbai)",RETURNING,2,1499.0,0.0,2998.0,Credit Card
TXN_20240901019,2024-09-09,CUST_0150,PRD_S401,Paytm Business Prime Subscription,Software & Services,"Store-102 (Indiranagar, Bengaluru)",RETURNING,1,999.0,49.95,949.05,UPI
TXN_20240901020,2024-09-09,CUST_0372,PRD_M304,Merchant Branding Banner Kit,Merchant Essentials,"Store-101 (Connaught Place, Delhi)",NEW,1,599.0,89.85,509.15,UPI
TXN_20240901021,2024-09-09,CUST_0487,PRD_S403,Priority Settlement Annual Plan,Software & Services,"Store-102 (Indiranagar, Bengaluru)",RETURNING,3,1999.0,899.55,5097.45,UPI
TXN_20240901022,2024-09-09,CUST_0027,PRD_E102,Paytm Card POS Terminal Neo,Electronics,"Store-105 (Park Street, Kolkata)",RETURNING,1,4999.0,749.85,4249.15,Credit Card
TXN_20240901023,2024-09-09,CUST_0207,PRD_E103,Paytm Smart All-in-One POS,Electronics,"Store-101 (Connaught Place, Delhi)",RETURNING,1,8499.0,424.95,8074.05,Paytm Wallet
TXN_20240901024,2024-09-09,CUST_0335,PRD_M302,Voice Box Mounting Bracket,Merchant Essentials,"Store-101 (Connaught Place, Delhi)",RETURNING,2,249.0,24.9,473.1,UPI
TXN_20240901025,2024-09-09,CUST_0335,PRD_E105,Dynamic Display QR Standee,Electronics,"Store-101 (Connaught Place, Delhi)",RETURNING,2,1299.0,129.9,2468.1,Credit Card
TXN_20240901026,2024-09-09,CUST_0261,PRD_E103,Paytm Smart All-in-One POS,Electronics,"Store-105 (Park Street, Kolkata)",RETURNING,1,8499.0,0.0,8499.0,Credit Card
TXN_20240901027,2024-09-09,CUST_0407,PRD_A203,Thermal Receipt Rolls (Pack of 10),Accessories,"Store-104 (Banjara Hills, Hyderabad)",RETURNING,1,299.0,0.0,299.0,Credit Card
TXN_20240901028,2024-09-09,CUST_0051,PRD_E104,Wireless Barcode Scanner BT,Electronics,"Store-105 (Park Street, Kolkata)",RETURNING,1,1899.0,0.0,1899.0,Credit Card
TXN_20240901029,2024-09-09,CUST_0275,PRD_M303,Cash Drawer 4-Slot Auto-Open,Merchant Essentials,"Store-105 (Park Street, Kolkata)",NEW,1,2299.0,114.95,2184.05,Credit Card
TXN_20240901030,2024-09-09,CUST_0366,PRD_M303,Cash Drawer 4-Slot Auto-Open,Merchant Essentials,"Store-101 (Connaught Place, Delhi)",RETURNING,3,2299.0,344.85,6552.15,UPI
TXN_20240901031,2024-09-09,CUST_0442,PRD_A204,Heavy Duty POS Lanyard Strap,Accessories,"Store-102 (Indiranagar, Bengaluru)",RETURNING,1,149.0,0.0,149.0,UPI
TXN_20240901032,2024-09-09,CUST_0295,PRD_E103,Paytm Smart All-in-One POS,Electronics,"Store-102 (Indiranagar, Bengaluru)",NEW,1,8499.0,0.0,8499.0,Debit Card
TXN_20240901033,2024-09-09,CUST_0044,PRD_S403,Priority Settlement Annual Plan,Software & Services,"Store-105 (Park Street, Kolkata)",RETURNING,1,1999.0,0.0,1999.0,Paytm Wallet
TXN_20240901034,2024-09-09,CUST_0337,PRD_E101,Paytm Soundbox 4.0 Pro,Electronics,"Store-103 (BKC, Mumbai)",RETURNING,1,1499.0,224.85,1274.15,UPI
TXN_20240901035,2024-09-09,CUST_0274,PRD_E105,Dynamic Display QR Standee,Electronics,"Store-105 (Park Street, Kolkata)",NEW,1,1299.0,0.0,1299.0,Net Banking
TXN_20240901036,2024-09-09,CUST_0181,PRD_A204,Heavy Duty POS Lanyard Strap,Accessories,"Store-105 (Park Street, Kolkata)",RETURNING,2,149.0,29.8,268.2,UPI
TXN_20240901037,2024-09-09,CUST_0097,PRD_E102,Paytm Card POS Terminal Neo,Electronics,"Store-102 (Indiranagar, Bengaluru)",RETURNING,3,4999.0,0.0,14997.0,UPI
TXN_20240901038,2024-09-09,CUST_0066,PRD_M302,Voice Box Mounting Bracket,Merchant Essentials,"Store-104 (Banjara Hills, Hyderabad)",RETURNING,1,249.0,0.0,249.0,Net Banking
TXN_20240901039,2024-09-09,CUST_0205,PRD_E105,Dynamic Display QR Standee,Electronics,"Store-103 (BKC, Mumbai)",NEW,1,1299.0,194.85,1104.15,UPI
TXN_20240901040,2024-09-09,CUST_0105,PRD_E101,Paytm Soundbox 4.0 Pro,Electronics,"Store-103 (BKC, Mumbai)",NEW,5,1499.0,374.75,7120.25,UPI
TXN_20240901041,2024-09-09,CUST_0191,PRD_A203,Thermal Receipt Rolls (Pack of 10),Accessories,"Store-105 (Park Street, Kolkata)",NEW,1,299.0,0.0,299.0,UPI
TXN_20240901042,2024-09-09,CUST_0404,PRD_E105,Dynamic Display QR Standee,Electronics,"Store-101 (Connaught Place, Delhi)",RETURNING,4,1299.0,0.0,5196.0,UPI
TXN_20240901043,2024-09-09,CUST_0351,PRD_A202,POS Charging Cradle Dock,Accessories,"Store-101 (Connaught Place, Delhi)",NEW,1,699.0,0.0,699.0,Net Banking
TXN_20240901044,2024-09-09,CUST_0399,PRD_E103,Paytm Smart All-in-One POS,Electronics,"Store-102 (Indiranagar, Bengaluru)",NEW,1,8499.0,0.0,8499.0,Paytm Wallet
TXN_20240901045,2024-09-09,CUST_0114,PRD_E104,Wireless Barcode Scanner BT,Electronics,"Store-101 (Connaught Place, Delhi)",NEW,2,1899.0,0.0,3798.0,UPI
TXN_20240901046,2024-09-09,CUST_0449,PRD_E104,Wireless Barcode Scanner BT,Electronics,"Store-104 (Banjara Hills, Hyderabad)",RETURNING,1,1899.0,94.95,1804.05,UPI
TXN_20240901047,2024-09-09,CUST_0139,PRD_A204,Heavy Duty POS Lanyard Strap,Accessories,"Store-101 (Connaught Place, Delhi)",NEW,1,149.0,22.35,126.65,UPI
TXN_20240901048,2024-09-09,CUST_0177,PRD_M303,Cash Drawer 4-Slot Auto-Open,Merchant Essentials,"Store-105 (Park Street, Kolkata)",RETURNING,1,2299.0,0.0,2299.0,Credit Card
TXN_20240901049,2024-09-09,CUST_0133,PRD_E101,Paytm Soundbox 4.0 Pro,Electronics,"Store-105 (Park Street, Kolkata)",RETURNING,1,1499.0,0.0,1499.0,Credit Card
TXN_20240901050,2024-09-09,CUST_0137,PRD_E101,Paytm Soundbox 4.0 Pro,Electronics,"Store-103 (BKC, Mumbai)",RETURNING,2,1499.0,149.9,2848.1,Credit Card
TXN_20240901051,2024-09-09,CUST_0094,PRD_E105,Dynamic Display QR Standee,Electronics,"Store-103 (BKC, Mumbai)",RETURNING,2,1299.0,0.0,2598.0,UPI
TXN_20240901052,2024-09-09,CUST_0483,PRD_M302,Voice Box Mounting Bracket,Merchant Essentials,"Store-102 (Indiranagar, Bengaluru)",RETURNING,1,249.0,37.35,211.65,UPI
TXN_20240901053,2024-09-10,CUST_0433,PRD_E101,Paytm Soundbox 4.0 Pro,Electronics,"Store-101 (Connaught Place, Delhi)",NEW,1,1499.0,0.0,1499.0,UPI
TXN_20240901054,2024-09-10,CUST_0295,PRD_E101,Paytm Soundbox 4.0 Pro,Electronics,"Store-103 (BKC, Mumbai)",NEW,1,1499.0,74.95,1424.05,Net Banking
TXN_20240901055,2024-09-10,CUST_0493,PRD_S402,Automated Tally Accounting Sync,Software & Services,"Store-105 (Park Street, Kolkata)",NEW,3,1499.0,0.0,4497.0,UPI
TXN_20240901056,2024-09-10,CUST_0351,PRD_S403,Priority Settlement Annual Plan,Software & Services,"Store-105 (Park Street, Kolkata)",NEW,1,1999.0,0.0,1999.0,Credit Card
TXN_20240901057,2024-09-10,CUST_0467,PRD_M304,Merchant Branding Banner Kit,Merchant Essentials,"Store-101 (Connaught Place, Delhi)",NEW,1,599.0,29.95,569.05,Credit Card
TXN_20240901058,2024-09-10,CUST_0126,PRD_S403,Priority Settlement Annual Plan,Software & Services,"Store-105 (Park Street, Kolkata)",NEW,1,1999.0,0.0,1999.0,UPI
TXN_20240901059,2024-09-10,CUST_0087,PRD_M301,Acrylic QR Standee - Dual Bank,Merchant Essentials,"Store-105 (Park Street, Kolkata)",RETURNING,3,349.0,0.0,1047.0,UPI
TXN_20240901060,2024-09-10,CUST_0181,PRD_S402,Automated Tally Accounting Sync,Software & Services,"Store-104 (Banjara Hills, Hyderabad)",RETURNING,2,1499.0,449.7,2548.3,UPI
TXN_20240901061,2024-09-10,CUST_0348,PRD_E103,Paytm Smart All-in-One POS,Electronics,"Store-105 (Park Street, Kolkata)",RETURNING,2,8499.0,0.0,16998.0,UPI
TXN_20240901062,2024-09-10,CUST_0136,PRD_E103,Paytm Smart All-in-One POS,Electronics,"Store-105 (Park Street, Kolkata)",RETURNING,1,8499.0,1274.85,7224.15,Paytm Wallet
TXN_20240901063,2024-09-10,CUST_0264,PRD_M304,Merchant Branding Banner Kit,Merchant Essentials,"Store-101 (Connaught Place, Delhi)",NEW,3,599.0,179.7,1617.3,Debit Card
TXN_20240901064,2024-09-10,CUST_0030,PRD_E104,Wireless Barcode Scanner BT,Electronics,"Store-105 (Park Street, Kolkata)",NEW,1,1899.0,0.0,1899.0,UPI
TXN_20240901065,2024-09-10,CUST_0180,PRD_S401,Paytm Business Prime Subscription,Software & Services,"Store-102 (Indiranagar, Bengaluru)",RETURNING,2,999.0,0.0,1998.0,UPI
TXN_20240901066,2024-09-10,CUST_0271,PRD_A201,Soundbox Replacement Battery,Accessories,"Store-102 (Indiranagar, Bengaluru)",RETURNING,1,499.0,0.0,499.0,Debit Card
TXN_20240901067,2024-09-10,CUST_0129,PRD_E103,Paytm Smart All-in-One POS,Electronics,"Store-104 (Banjara Hills, Hyderabad)",NEW,1,8499.0,0.0,8499.0,Net Banking
TXN_20240901068,2024-09-10,CUST_0275,PRD_M303,Cash Drawer 4-Slot Auto-Open,Merchant Essentials,"Store-101 (Connaught Place, Delhi)",NEW,5,2299.0,574.75,10920.25,UPI
TXN_20240901069,2024-09-10,CUST_0072,PRD_E104,Wireless Barcode Scanner BT,Electronics,"Store-104 (Banjara Hills, Hyderabad)",RETURNING,1,1899.0,94.95,1804.05,UPI
TXN_20240901070,2024-09-10,CUST_0146,PRD_E101,Paytm Soundbox 4.0 Pro,Electronics,"Store-104 (Banjara Hills, Hyderabad)",RETURNING,1,1499.0,0.0,1499.0,Credit Card
TXN_20240901071,2024-09-10,CUST_0486,PRD_E105,Dynamic Display QR Standee,Electronics,"Store-103 (BKC, Mumbai)",NEW,1,1299.0,64.95,1234.05,UPI
TXN_20240901072,2024-09-10,CUST_0350,PRD_M302,Voice Box Mounting Bracket,Merchant Essentials,"Store-103 (BKC, Mumbai)",RETURNING,2,249.0,0.0,498.0,Credit Card
TXN_20240901073,2024-09-10,CUST_0380,PRD_M304,Merchant Branding Banner Kit,Merchant Essentials,"Store-104 (Banjara Hills, Hyderabad)",RETURNING,1,599.0,59.9,539.1,UPI
TXN_20240901074,2024-09-10,CUST_0177,PRD_A201,Soundbox Replacement Battery,Accessories,"Store-102 (Indiranagar, Bengaluru)",RETURNING,1,499.0,0.0,499.0,Credit Card
TXN_20240901075,2024-09-10,CUST_0005,PRD_E105,Dynamic Display QR Standee,Electronics,"Store-103 (BKC, Mumbai)",NEW,1,1299.0,0.0,1299.0,UPI
TXN_20240901076,2024-09-10,CUST_0317,PRD_E102,Paytm Card POS Terminal Neo,Electronics,"Store-105 (Park Street, Kolkata)",RETURNING,1,4999.0,0.0,4999.0,UPI
TXN_20240901077,2024-09-10,CUST_0359,PRD_E103,Paytm Smart All-in-One POS,Electronics,"Store-104 (Banjara Hills, Hyderabad)",NEW,1,8499.0,424.95,8074.05,Debit Card
TXN_20240901078,2024-09-10,CUST_0359,PRD_M302,Voice Box Mounting Bracket,Merchant Essentials,"Store-105 (Park Street, Kolkata)",NEW,1,249.0,37.35,211.65,Credit Card
TXN_20240901079,2024-09-10,CUST_0325,PRD_E102,Paytm Card POS Terminal Neo,Electronics,"Store-101 (Connaught Place, Delhi)",RETURNING,2,4999.0,1499.7,8498.3,Paytm Wallet
TXN_20240901080,2024-09-10,CUST_0219,PRD_E101,Paytm Soundbox 4.0 Pro,Electronics,"Store-102 (Indiranagar, Bengaluru)",NEW,1,1499.0,0.0,1499.0,UPI
TXN_20240901081,2024-09-10,CUST_0157,PRD_M301,Acrylic QR Standee - Dual Bank,Merchant Essentials,"Store-102 (Indiranagar, Bengaluru)",RETURNING,1,349.0,0.0,349.0,UPI
TXN_20240901082,2024-09-10,CUST_0027,PRD_E104,Wireless Barcode Scanner BT,Electronics,"Store-103 (BKC, Mumbai)",RETURNING,1,1899.0,94.95,1804.05,UPI
TXN_20240901083,2024-09-10,CUST_0459,PRD_E101,Paytm Soundbox 4.0 Pro,Electronics,"Store-101 (Connaught Place, Delhi)",RETURNING,1,1499.0,0.0,1499.0,UPI
TXN_20240901084,2024-09-10,CUST_0144,PRD_S401,Paytm Business Prime Subscription,Software & Services,"Store-101 (Connaught Place, Delhi)",RETURNING,1,999.0,49.95,949.05,UPI
TXN_20240901085,2024-09-10,CUST_0058,PRD_E101,Paytm Soundbox 4.0 Pro,Electronics,"Store-101 (Connaught Place, Delhi)",RETURNING,1,1499.0,0.0,1499.0,UPI
TXN_20240901086,2024-09-10,CUST_0415,PRD_E104,Wireless Barcode Scanner BT,Electronics,"Store-105 (Park Street, Kolkata)",RETURNING,1,1899.0,94.95,1804.05,UPI
TXN_20240901087,2024-09-10,CUST_0197,PRD_E101,Paytm Soundbox 4.0 Pro,Electronics,"Store-101 (Connaught Place, Delhi)",RETURNING,1,1499.0,0.0,1499.0,Credit Card
TXN_20240901088,2024-09-10,CUST_0468,PRD_S401,Paytm Business Prime Subscription,Software & Services,"Store-102 (Indiranagar, Bengaluru)",RETURNING,1,999.0,0.0,999.0,Paytm Wallet
TXN_20240901089,2024-09-10,CUST_0317,PRD_E104,Wireless Barcode Scanner BT,Electronics,"Store-104 (Banjara Hills, Hyderabad)",RETURNING,6,1899.0,569.7,10824.3,UPI
TXN_20240901090,2024-09-10,CUST_0099,PRD_E105,Dynamic Display QR Standee,Electronics,"Store-103 (BKC, Mumbai)",NEW,2,1299.0,259.8,2338.2,Debit Card
TXN_20240901091,2024-09-10,CUST_0287,PRD_S403,Priority Settlement Annual Plan,Software & Services,"Store-103 (BKC, Mumbai)",RETURNING,1,1999.0,299.85,1699.15,UPI
TXN_20240901092,2024-09-10,CUST_0215,PRD_A201,Soundbox Replacement Battery,Accessories,"Store-105 (Park Street, Kolkata)",NEW,2,499.0,0.0,998.0,UPI
TXN_20240901093,2024-09-10,CUST_0496,PRD_E102,Paytm Card POS Terminal Neo,Electronics,"Store-101 (Connaught Place, Delhi)",RETURNING,4,4999.0,2999.4,16996.6,UPI
TXN_20240901094,2024-09-10,CUST_0418,PRD_E104,Wireless Barcode Scanner BT,Electronics,"Store-105 (Park Street, Kolkata)",NEW,2,1899.0,569.7,3228.3,UPI
TXN_20240901095,2024-09-10,CUST_0385,PRD_A201,Soundbox Replacement Battery,Accessories,"Store-105 (Park Street, Kolkata)",RETURNING,2,499.0,0.0,998.0,UPI
TXN_20240901096,2024-09-10,CUST_0082,PRD_A203,Thermal Receipt Rolls (Pack of 10),Accessories,"Store-105 (Park Street, Kolkata)",NEW,1,299.0,29.9,269.1,Debit Card
TXN_20240901097,2024-09-10,CUST_0234,PRD_A201,Soundbox Replacement Battery,Accessories,"Store-105 (Park Street, Kolkata)",RETURNING,1,499.0,0.0,499.0,UPI
TXN_20240901098,2024-09-10,CUST_0061,PRD_E102,Paytm Card POS Terminal Neo,Electronics,"Store-101 (Connaught Place, Delhi)",NEW,1,4999.0,0.0,4999.0,Credit Card
TXN_20240901099,2024-09-10,CUST_0483,PRD_S401,Paytm Business Prime Subscription,Software & Services,"Store-102 (Indiranagar, Bengaluru)",RETURNING,1,999.0,49.95,949.05,UPI
TXN_20240901100,2024-09-10,CUST_0422,PRD_E103,Paytm Smart All-in-One POS,Electronics,"Store-101 (Connaught Place, Delhi)",RETURNING,1,8499.0,424.95,8074.05,UPI
TXN_20240901101,2024-09-10,CUST_0043,PRD_S402,Automated Tally Accounting Sync,Software & Services,"Store-105 (Park Street, Kolkata)",RETURNING,2,1499.0,299.8,2698.2,UPI
TXN_20240901102,2024-09-10,CUST_0030,PRD_A205,Bluetooth Audio Dongle Mini,Accessories,"Store-101 (Connaught Place, Delhi)",NEW,2,399.0,0.0,798.0,Paytm Wallet
TXN_20240901103,2024-09-10,CUST_0091,PRD_E103,Paytm Smart All-in-One POS,Electronics,"Store-101 (Connaught Place, Delhi)",RETURNING,1,8499.0,849.9,7649.1,Debit Card
TXN_20240901104,2024-09-10,CUST_0055,PRD_M302,Voice Box Mounting Bracket,Merchant Essentials,"Store-104 (Banjara Hills, Hyderabad)",RETURNING,3,249.0,37.35,709.65,Credit Card
TXN_20240901105,2024-09-10,CUST_0106,PRD_M303,Cash Drawer 4-Slot Auto-Open,Merchant Essentials,"Store-102 (Indiranagar, Bengaluru)",RETURNING,2,2299.0,229.9,4368.1,Debit Card
TXN_20240901106,2024-09-10,CUST_0203,PRD_E102,Paytm Card POS Terminal Neo,Electronics,"Store-102 (Indiranagar, Bengaluru)",RETURNING,1,4999.0,0.0,4999.0,UPI
TXN_20240901107,2024-09-10,CUST_0254,PRD_E102,Paytm Card POS Terminal Neo,Electronics,"Store-102 (Indiranagar, Bengaluru)",RETURNING,3,4999.0,749.85,14247.15,Paytm Wallet
TXN_20240901108,2024-09-10,CUST_0093,PRD_A205,Bluetooth Audio Dongle Mini,Accessories,"Store-101 (Connaught Place, Delhi)",NEW,1,399.0,39.9,359.1,Debit Card
TXN_20240901109,2024-09-10,CUST_0352,PRD_A204,Heavy Duty POS Lanyard Strap,Accessories,"Store-101 (Connaught Place, Delhi)",RETURNING,1,149.0,7.45,141.55,Credit Card
TXN_20240901110,2024-09-10,CUST_0207,PRD_E102,Paytm Card POS Terminal Neo,Electronics,"Store-105 (Park Street, Kolkata)",RETURNING,1,4999.0,0.0,4999.0,UPI
TXN_20240901111,2024-09-10,CUST_0197,PRD_E101,Paytm Soundbox 4.0 Pro,Electronics,"Store-101 (Connaught Place, Delhi)",RETURNING,2,1499.0,0.0,2998.0,UPI
TXN_20240901112,2024-09-10,CUST_0043,PRD_E103,Paytm Smart All-in-One POS,Electronics,"Store-105 (Park Street, Kolkata)",RETURNING,1,8499.0,1274.85,7224.15,UPI
TXN_20240901113,2024-09-10,CUST_0377,PRD_M303,Cash Drawer 4-Slot Auto-Open,Merchant Essentials,"Store-101 (Connaught Place, Delhi)",NEW,1,2299.0,114.95,2184.05,Credit Card
TXN_20240901114,2024-09-10,CUST_0228,PRD_M303,Cash Drawer 4-Slot Auto-Open,Merchant Essentials,"Store-103 (BKC, Mumbai)",NEW,1,2299.0,0.0,2299.0,UPI
TXN_20240901115,2024-09-10,CUST_0355,PRD_E103,Paytm Smart All-in-One POS,Electronics,"Store-105 (Park Street, Kolkata)",NEW,1,8499.0,849.9,7649.1,UPI
TXN_20240901116,2024-09-10,CUST_0152,PRD_E102,Paytm Card POS Terminal Neo,Electronics,"Store-104 (Banjara Hills, Hyderabad)",RETURNING,1,4999.0,0.0,4999.0,UPI
TXN_20240901117,2024-09-10,CUST_0076,PRD_E104,Wireless Barcode Scanner BT,Electronics,"Store-103 (BKC, Mumbai)",NEW,1,1899.0,189.9,1709.1,UPI
TXN_20240901118,2024-09-10,CUST_0453,PRD_M302,Voice Box Mounting Bracket,Merchant Essentials,"Store-101 (Connaught Place, Delhi)",NEW,1,249.0,37.35,211.65,UPI
TXN_20240901119,2024-09-10,CUST_0490,PRD_S402,Automated Tally Accounting Sync,Software & Services,"Store-103 (BKC, Mumbai)",RETURNING,1,1499.0,0.0,1499.0,Paytm Wallet
TXN_20240901120,2024-09-10,CUST_0044,PRD_S401,Paytm Business Prime Subscription,Software & Services,"Store-105 (Park Street, Kolkata)",RETURNING,1,999.0,0.0,999.0,UPI
TXN_20240901121,2024-09-10,CUST_0218,PRD_E102,Paytm Card POS Terminal Neo,Electronics,"Store-103 (BKC, Mumbai)",NEW,1,4999.0,0.0,4999.0,Net Banking
TXN_20240901122,2024-09-10,CUST_0139,PRD_S401,Paytm Business Prime Subscription,Software & Services,"Store-103 (BKC, Mumbai)",NEW,3,999.0,299.7,2697.3,Credit Card
TXN_20240901123,2024-09-10,CUST_0040,PRD_M303,Cash Drawer 4-Slot Auto-Open,Merchant Essentials,"Store-102 (Indiranagar, Bengaluru)",RETURNING,3,2299.0,0.0,6897.0,UPI
TXN_20240901124,2024-09-10,CUST_0408,PRD_M303,Cash Drawer 4-Slot Auto-Open,Merchant Essentials,"Store-104 (Banjara Hills, Hyderabad)",NEW,2,2299.0,0.0,4598.0,UPI
TXN_20240901125,2024-09-10,CUST_0373,PRD_E103,Paytm Smart All-in-One POS,Electronics,"Store-101 (Connaught Place, Delhi)",NEW,1,8499.0,0.0,8499.0,Debit Card
TXN_20240901126,2024-09-10,CUST_0181,PRD_E104,Wireless Barcode Scanner BT,Electronics,"Store-104 (Banjara Hills, Hyderabad)",RETURNING,1,1899.0,94.95,1804.05,Credit Card
TXN_20240901127,2024-09-10,CUST_0071,PRD_M303,Cash Drawer 4-Slot Auto-Open,Merchant Essentials,"Store-102 (Indiranagar, Bengaluru)",RETURNING,1,2299.0,114.95,2184.05,UPI
TXN_20240901128,2024-09-10,CUST_0275,PRD_M303,Cash Drawer 4-Slot Auto-Open,Merchant Essentials,"Store-104 (Banjara Hills, Hyderabad)",NEW,1,2299.0,114.95,2184.05,UPI
TXN_20240901129,2024-09-10,CUST_0398,PRD_M301,Acrylic QR Standee - Dual Bank,Merchant Essentials,"Store-102 (Indiranagar, Bengaluru)",RETURNING,2,349.0,0.0,698.0,Paytm Wallet
TXN_20240901130,2024-09-10,CUST_0009,PRD_E104,Wireless Barcode Scanner BT,Electronics,"Store-104 (Banjara Hills, Hyderabad)",RETURNING,3,1899.0,0.0,5697.0,UPI
TXN_20240901131,2024-09-10,CUST_0435,PRD_M304,Merchant Branding Banner Kit,Merchant Essentials,"Store-102 (Indiranagar, Bengaluru)",NEW,1,599.0,0.0,599.0,Debit Card
TXN_20240901132,2024-09-10,CUST_0498,PRD_S402,Automated Tally Accounting Sync,Software & Services,"Store-104 (Banjara Hills, Hyderabad)",RETURNING,1,1499.0,0.0,1499.0,UPI
TXN_20240901133,2024-09-10,CUST_0493,PRD_M301,Acrylic QR Standee - Dual Bank,Merchant Essentials,"Store-102 (Indiranagar, Bengaluru)",NEW,1,349.0,0.0,349.0,Paytm Wallet
TXN_20240901134,2024-09-10,CUST_0191,PRD_E101,Paytm Soundbox 4.0 Pro,Electronics,"Store-101 (Connaught Place, Delhi)",NEW,1,1499.0,0.0,1499.0,Debit Card
TXN_20240901135,2024-09-10,CUST_0446,PRD_E102,Paytm Card POS Terminal Neo,Electronics,"Store-102 (Indiranagar, Bengaluru)",RETURNING,2,4999.0,0.0,9998.0,Credit Card
TXN_20240901136,2024-09-10,CUST_0417,PRD_E105,Dynamic Display QR Standee,Electronics,"Store-102 (Indiranagar, Bengaluru)",NEW,1,1299.0,0.0,1299.0,UPI
TXN_20240901137,2024-09-10,CUST_0486,PRD_E104,Wireless Barcode Scanner BT,Electronics,"Store-104 (Banjara Hills, Hyderabad)",NEW,1,1899.0,0.0,1899.0,Credit Card
TXN_20240901138,2024-09-10,CUST_0007,PRD_E103,Paytm Smart All-in-One POS,Electronics,"Store-102 (Indiranagar, Bengaluru)",RETURNING,1,8499.0,424.95,8074.05,UPI
TXN_20240901139,2024-09-10,CUST_0083,PRD_E101,Paytm Soundbox 4.0 Pro,Electronics,"Store-104 (Banjara Hills, Hyderabad)",NEW,1,1499.0,149.9,1349.1,Credit Card
TXN_20240901140,2024-09-10,CUST_0425,PRD_E103,Paytm Smart All-in-One POS,Electronics,"Store-105 (Park Street, Kolkata)",RETURNING,1,8499.0,0.0,8499.0,UPI
TXN_20240901141,2024-09-10,CUST_0499,PRD_E101,Paytm Soundbox 4.0 Pro,Electronics,"Store-104 (Banjara Hills, Hyderabad)",NEW,3,1499.0,0.0,4497.0,UPI
TXN_20240901142,2024-09-10,CUST_0317,PRD_E101,Paytm Soundbox 4.0 Pro,Electronics,"Store-104 (Banjara Hills, Hyderabad)",RETURNING,1,1499.0,74.95,1424.05,Debit Card
TXN_20240901143,2024-09-10,CUST_0419,PRD_M301,Acrylic QR Standee - Dual Bank,Merchant Essentials,"Store-104 (Banjara Hills, Hyderabad)",NEW,1,349.0,17.45,331.55,Debit Card
TXN_20240901144,2024-09-10,CUST_0085,PRD_E101,Paytm Soundbox 4.0 Pro,Electronics,"Store-103 (BKC, Mumbai)",RETURNING,2,1499.0,0.0,2998.0,UPI
TXN_20240901145,2024-09-10,CUST_0309,PRD_M303,Cash Drawer 4-Slot Auto-Open,Merchant Essentials,"Store-103 (BKC, Mumbai)",NEW,1,2299.0,0.0,2299.0,UPI
TXN_20240901146,2024-09-10,CUST_0034,PRD_E103,Paytm Smart All-in-One POS,Electronics,"Store-101 (Connaught Place, Delhi)",NEW,2,8499.0,0.0,16998.0,Credit Card
TXN_20240901147,2024-09-10,CUST_0327,PRD_S402,Automated Tally Accounting Sync,Software & Services,"Store-102 (Indiranagar, Bengaluru)",NEW,1,1499.0,224.85,1274.15,Credit Card
TXN_20240901148,2024-09-10,CUST_0289,PRD_S403,Priority Settlement Annual Plan,Software & Services,"Store-104 (Banjara Hills, Hyderabad)",NEW,1,1999.0,0.0,1999.0,Paytm Wallet
TXN_20240901149,2024-09-10,CUST_0005,PRD_S403,Priority Settlement Annual Plan,Software & Services,"Store-103 (BKC, Mumbai)",NEW,3,1999.0,299.85,5697.15,UPI
TXN_20240901150,2024-09-10,CUST_0201,PRD_M302,Voice Box Mounting Bracket,Merchant Essentials,"Store-102 (Indiranagar, Bengaluru)",RETURNING,2,249.0,0.0,498.0,Credit Card
TXN_20240901151,2024-09-10,CUST_0052,PRD_A201,Soundbox Replacement Battery,Accessories,"Store-102 (Indiranagar, Bengaluru)",NEW,1,499.0,49.9,449.1,UPI
TXN_20240901152,2024-09-10,CUST_0445,PRD_M304,Merchant Branding Banner Kit,Merchant Essentials,"Store-103 (BKC, Mumbai)",RETURNING,1,599.0,0.0,599.0,Credit Card
TXN_20240901153,2024-09-10,CUST_0488,PRD_M302,Voice Box Mounting Bracket,Merchant Essentials,"Store-102 (Indiranagar, Bengaluru)",RETURNING,2,249.0,49.8,448.2,UPI
TXN_20240901154,2024-09-10,CUST_0494,PRD_A201,Soundbox Replacement Battery,Accessories,"Store-105 (Park Street, Kolkata)",RETURNING,1,499.0,0.0,499.0,Debit Card
TXN_20240901155,2024-09-10,CUST_0174,PRD_E103,Paytm Smart All-in-One POS,Electronics,"Store-105 (Park Street, Kolkata)",NEW,2,8499.0,0.0,16998.0,Net Banking
TXN_20240901156,2024-09-10,CUST_0397,PRD_M301,Acrylic QR Standee - Dual Bank,Merchant Essentials,"Store-102 (Indiranagar, Bengaluru)",NEW,1,349.0,17.45,331.55,UPI
TXN_20240901157,2024-09-10,CUST_0079,PRD_A203,Thermal Receipt Rolls (Pack of 10),Accessories,"Store-104 (Banjara Hills, Hyderabad)",RETURNING,2,299.0,59.8,538.2,UPI
TXN_20240901158,2024-09-11,CUST_0497,PRD_M303,Cash Drawer 4-Slot Auto-Open,Merchant Essentials,"Store-101 (Connaught Place, Delhi)",RETURNING,1,2299.0,0.0,2299.0,UPI
TXN_20240901159,2024-09-11,CUST_0035,PRD_E103,Paytm Smart All-in-One POS,Electronics,"Store-103 (BKC, Mumbai)",NEW,1,8499.0,0.0,8499.0,Credit Card
TXN_20240901160,2024-09-11,CUST_0236,PRD_E103,Paytm Smart All-in-One POS,Electronics,"Store-104 (Banjara Hills, Hyderabad)",RETURNING,3,8499.0,0.0,25497.0,Paytm Wallet
TXN_20240901161,2024-09-11,CUST_0482,PRD_E102,Paytm Card POS Terminal Neo,Electronics,"Store-105 (Park Street, Kolkata)",RETURNING,1,4999.0,0.0,4999.0,UPI
TXN_20240901162,2024-09-11,CUST_0318,PRD_S401,Paytm Business Prime Subscription,Software & Services,"Store-102 (Indiranagar, Bengaluru)",NEW,1,999.0,49.95,949.05,Credit Card
TXN_20240901163,2024-09-11,CUST_0161,PRD_E104,Wireless Barcode Scanner BT,Electronics,"Store-104 (Banjara Hills, Hyderabad)",RETURNING,1,1899.0,189.9,1709.1,Credit Card
TXN_20240901164,2024-09-11,CUST_0318,PRD_S403,Priority Settlement Annual Plan,Software & Services,"Store-101 (Connaught Place, Delhi)",NEW,1,1999.0,0.0,1999.0,Debit Card
TXN_20240901165,2024-09-11,CUST_0005,PRD_E102,Paytm Card POS Terminal Neo,Electronics,"Store-101 (Connaught Place, Delhi)",NEW,1,4999.0,0.0,4999.0,UPI
TXN_20240901166,2024-09-11,CUST_0038,PRD_E103,Paytm Smart All-in-One POS,Electronics,"Store-104 (Banjara Hills, Hyderabad)",RETURNING,1,8499.0,424.95,8074.05,UPI
TXN_20240901167,2024-09-11,CUST_0419,PRD_E105,Dynamic Display QR Standee,Electronics,"Store-101 (Connaught Place, Delhi)",NEW,1,1299.0,0.0,1299.0,Paytm Wallet
TXN_20240901168,2024-09-11,CUST_0204,PRD_M302,Voice Box Mounting Bracket,Merchant Essentials,"Store-102 (Indiranagar, Bengaluru)",RETURNING,2,249.0,0.0,498.0,Credit Card
TXN_20240901169,2024-09-11,CUST_0109,PRD_M301,Acrylic QR Standee - Dual Bank,Merchant Essentials,"Store-104 (Banjara Hills, Hyderabad)",RETURNING,1,349.0,17.45,331.55,Paytm Wallet
TXN_20240901170,2024-09-11,CUST_0075,PRD_A205,Bluetooth Audio Dongle Mini,Accessories,"Store-103 (BKC, Mumbai)",NEW,1,399.0,59.85,339.15,Debit Card
TXN_20240901171,2024-09-11,CUST_0032,PRD_S402,Automated Tally Accounting Sync,Software & Services,"Store-103 (BKC, Mumbai)",NEW,2,1499.0,449.7,2548.3,UPI
TXN_20240901172,2024-09-11,CUST_0109,PRD_M304,Merchant Branding Banner Kit,Merchant Essentials,"Store-104 (Banjara Hills, Hyderabad)",RETURNING,1,599.0,0.0,599.0,UPI
TXN_20240901173,2024-09-11,CUST_0208,PRD_E101,Paytm Soundbox 4.0 Pro,Electronics,"Store-104 (Banjara Hills, Hyderabad)",RETURNING,2,1499.0,149.9,2848.1,UPI
TXN_20240901174,2024-09-11,CUST_0426,PRD_E101,Paytm Soundbox 4.0 Pro,Electronics,"Store-104 (Banjara Hills, Hyderabad)",RETURNING,1,1499.0,0.0,1499.0,UPI
TXN_20240901175,2024-09-11,CUST_0215,PRD_E105,Dynamic Display QR Standee,Electronics,"Store-105 (Park Street, Kolkata)",NEW,1,1299.0,0.0,1299.0,Credit Card
TXN_20240901176,2024-09-11,CUST_0182,PRD_S401,Paytm Business Prime Subscription,Software & Services,"Store-105 (Park Street, Kolkata)",NEW,1,999.0,0.0,999.0,Debit Card
TXN_20240901177,2024-09-11,CUST_0306,PRD_E102,Paytm Card POS Terminal Neo,Electronics,"Store-105 (Park Street, Kolkata)",RETURNING,1,4999.0,749.85,4249.15,Paytm Wallet
TXN_20240901178,2024-09-11,CUST_0381,PRD_M304,Merchant Branding Banner Kit,Merchant Essentials,"Store-103 (BKC, Mumbai)",NEW,1,599.0,59.9,539.1,Paytm Wallet
TXN_20240901179,2024-09-11,CUST_0256,PRD_M304,Merchant Branding Banner Kit,Merchant Essentials,"Store-101 (Connaught Place, Delhi)",RETURNING,2,599.0,0.0,1198.0,Credit Card
TXN_20240901180,2024-09-11,CUST_0231,PRD_S402,Automated Tally Accounting Sync,Software & Services,"Store-102 (Indiranagar, Bengaluru)",RETURNING,1,1499.0,74.95,1424.05,UPI
TXN_20240901181,2024-09-11,CUST_0382,PRD_S403,Priority Settlement Annual Plan,Software & Services,"Store-104 (Banjara Hills, Hyderabad)",NEW,1,1999.0,199.9,1799.1,Credit Card
TXN_20240901182,2024-09-11,CUST_0111,PRD_E104,Wireless Barcode Scanner BT,Electronics,"Store-102 (Indiranagar, Bengaluru)",RETURNING,3,1899.0,0.0,5697.0,Debit Card
TXN_20240901183,2024-09-11,CUST_0009,PRD_E104,Wireless Barcode Scanner BT,Electronics,"Store-103 (BKC, Mumbai)",RETURNING,1,1899.0,94.95,1804.05,Credit Card
TXN_20240901184,2024-09-11,CUST_0234,PRD_E105,Dynamic Display QR Standee,Electronics,"Store-103 (BKC, Mumbai)",RETURNING,1,1299.0,64.95,1234.05,Debit Card
TXN_20240901185,2024-09-11,CUST_0059,PRD_S402,Automated Tally Accounting Sync,Software & Services,"Store-104 (Banjara Hills, Hyderabad)",RETURNING,2,1499.0,149.9,2848.1,UPI
TXN_20240901186,2024-09-11,CUST_0196,PRD_E103,Paytm Smart All-in-One POS,Electronics,"Store-104 (Banjara Hills, Hyderabad)",NEW,1,8499.0,424.95,8074.05,Paytm Wallet
TXN_20240901187,2024-09-11,CUST_0464,PRD_M304,Merchant Branding Banner Kit,Merchant Essentials,"Store-101 (Connaught Place, Delhi)",RETURNING,3,599.0,89.85,1707.15,Credit Card
TXN_20240901188,2024-09-11,CUST_0211,PRD_E102,Paytm Card POS Terminal Neo,Electronics,"Store-105 (Park Street, Kolkata)",NEW,2,4999.0,0.0,9998.0,UPI
TXN_20240901189,2024-09-11,CUST_0298,PRD_M303,Cash Drawer 4-Slot Auto-Open,Merchant Essentials,"Store-103 (BKC, Mumbai)",NEW,2,2299.0,0.0,4598.0,Debit Card
TXN_20240901190,2024-09-11,CUST_0283,PRD_E104,Wireless Barcode Scanner BT,Electronics,"Store-102 (Indiranagar, Bengaluru)",NEW,2,1899.0,569.7,3228.3,UPI
TXN_20240901191,2024-09-11,CUST_0407,PRD_S401,Paytm Business Prime Subscription,Software & Services,"Store-104 (Banjara Hills, Hyderabad)",RETURNING,2,999.0,199.8,1798.2,UPI
TXN_20240901192,2024-09-11,CUST_0482,PRD_E104,Wireless Barcode Scanner BT,Electronics,"Store-102 (Indiranagar, Bengaluru)",RETURNING,1,1899.0,94.95,1804.05,UPI
TXN_20240901193,2024-09-11,CUST_0463,PRD_M303,Cash Drawer 4-Slot Auto-Open,Merchant Essentials,"Store-104 (Banjara Hills, Hyderabad)",RETURNING,2,2299.0,689.7,3908.3,UPI
TXN_20240901194,2024-09-11,CUST_0014,PRD_E102,Paytm Card POS Terminal Neo,Electronics,"Store-103 (BKC, Mumbai)",RETURNING,2,4999.0,499.9,9498.1,UPI
TXN_20240901195,2024-09-11,CUST_0088,PRD_S402,Automated Tally Accounting Sync,Software & Services,"Store-104 (Banjara Hills, Hyderabad)",NEW,1,1499.0,224.85,1274.15,UPI
TXN_20240901196,2024-09-11,CUST_0330,PRD_E104,Wireless Barcode Scanner BT,Electronics,"Store-101 (Connaught Place, Delhi)",RETURNING,2,1899.0,0.0,3798.0,Credit Card
TXN_20240901197,2024-09-11,CUST_0373,PRD_E102,Paytm Card POS Terminal Neo,Electronics,"Store-103 (BKC, Mumbai)",NEW,1,4999.0,0.0,4999.0,UPI
TXN_20240901198,2024-09-11,CUST_0411,PRD_E102,Paytm Card POS Terminal Neo,Electronics,"Store-101 (Connaught Place, Delhi)",RETURNING,1,4999.0,499.9,4499.1,Credit Card
TXN_20240901199,2024-09-11,CUST_0134,PRD_M304,Merchant Branding Banner Kit,Merchant Essentials,"Store-102 (Indiranagar, Bengaluru)",RETURNING,4,599.0,0.0,2396.0,UPI
TXN_20240901200,2024-09-11,CUST_0322,PRD_M303,Cash Drawer 4-Slot Auto-Open,Merchant Essentials,"Store-102 (Indiranagar, Bengaluru)",RETURNING,1,2299.0,344.85,1954.15,UPI
TXN_20240901201,2024-09-11,CUST_0196,PRD_E101,Paytm Soundbox 4.0 Pro,Electronics,"Store-102 (Indiranagar, Bengaluru)",NEW,5,1499.0,374.75,7120.25,Debit Card
TXN_20240901202,2024-09-11,CUST_0096,PRD_E103,Paytm Smart All-in-One POS,Electronics,"Store-102 (Indiranagar, Bengaluru)",RETURNING,1,8499.0,0.0,8499.0,Debit Card
TXN_20240901203,2024-09-11,CUST_0403,PRD_E104,Wireless Barcode Scanner BT,Electronics,"Store-103 (BKC, Mumbai)",RETURNING,1,1899.0,284.85,1614.15,Credit Card
TXN_20240901204,2024-09-11,CUST_0327,PRD_S403,Priority Settlement Annual Plan,Software & Services,"Store-101 (Connaught Place, Delhi)",NEW,1,1999.0,299.85,1699.15,UPI
TXN_20240901205,2024-09-11,CUST_0073,PRD_E103,Paytm Smart All-in-One POS,Electronics,"Store-102 (Indiranagar, Bengaluru)",RETURNING,1,8499.0,0.0,8499.0,Debit Card
TXN_20240901206,2024-09-11,CUST_0201,PRD_E102,Paytm Card POS Terminal Neo,Electronics,"Store-101 (Connaught Place, Delhi)",RETURNING,1,4999.0,249.95,4749.05,UPI
TXN_20240901207,2024-09-11,CUST_0215,PRD_E104,Wireless Barcode Scanner BT,Electronics,"Store-103 (BKC, Mumbai)",NEW,1,1899.0,94.95,1804.05,UPI
TXN_20240901208,2024-09-11,CUST_0153,PRD_E101,Paytm Soundbox 4.0 Pro,Electronics,"Store-102 (Indiranagar, Bengaluru)",RETURNING,1,1499.0,149.9,1349.1,UPI
TXN_20240901209,2024-09-11,CUST_0176,PRD_S403,Priority Settlement Annual Plan,Software & Services,"Store-104 (Banjara Hills, Hyderabad)",RETURNING,5,1999.0,0.0,9995.0,UPI
TXN_20240901210,2024-09-11,CUST_0131,PRD_S402,Automated Tally Accounting Sync,Software & Services,"Store-102 (Indiranagar, Bengaluru)",NEW,1,1499.0,74.95,1424.05,UPI
TXN_20240901211,2024-09-11,CUST_0390,PRD_E102,Paytm Card POS Terminal Neo,Electronics,"Store-103 (BKC, Mumbai)",RETURNING,2,4999.0,0.0,9998.0,UPI
TXN_20240901212,2024-09-11,CUST_0373,PRD_M301,Acrylic QR Standee - Dual Bank,Merchant Essentials,"Store-102 (Indiranagar, Bengaluru)",NEW,1,349.0,17.45,331.55,Paytm Wallet
TXN_20240901213,2024-09-11,CUST_0179,PRD_M301,Acrylic QR Standee - Dual Bank,Merchant Essentials,"Store-103 (BKC, Mumbai)",NEW,1,349.0,34.9,314.1,UPI
TXN_20240901214,2024-09-11,CUST_0485,PRD_E105,Dynamic Display QR Standee,Electronics,"Store-102 (Indiranagar, Bengaluru)",RETURNING,2,1299.0,259.8,2338.2,Credit Card
TXN_20240901215,2024-09-11,CUST_0493,PRD_E104,Wireless Barcode Scanner BT,Electronics,"Store-105 (Park Street, Kolkata)",NEW,2,1899.0,189.9,3608.1,UPI
TXN_20240901216,2024-09-11,CUST_0106,PRD_S402,Automated Tally Accounting Sync,Software & Services,"Store-104 (Banjara Hills, Hyderabad)",RETURNING,1,1499.0,74.95,1424.05,UPI
TXN_20240901217,2024-09-11,CUST_0164,PRD_A204,Heavy Duty POS Lanyard Strap,Accessories,"Store-105 (Park Street, Kolkata)",NEW,1,149.0,0.0,149.0,UPI
TXN_20240901218,2024-09-11,CUST_0460,PRD_A205,Bluetooth Audio Dongle Mini,Accessories,"Store-101 (Connaught Place, Delhi)",RETURNING,1,399.0,59.85,339.15,UPI
TXN_20240901219,2024-09-11,CUST_0210,PRD_E103,Paytm Smart All-in-One POS,Electronics,"Store-105 (Park Street, Kolkata)",RETURNING,2,8499.0,0.0,16998.0,UPI
TXN_20240901220,2024-09-11,CUST_0405,PRD_E102,Paytm Card POS Terminal Neo,Electronics,"Store-102 (Indiranagar, Bengaluru)",RETURNING,1,4999.0,0.0,4999.0,Debit Card
TXN_20240901221,2024-09-11,CUST_0063,PRD_E101,Paytm Soundbox 4.0 Pro,Electronics,"Store-101 (Connaught Place, Delhi)",RETURNING,2,1499.0,149.9,2848.1,UPI
TXN_20240901222,2024-09-11,CUST_0120,PRD_A202,POS Charging Cradle Dock,Accessories,"Store-104 (Banjara Hills, Hyderabad)",NEW,1,699.0,0.0,699.0,UPI
TXN_20240901223,2024-09-11,CUST_0288,PRD_E103,Paytm Smart All-in-One POS,Electronics,"Store-105 (Park Street, Kolkata)",RETURNING,3,8499.0,1274.85,24222.15,Credit Card
TXN_20240901224,2024-09-11,CUST_0331,PRD_E105,Dynamic Display QR Standee,Electronics,"Store-104 (Banjara Hills, Hyderabad)",NEW,1,1299.0,0.0,1299.0,UPI
TXN_20240901225,2024-09-11,CUST_0411,PRD_E105,Dynamic Display QR Standee,Electronics,"Store-101 (Connaught Place, Delhi)",RETURNING,5,1299.0,0.0,6495.0,UPI
TXN_20240901226,2024-09-11,CUST_0168,PRD_A203,Thermal Receipt Rolls (Pack of 10),Accessories,"Store-102 (Indiranagar, Bengaluru)",RETURNING,1,299.0,14.95,284.05,Debit Card
TXN_20240901227,2024-09-11,CUST_0003,PRD_S401,Paytm Business Prime Subscription,Software & Services,"Store-103 (BKC, Mumbai)",RETURNING,1,999.0,0.0,999.0,UPI
TXN_20240901228,2024-09-11,CUST_0271,PRD_E101,Paytm Soundbox 4.0 Pro,Electronics,"Store-101 (Connaught Place, Delhi)",RETURNING,2,1499.0,299.8,2698.2,Credit Card
TXN_20240901229,2024-09-11,CUST_0141,PRD_E104,Wireless Barcode Scanner BT,Electronics,"Store-103 (BKC, Mumbai)",NEW,1,1899.0,94.95,1804.05,UPI
TXN_20240901230,2024-09-11,CUST_0314,PRD_E101,Paytm Soundbox 4.0 Pro,Electronics,"Store-103 (BKC, Mumbai)",NEW,1,1499.0,74.95,1424.05,Debit Card
TXN_20240901231,2024-09-11,CUST_0496,PRD_S401,Paytm Business Prime Subscription,Software & Services,"Store-103 (BKC, Mumbai)",RETURNING,4,999.0,0.0,3996.0,Debit Card
TXN_20240901232,2024-09-11,CUST_0072,PRD_E102,Paytm Card POS Terminal Neo,Electronics,"Store-103 (BKC, Mumbai)",RETURNING,2,4999.0,0.0,9998.0,UPI
TXN_20240901233,2024-09-11,CUST_0371,PRD_S401,Paytm Business Prime Subscription,Software & Services,"Store-103 (BKC, Mumbai)",NEW,2,999.0,99.9,1898.1,UPI
TXN_20240901234,2024-09-11,CUST_0353,PRD_M304,Merchant Branding Banner Kit,Merchant Essentials,"Store-103 (BKC, Mumbai)",NEW,2,599.0,0.0,1198.0,UPI
TXN_20240901235,2024-09-11,CUST_0156,PRD_E101,Paytm Soundbox 4.0 Pro,Electronics,"Store-103 (BKC, Mumbai)",NEW,1,1499.0,149.9,1349.1,UPI
TXN_20240901236,2024-09-11,CUST_0358,PRD_E102,Paytm Card POS Terminal Neo,Electronics,"Store-102 (Indiranagar, Bengaluru)",RETURNING,2,4999.0,0.0,9998.0,UPI
TXN_20240901237,2024-09-11,CUST_0300,PRD_S401,Paytm Business Prime Subscription,Software & Services,"Store-104 (Banjara Hills, Hyderabad)",NEW,1,999.0,49.95,949.05,UPI
TXN_20240901238,2024-09-11,CUST_0124,PRD_A203,Thermal Receipt Rolls (Pack of 10),Accessories,"Store-104 (Banjara Hills, Hyderabad)",NEW,3,299.0,0.0,897.0,Credit Card
TXN_20240901239,2024-09-11,CUST_0116,PRD_E101,Paytm Soundbox 4.0 Pro,Electronics,"Store-103 (BKC, Mumbai)",NEW,1,1499.0,0.0,1499.0,Debit Card
TXN_20240901240,2024-09-11,CUST_0125,PRD_M301,Acrylic QR Standee - Dual Bank,Merchant Essentials,"Store-102 (Indiranagar, Bengaluru)",RETURNING,2,349.0,34.9,663.1,UPI
TXN_20240901241,2024-09-11,CUST_0344,PRD_E103,Paytm Smart All-in-One POS,Electronics,"Store-104 (Banjara Hills, Hyderabad)",NEW,1,8499.0,0.0,8499.0,UPI
TXN_20240901242,2024-09-11,CUST_0303,PRD_M302,Voice Box Mounting Bracket,Merchant Essentials,"Store-105 (Park Street, Kolkata)",RETURNING,2,249.0,0.0,498.0,UPI
TXN_20240901243,2024-09-11,CUST_0079,PRD_M304,Merchant Branding Banner Kit,Merchant Essentials,"Store-101 (Connaught Place, Delhi)",RETURNING,3,599.0,0.0,1797.0,Paytm Wallet
TXN_20240901244,2024-09-11,CUST_0445,PRD_A204,Heavy Duty POS Lanyard Strap,Accessories,"Store-102 (Indiranagar, Bengaluru)",RETURNING,3,149.0,0.0,447.0,UPI
TXN_20240901245,2024-09-11,CUST_0158,PRD_S402,Automated Tally Accounting Sync,Software & Services,"Store-105 (Park Street, Kolkata)",RETURNING,2,1499.0,299.8,2698.2,Credit Card
TXN_20240901246,2024-09-11,CUST_0124,PRD_E101,Paytm Soundbox 4.0 Pro,Electronics,"Store-104 (Banjara Hills, Hyderabad)",NEW,1,1499.0,0.0,1499.0,Credit Card
TXN_20240901247,2024-09-11,CUST_0232,PRD_E104,Wireless Barcode Scanner BT,Electronics,"Store-101 (Connaught Place, Delhi)",RETURNING,3,1899.0,0.0,5697.0,UPI
TXN_20240901248,2024-09-11,CUST_0258,PRD_E105,Dynamic Display QR Standee,Electronics,"Store-103 (BKC, Mumbai)",NEW,1,1299.0,0.0,1299.0,UPI
TXN_20240901249,2024-09-11,CUST_0333,PRD_E104,Wireless Barcode Scanner BT,Electronics,"Store-104 (Banjara Hills, Hyderabad)",RETURNING,2,1899.0,0.0,3798.0,UPI
TXN_20240901250,2024-09-11,CUST_0312,PRD_E105,Dynamic Display QR Standee,Electronics,"Store-104 (Banjara Hills, Hyderabad)",NEW,1,1299.0,0.0,1299.0,UPI
TXN_20240901251,2024-09-11,CUST_0057,PRD_E103,Paytm Smart All-in-One POS,Electronics,"Store-101 (Connaught Place, Delhi)",NEW,2,8499.0,849.9,16148.1,UPI
TXN_20240901252,2024-09-11,CUST_0273,PRD_E102,Paytm Card POS Terminal Neo,Electronics,"Store-102 (Indiranagar, Bengaluru)",RETURNING,2,4999.0,0.0,9998.0,UPI
TXN_20240901253,2024-09-11,CUST_0113,PRD_M302,Voice Box Mounting Bracket,Merchant Essentials,"Store-103 (BKC, Mumbai)",RETURNING,2,249.0,0.0,498.0,Credit Card
TXN_20240901254,2024-09-11,CUST_0362,PRD_A204,Heavy Duty POS Lanyard Strap,Accessories,"Store-101 (Connaught Place, Delhi)",NEW,1,149.0,7.45,141.55,Credit Card
TXN_20240901255,2024-09-11,CUST_0245,PRD_M302,Voice Box Mounting Bracket,Merchant Essentials,"Store-102 (Indiranagar, Bengaluru)",RETURNING,1,249.0,0.0,249.0,UPI
TXN_20240901256,2024-09-11,CUST_0234,PRD_E102,Paytm Card POS Terminal Neo,Electronics,"Store-101 (Connaught Place, Delhi)",RETURNING,1,4999.0,0.0,4999.0,Paytm Wallet
TXN_20240901257,2024-09-11,CUST_0452,PRD_E101,Paytm Soundbox 4.0 Pro,Electronics,"Store-101 (Connaught Place, Delhi)",RETURNING,1,1499.0,74.95,1424.05,UPI
TXN_20240901258,2024-09-11,CUST_0127,PRD_E105,Dynamic Display QR Standee,Electronics,"Store-101 (Connaught Place, Delhi)",RETURNING,2,1299.0,389.7,2208.3,Debit Card
TXN_20240901259,2024-09-11,CUST_0269,PRD_A201,Soundbox Replacement Battery,Accessories,"Store-102 (Indiranagar, Bengaluru)",NEW,2,499.0,0.0,998.0,Debit Card
TXN_20240901260,2024-09-11,CUST_0172,PRD_E105,Dynamic Display QR Standee,Electronics,"Store-103 (BKC, Mumbai)",NEW,5,1299.0,0.0,6495.0,UPI
TXN_20240901261,2024-09-11,CUST_0187,PRD_E105,Dynamic Display QR Standee,Electronics,"Store-103 (BKC, Mumbai)",RETURNING,1,1299.0,64.95,1234.05,Credit Card
TXN_20240901262,2024-09-11,CUST_0443,PRD_S401,Paytm Business Prime Subscription,Software & Services,"Store-105 (Park Street, Kolkata)",RETURNING,1,999.0,49.95,949.05,Credit Card
TXN_20240901263,2024-09-11,CUST_0076,PRD_S403,Priority Settlement Annual Plan,Software & Services,"Store-102 (Indiranagar, Bengaluru)",NEW,1,1999.0,0.0,1999.0,UPI
TXN_20240901264,2024-09-11,CUST_0126,PRD_A203,Thermal Receipt Rolls (Pack of 10),Accessories,"Store-104 (Banjara Hills, Hyderabad)",NEW,1,299.0,14.95,284.05,UPI
TXN_20240901265,2024-09-11,CUST_0489,PRD_E104,Wireless Barcode Scanner BT,Electronics,"Store-101 (Connaught Place, Delhi)",NEW,3,1899.0,569.7,5127.3,Credit Card
TXN_20240901266,2024-09-11,CUST_0461,PRD_S401,Paytm Business Prime Subscription,Software & Services,"Store-105 (Park Street, Kolkata)",RETURNING,1,999.0,0.0,999.0,UPI
TXN_20240901267,2024-09-11,CUST_0302,PRD_E105,Dynamic Display QR Standee,Electronics,"Store-103 (BKC, Mumbai)",NEW,1,1299.0,0.0,1299.0,UPI
TXN_20240901268,2024-09-11,CUST_0176,PRD_M304,Merchant Branding Banner Kit,Merchant Essentials,"Store-101 (Connaught Place, Delhi)",RETURNING,1,599.0,89.85,509.15,Debit Card
TXN_20240901269,2024-09-11,CUST_0148,PRD_E102,Paytm Card POS Terminal Neo,Electronics,"Store-101 (Connaught Place, Delhi)",NEW,1,4999.0,249.95,4749.05,UPI
TXN_20240901270,2024-09-11,CUST_0077,PRD_A201,Soundbox Replacement Battery,Accessories,"Store-103 (BKC, Mumbai)",RETURNING,1,499.0,0.0,499.0,UPI
TXN_20240901271,2024-09-11,CUST_0410,PRD_E103,Paytm Smart All-in-One POS,Electronics,"Store-104 (Banjara Hills, Hyderabad)",NEW,1,8499.0,0.0,8499.0,Credit Card
TXN_20240901272,2024-09-11,CUST_0028,PRD_E105,Dynamic Display QR Standee,Electronics,"Store-101 (Connaught Place, Delhi)",RETURNING,1,1299.0,0.0,1299.0,UPI
TXN_20240901273,2024-09-11,CUST_0180,PRD_M304,Merchant Branding Banner Kit,Merchant Essentials,"Store-105 (Park Street, Kolkata)",RETURNING,1,599.0,0.0,599.0,UPI
TXN_20240901274,2024-09-11,CUST_0139,PRD_E102,Paytm Card POS Terminal Neo,Electronics,"Store-102 (Indiranagar, Bengaluru)",NEW,1,4999.0,749.85,4249.15,UPI
TXN_20240901275,2024-09-11,CUST_0017,PRD_E105,Dynamic Display QR Standee,Electronics,"Store-103 (BKC, Mumbai)",RETURNING,1,1299.0,0.0,1299.0,UPI
TXN_20240901276,2024-09-11,CUST_0463,PRD_E101,Paytm Soundbox 4.0 Pro,Electronics,"Store-103 (BKC, Mumbai)",RETURNING,2,1499.0,0.0,2998.0,UPI
TXN_20240901277,2024-09-11,CUST_0449,PRD_E104,Wireless Barcode Scanner BT,Electronics,"Store-105 (Park Street, Kolkata)",RETURNING,1,1899.0,0.0,1899.0,UPI
TXN_20240901278,2024-09-11,CUST_0103,PRD_E104,Wireless Barcode Scanner BT,Electronics,"Store-101 (Connaught Place, Delhi)",NEW,1,1899.0,284.85,1614.15,UPI
TXN_20240901279,2024-09-11,CUST_0094,PRD_E104,Wireless Barcode Scanner BT,Electronics,"Store-104 (Banjara Hills, Hyderabad)",RETURNING,1,1899.0,94.95,1804.05,UPI
TXN_20240901280,2024-09-12,CUST_0365,PRD_E104,Wireless Barcode Scanner BT,Electronics,"Store-103 (BKC, Mumbai)",NEW,1,1899.0,0.0,1899.0,UPI
TXN_20240901281,2024-09-12,CUST_0015,PRD_S401,Paytm Business Prime Subscription,Software & Services,"Store-101 (Connaught Place, Delhi)",RETURNING,3,999.0,299.7,2697.3,Credit Card
TXN_20240901282,2024-09-12,CUST_0155,PRD_M303,Cash Drawer 4-Slot Auto-Open,Merchant Essentials,"Store-105 (Park Street, Kolkata)",RETURNING,2,2299.0,229.9,4368.1,Credit Card
TXN_20240901283,2024-09-12,CUST_0151,PRD_E101,Paytm Soundbox 4.0 Pro,Electronics,"Store-104 (Banjara Hills, Hyderabad)",RETURNING,1,1499.0,74.95,1424.05,Debit Card
TXN_20240901284,2024-09-12,CUST_0266,PRD_E105,Dynamic Display QR Standee,Electronics,"Store-101 (Connaught Place, Delhi)",RETURNING,1,1299.0,194.85,1104.15,UPI
TXN_20240901285,2024-09-12,CUST_0305,PRD_E101,Paytm Soundbox 4.0 Pro,Electronics,"Store-103 (BKC, Mumbai)",RETURNING,1,1499.0,149.9,1349.1,UPI
TXN_20240901286,2024-09-12,CUST_0300,PRD_M301,Acrylic QR Standee - Dual Bank,Merchant Essentials,"Store-101 (Connaught Place, Delhi)",NEW,1,349.0,17.45,331.55,Credit Card
TXN_20240901287,2024-09-12,CUST_0496,PRD_E105,Dynamic Display QR Standee,Electronics,"Store-102 (Indiranagar, Bengaluru)",RETURNING,2,1299.0,0.0,2598.0,Credit Card
TXN_20240901288,2024-09-12,CUST_0369,PRD_S403,Priority Settlement Annual Plan,Software & Services,"Store-101 (Connaught Place, Delhi)",RETURNING,2,1999.0,0.0,3998.0,UPI
TXN_20240901289,2024-09-12,CUST_0079,PRD_A204,Heavy Duty POS Lanyard Strap,Accessories,"Store-101 (Connaught Place, Delhi)",RETURNING,2,149.0,0.0,298.0,UPI
TXN_20240901290,2024-09-12,CUST_0259,PRD_E105,Dynamic Display QR Standee,Electronics,"Store-101 (Connaught Place, Delhi)",RETURNING,2,1299.0,129.9,2468.1,UPI
TXN_20240901291,2024-09-12,CUST_0121,PRD_M304,Merchant Branding Banner Kit,Merchant Essentials,"Store-105 (Park Street, Kolkata)",RETURNING,1,599.0,0.0,599.0,Credit Card
TXN_20240901292,2024-09-12,CUST_0064,PRD_E105,Dynamic Display QR Standee,Electronics,"Store-101 (Connaught Place, Delhi)",NEW,1,1299.0,129.9,1169.1,Credit Card
TXN_20240901293,2024-09-12,CUST_0088,PRD_A201,Soundbox Replacement Battery,Accessories,"Store-105 (Park Street, Kolkata)",NEW,1,499.0,24.95,474.05,UPI
TXN_20240901294,2024-09-12,CUST_0052,PRD_S402,Automated Tally Accounting Sync,Software & Services,"Store-104 (Banjara Hills, Hyderabad)",NEW,1,1499.0,0.0,1499.0,UPI
TXN_20240901295,2024-09-12,CUST_0410,PRD_E102,Paytm Card POS Terminal Neo,Electronics,"Store-104 (Banjara Hills, Hyderabad)",NEW,2,4999.0,0.0,9998.0,UPI
TXN_20240901296,2024-09-12,CUST_0062,PRD_A203,Thermal Receipt Rolls (Pack of 10),Accessories,"Store-101 (Connaught Place, Delhi)",RETURNING,2,299.0,29.9,568.1,Credit Card
TXN_20240901297,2024-09-12,CUST_0228,PRD_E101,Paytm Soundbox 4.0 Pro,Electronics,"Store-103 (BKC, Mumbai)",NEW,3,1499.0,224.85,4272.15,Credit Card
TXN_20240901298,2024-09-12,CUST_0142,PRD_E101,Paytm Soundbox 4.0 Pro,Electronics,"Store-102 (Indiranagar, Bengaluru)",RETURNING,1,1499.0,74.95,1424.05,UPI
TXN_20240901299,2024-09-12,CUST_0362,PRD_A201,Soundbox Replacement Battery,Accessories,"Store-105 (Park Street, Kolkata)",NEW,1,499.0,24.95,474.05,UPI
TXN_20240901300,2024-09-12,CUST_0369,PRD_A203,Thermal Receipt Rolls (Pack of 10),Accessories,"Store-104 (Banjara Hills, Hyderabad)",RETURNING,1,299.0,0.0,299.0,Debit Card
TXN_20240901301,2024-09-12,CUST_0156,PRD_S402,Automated Tally Accounting Sync,Software & Services,"Store-101 (Connaught Place, Delhi)",NEW,2,1499.0,149.9,2848.1,UPI
TXN_20240901302,2024-09-12,CUST_0242,PRD_A204,Heavy Duty POS Lanyard Strap,Accessories,"Store-102 (Indiranagar, Bengaluru)",NEW,1,149.0,22.35,126.65,Debit Card
TXN_20240901303,2024-09-12,CUST_0270,PRD_E103,Paytm Smart All-in-One POS,Electronics,"Store-103 (BKC, Mumbai)",NEW,1,8499.0,424.95,8074.05,Credit Card
TXN_20240901304,2024-09-12,CUST_0425,PRD_E105,Dynamic Display QR Standee,Electronics,"Store-101 (Connaught Place, Delhi)",RETURNING,1,1299.0,0.0,1299.0,Credit Card
TXN_20240901305,2024-09-12,CUST_0256,PRD_S402,Automated Tally Accounting Sync,Software & Services,"Store-104 (Banjara Hills, Hyderabad)",RETURNING,2,1499.0,299.8,2698.2,Net Banking
TXN_20240901306,2024-09-12,CUST_0408,PRD_E103,Paytm Smart All-in-One POS,Electronics,"Store-102 (Indiranagar, Bengaluru)",NEW,1,8499.0,0.0,8499.0,Paytm Wallet
TXN_20240901307,2024-09-12,CUST_0473,PRD_E101,Paytm Soundbox 4.0 Pro,Electronics,"Store-105 (Park Street, Kolkata)",RETURNING,2,1499.0,149.9,2848.1,UPI
TXN_20240901308,2024-09-12,CUST_0192,PRD_A204,Heavy Duty POS Lanyard Strap,Accessories,"Store-101 (Connaught Place, Delhi)",NEW,2,149.0,0.0,298.0,Credit Card
TXN_20240901309,2024-09-12,CUST_0194,PRD_E102,Paytm Card POS Terminal Neo,Electronics,"Store-105 (Park Street, Kolkata)",RETURNING,2,4999.0,499.9,9498.1,Credit Card
TXN_20240901310,2024-09-12,CUST_0116,PRD_E103,Paytm Smart All-in-One POS,Electronics,"Store-102 (Indiranagar, Bengaluru)",NEW,1,8499.0,424.95,8074.05,Debit Card
TXN_20240901311,2024-09-12,CUST_0045,PRD_A203,Thermal Receipt Rolls (Pack of 10),Accessories,"Store-101 (Connaught Place, Delhi)",RETURNING,1,299.0,29.9,269.1,UPI
TXN_20240901312,2024-09-12,CUST_0209,PRD_A203,Thermal Receipt Rolls (Pack of 10),Accessories,"Store-101 (Connaught Place, Delhi)",NEW,1,299.0,14.95,284.05,Paytm Wallet
TXN_20240901313,2024-09-12,CUST_0373,PRD_A205,Bluetooth Audio Dongle Mini,Accessories,"Store-104 (Banjara Hills, Hyderabad)",NEW,1,399.0,0.0,399.0,Debit Card
TXN_20240901314,2024-09-12,CUST_0257,PRD_E104,Wireless Barcode Scanner BT,Electronics,"Store-105 (Park Street, Kolkata)",NEW,2,1899.0,379.8,3418.2,Debit Card
TXN_20240901315,2024-09-12,CUST_0225,PRD_E105,Dynamic Display QR Standee,Electronics,"Store-104 (Banjara Hills, Hyderabad)",RETURNING,2,1299.0,0.0,2598.0,UPI
TXN_20240901316,2024-09-12,CUST_0052,PRD_E102,Paytm Card POS Terminal Neo,Electronics,"Store-102 (Indiranagar, Bengaluru)",NEW,1,4999.0,249.95,4749.05,UPI
TXN_20240901317,2024-09-12,CUST_0421,PRD_S402,Automated Tally Accounting Sync,Software & Services,"Store-103 (BKC, Mumbai)",NEW,1,1499.0,0.0,1499.0,Net Banking
TXN_20240901318,2024-09-12,CUST_0081,PRD_S403,Priority Settlement Annual Plan,Software & Services,"Store-101 (Connaught Place, Delhi)",NEW,1,1999.0,0.0,1999.0,UPI
TXN_20240901319,2024-09-12,CUST_0313,PRD_A201,Soundbox Replacement Battery,Accessories,"Store-104 (Banjara Hills, Hyderabad)",RETURNING,1,499.0,49.9,449.1,Credit Card
TXN_20240901320,2024-09-12,CUST_0480,PRD_S401,Paytm Business Prime Subscription,Software & Services,"Store-103 (BKC, Mumbai)",NEW,1,999.0,0.0,999.0,UPI
TXN_20240901321,2024-09-12,CUST_0103,PRD_E104,Wireless Barcode Scanner BT,Electronics,"Store-101 (Connaught Place, Delhi)",NEW,1,1899.0,94.95,1804.05,Credit Card
TXN_20240901322,2024-09-12,CUST_0474,PRD_M302,Voice Box Mounting Bracket,Merchant Essentials,"Store-101 (Connaught Place, Delhi)",NEW,1,249.0,0.0,249.0,Paytm Wallet
TXN_20240901323,2024-09-12,CUST_0464,PRD_A204,Heavy Duty POS Lanyard Strap,Accessories,"Store-101 (Connaught Place, Delhi)",RETURNING,2,149.0,0.0,298.0,Credit Card
TXN_20240901324,2024-09-12,CUST_0476,PRD_E101,Paytm Soundbox 4.0 Pro,Electronics,"Store-105 (Park Street, Kolkata)",NEW,1,1499.0,0.0,1499.0,Credit Card
TXN_20240901325,2024-09-12,CUST_0054,PRD_E101,Paytm Soundbox 4.0 Pro,Electronics,"Store-105 (Park Street, Kolkata)",NEW,1,1499.0,0.0,1499.0,UPI
TXN_20240901326,2024-09-12,CUST_0401,PRD_M304,Merchant Branding Banner Kit,Merchant Essentials,"Store-102 (Indiranagar, Bengaluru)",RETURNING,2,599.0,119.8,1078.2,Debit Card
TXN_20240901327,2024-09-12,CUST_0274,PRD_A204,Heavy Duty POS Lanyard Strap,Accessories,"Store-104 (Banjara Hills, Hyderabad)",NEW,1,149.0,7.45,141.55,Credit Card
TXN_20240901328,2024-09-12,CUST_0027,PRD_E104,Wireless Barcode Scanner BT,Electronics,"Store-104 (Banjara Hills, Hyderabad)",RETURNING,1,1899.0,0.0,1899.0,UPI
TXN_20240901329,2024-09-12,CUST_0225,PRD_E102,Paytm Card POS Terminal Neo,Electronics,"Store-105 (Park Street, Kolkata)",RETURNING,5,4999.0,0.0,24995.0,UPI
TXN_20240901330,2024-09-12,CUST_0030,PRD_E103,Paytm Smart All-in-One POS,Electronics,"Store-101 (Connaught Place, Delhi)",NEW,1,8499.0,0.0,8499.0,Credit Card
TXN_20240901331,2024-09-12,CUST_0455,PRD_M303,Cash Drawer 4-Slot Auto-Open,Merchant Essentials,"Store-105 (Park Street, Kolkata)",RETURNING,1,2299.0,0.0,2299.0,Credit Card
TXN_20240901332,2024-09-12,CUST_0417,PRD_E101,Paytm Soundbox 4.0 Pro,Electronics,"Store-101 (Connaught Place, Delhi)",NEW,1,1499.0,0.0,1499.0,UPI
TXN_20240901333,2024-09-12,CUST_0180,PRD_A204,Heavy Duty POS Lanyard Strap,Accessories,"Store-102 (Indiranagar, Bengaluru)",RETURNING,6,149.0,0.0,894.0,Credit Card
TXN_20240901334,2024-09-12,CUST_0337,PRD_E101,Paytm Soundbox 4.0 Pro,Electronics,"Store-103 (BKC, Mumbai)",RETURNING,4,1499.0,299.8,5696.2,Debit Card
TXN_20240901335,2024-09-12,CUST_0460,PRD_S401,Paytm Business Prime Subscription,Software & Services,"Store-102 (Indiranagar, Bengaluru)",RETURNING,1,999.0,0.0,999.0,Credit Card
TXN_20240901336,2024-09-12,CUST_0445,PRD_A205,Bluetooth Audio Dongle Mini,Accessories,"Store-105 (Park Street, Kolkata)",RETURNING,2,399.0,39.9,758.1,UPI
TXN_20240901337,2024-09-12,CUST_0178,PRD_S401,Paytm Business Prime Subscription,Software & Services,"Store-105 (Park Street, Kolkata)",NEW,1,999.0,0.0,999.0,Net Banking
TXN_20240901338,2024-09-12,CUST_0431,PRD_S403,Priority Settlement Annual Plan,Software & Services,"Store-102 (Indiranagar, Bengaluru)",RETURNING,1,1999.0,0.0,1999.0,Credit Card
TXN_20240901339,2024-09-12,CUST_0404,PRD_E102,Paytm Card POS Terminal Neo,Electronics,"Store-102 (Indiranagar, Bengaluru)",RETURNING,1,4999.0,249.95,4749.05,UPI
TXN_20240901340,2024-09-12,CUST_0256,PRD_M304,Merchant Branding Banner Kit,Merchant Essentials,"Store-103 (BKC, Mumbai)",RETURNING,1,599.0,59.9,539.1,UPI
TXN_20240901341,2024-09-12,CUST_0143,PRD_M304,Merchant Branding Banner Kit,Merchant Essentials,"Store-104 (Banjara Hills, Hyderabad)",RETURNING,1,599.0,0.0,599.0,UPI
TXN_20240901342,2024-09-12,CUST_0106,PRD_E104,Wireless Barcode Scanner BT,Electronics,"Store-104 (Banjara Hills, Hyderabad)",RETURNING,1,1899.0,0.0,1899.0,Debit Card
TXN_20240901343,2024-09-12,CUST_0480,PRD_E101,Paytm Soundbox 4.0 Pro,Electronics,"Store-105 (Park Street, Kolkata)",NEW,2,1499.0,0.0,2998.0,Debit Card
TXN_20240901344,2024-09-12,CUST_0135,PRD_M303,Cash Drawer 4-Slot Auto-Open,Merchant Essentials,"Store-105 (Park Street, Kolkata)",RETURNING,2,2299.0,229.9,4368.1,Credit Card
TXN_20240901345,2024-09-12,CUST_0444,PRD_E105,Dynamic Display QR Standee,Electronics,"Store-101 (Connaught Place, Delhi)",RETURNING,2,1299.0,389.7,2208.3,Paytm Wallet
TXN_20240901346,2024-09-12,CUST_0148,PRD_M304,Merchant Branding Banner Kit,Merchant Essentials,"Store-105 (Park Street, Kolkata)",NEW,1,599.0,29.95,569.05,Credit Card
TXN_20240901347,2024-09-12,CUST_0266,PRD_E103,Paytm Smart All-in-One POS,Electronics,"Store-104 (Banjara Hills, Hyderabad)",RETURNING,1,8499.0,0.0,8499.0,Net Banking
TXN_20240901348,2024-09-12,CUST_0144,PRD_M303,Cash Drawer 4-Slot Auto-Open,Merchant Essentials,"Store-103 (BKC, Mumbai)",RETURNING,2,2299.0,229.9,4368.1,UPI
TXN_20240901349,2024-09-12,CUST_0203,PRD_E101,Paytm Soundbox 4.0 Pro,Electronics,"Store-103 (BKC, Mumbai)",RETURNING,1,1499.0,149.9,1349.1,Debit Card
TXN_20240901350,2024-09-12,CUST_0312,PRD_E101,Paytm Soundbox 4.0 Pro,Electronics,"Store-103 (BKC, Mumbai)",NEW,1,1499.0,0.0,1499.0,UPI
TXN_20240901351,2024-09-12,CUST_0092,PRD_E105,Dynamic Display QR Standee,Electronics,"Store-101 (Connaught Place, Delhi)",RETURNING,1,1299.0,194.85,1104.15,UPI
TXN_20240901352,2024-09-12,CUST_0433,PRD_A202,POS Charging Cradle Dock,Accessories,"Store-104 (Banjara Hills, Hyderabad)",NEW,1,699.0,104.85,594.15,UPI
TXN_20240901353,2024-09-12,CUST_0313,PRD_A202,POS Charging Cradle Dock,Accessories,"Store-101 (Connaught Place, Delhi)",RETURNING,1,699.0,69.9,629.1,UPI
TXN_20240901354,2024-09-12,CUST_0254,PRD_E102,Paytm Card POS Terminal Neo,Electronics,"Store-102 (Indiranagar, Bengaluru)",RETURNING,1,4999.0,0.0,4999.0,UPI
TXN_20240901355,2024-09-12,CUST_0020,PRD_E102,Paytm Card POS Terminal Neo,Electronics,"Store-105 (Park Street, Kolkata)",NEW,2,4999.0,499.9,9498.1,UPI
TXN_20240901356,2024-09-12,CUST_0368,PRD_E103,Paytm Smart All-in-One POS,Electronics,"Store-103 (BKC, Mumbai)",RETURNING,4,8499.0,3399.6,30596.4,Debit Card
TXN_20240901357,2024-09-12,CUST_0277,PRD_M302,Voice Box Mounting Bracket,Merchant Essentials,"Store-105 (Park Street, Kolkata)",NEW,1,249.0,0.0,249.0,UPI
TXN_20240901358,2024-09-12,CUST_0058,PRD_A201,Soundbox Replacement Battery,Accessories,"Store-102 (Indiranagar, Bengaluru)",RETURNING,1,499.0,49.9,449.1,Credit Card
TXN_20240901359,2024-09-12,CUST_0037,PRD_A205,Bluetooth Audio Dongle Mini,Accessories,"Store-103 (BKC, Mumbai)",RETURNING,1,399.0,39.9,359.1,UPI
TXN_20240901360,2024-09-12,CUST_0209,PRD_S401,Paytm Business Prime Subscription,Software & Services,"Store-103 (BKC, Mumbai)",NEW,1,999.0,149.85,849.15,Credit Card
TXN_20240901361,2024-09-12,CUST_0083,PRD_E104,Wireless Barcode Scanner BT,Electronics,"Store-103 (BKC, Mumbai)",NEW,3,1899.0,854.55,4842.45,UPI
TXN_20240901362,2024-09-12,CUST_0312,PRD_E103,Paytm Smart All-in-One POS,Electronics,"Store-103 (BKC, Mumbai)",NEW,1,8499.0,849.9,7649.1,UPI
TXN_20240901363,2024-09-12,CUST_0298,PRD_M301,Acrylic QR Standee - Dual Bank,Merchant Essentials,"Store-102 (Indiranagar, Bengaluru)",NEW,1,349.0,17.45,331.55,Credit Card
TXN_20240901364,2024-09-12,CUST_0077,PRD_E104,Wireless Barcode Scanner BT,Electronics,"Store-101 (Connaught Place, Delhi)",RETURNING,3,1899.0,854.55,4842.45,Credit Card
TXN_20240901365,2024-09-12,CUST_0295,PRD_A205,Bluetooth Audio Dongle Mini,Accessories,"Store-104 (Banjara Hills, Hyderabad)",NEW,1,399.0,0.0,399.0,Net Banking
TXN_20240901366,2024-09-12,CUST_0409,PRD_E101,Paytm Soundbox 4.0 Pro,Electronics,"Store-104 (Banjara Hills, Hyderabad)",NEW,1,1499.0,74.95,1424.05,UPI
TXN_20240901367,2024-09-12,CUST_0100,PRD_M304,Merchant Branding Banner Kit,Merchant Essentials,"Store-103 (BKC, Mumbai)",RETURNING,2,599.0,119.8,1078.2,Paytm Wallet
TXN_20240901368,2024-09-12,CUST_0119,PRD_E105,Dynamic Display QR Standee,Electronics,"Store-101 (Connaught Place, Delhi)",RETURNING,1,1299.0,194.85,1104.15,UPI
TXN_20240901369,2024-09-12,CUST_0041,PRD_E104,Wireless Barcode Scanner BT,Electronics,"Store-105 (Park Street, Kolkata)",RETURNING,1,1899.0,94.95,1804.05,UPI
TXN_20240901370,2024-09-12,CUST_0403,PRD_E105,Dynamic Display QR Standee,Electronics,"Store-105 (Park Street, Kolkata)",RETURNING,2,1299.0,389.7,2208.3,UPI
TXN_20240901371,2024-09-12,CUST_0466,PRD_E105,Dynamic Display QR Standee,Electronics,"Store-105 (Park Street, Kolkata)",RETURNING,1,1299.0,129.9,1169.1,UPI
TXN_20240901372,2024-09-12,CUST_0061,PRD_E101,Paytm Soundbox 4.0 Pro,Electronics,"Store-104 (Banjara Hills, Hyderabad)",NEW,1,1499.0,0.0,1499.0,UPI
TXN_20240901373,2024-09-12,CUST_0452,PRD_M303,Cash Drawer 4-Slot Auto-Open,Merchant Essentials,"Store-102 (Indiranagar, Bengaluru)",RETURNING,3,2299.0,0.0,6897.0,UPI
TXN_20240901374,2024-09-12,CUST_0284,PRD_M301,Acrylic QR Standee - Dual Bank,Merchant Essentials,"Store-104 (Banjara Hills, Hyderabad)",NEW,1,349.0,0.0,349.0,UPI
TXN_20240901375,2024-09-12,CUST_0221,PRD_E101,Paytm Soundbox 4.0 Pro,Electronics,"Store-102 (Indiranagar, Bengaluru)",RETURNING,6,1499.0,899.4,8094.6,Net Banking
TXN_20240901376,2024-09-12,CUST_0463,PRD_E105,Dynamic Display QR Standee,Electronics,"Store-102 (Indiranagar, Bengaluru)",RETURNING,1,1299.0,64.95,1234.05,UPI
TXN_20240901377,2024-09-12,CUST_0460,PRD_M304,Merchant Branding Banner Kit,Merchant Essentials,"Store-103 (BKC, Mumbai)",RETURNING,1,599.0,89.85,509.15,UPI
TXN_20240901378,2024-09-12,CUST_0379,PRD_S402,Automated Tally Accounting Sync,Software & Services,"Store-104 (Banjara Hills, Hyderabad)",RETURNING,2,1499.0,149.9,2848.1,UPI
TXN_20240901379,2024-09-12,CUST_0388,PRD_E105,Dynamic Display QR Standee,Electronics,"Store-102 (Indiranagar, Bengaluru)",NEW,1,1299.0,64.95,1234.05,Credit Card
TXN_20240901380,2024-09-12,CUST_0420,PRD_S402,Automated Tally Accounting Sync,Software & Services,"Store-101 (Connaught Place, Delhi)",NEW,1,1499.0,0.0,1499.0,Credit Card
TXN_20240901381,2024-09-12,CUST_0346,PRD_A205,Bluetooth Audio Dongle Mini,Accessories,"Store-104 (Banjara Hills, Hyderabad)",NEW,1,399.0,0.0,399.0,Credit Card
TXN_20240901382,2024-09-12,CUST_0144,PRD_S402,Automated Tally Accounting Sync,Software & Services,"Store-101 (Connaught Place, Delhi)",RETURNING,1,1499.0,0.0,1499.0,UPI
TXN_20240901383,2024-09-12,CUST_0269,PRD_A203,Thermal Receipt Rolls (Pack of 10),Accessories,"Store-104 (Banjara Hills, Hyderabad)",NEW,1,299.0,0.0,299.0,Debit Card
TXN_20240901384,2024-09-12,CUST_0489,PRD_E102,Paytm Card POS Terminal Neo,Electronics,"Store-102 (Indiranagar, Bengaluru)",NEW,1,4999.0,0.0,4999.0,Net Banking
TXN_20240901385,2024-09-12,CUST_0161,PRD_E101,Paytm Soundbox 4.0 Pro,Electronics,"Store-103 (BKC, Mumbai)",RETURNING,1,1499.0,74.95,1424.05,UPI
TXN_20240901386,2024-09-12,CUST_0087,PRD_E103,Paytm Smart All-in-One POS,Electronics,"Store-103 (BKC, Mumbai)",RETURNING,5,8499.0,6374.25,36120.75,Credit Card
TXN_20240901387,2024-09-12,CUST_0073,PRD_E101,Paytm Soundbox 4.0 Pro,Electronics,"Store-105 (Park Street, Kolkata)",RETURNING,2,1499.0,0.0,2998.0,Net Banking
TXN_20240901388,2024-09-12,CUST_0492,PRD_S401,Paytm Business Prime Subscription,Software & Services,"Store-105 (Park Street, Kolkata)",NEW,2,999.0,0.0,1998.0,Debit Card
TXN_20240901389,2024-09-12,CUST_0014,PRD_E104,Wireless Barcode Scanner BT,Electronics,"Store-103 (BKC, Mumbai)",RETURNING,3,1899.0,284.85,5412.15,UPI
TXN_20240901390,2024-09-12,CUST_0426,PRD_E105,Dynamic Display QR Standee,Electronics,"Store-101 (Connaught Place, Delhi)",RETURNING,1,1299.0,0.0,1299.0,Net Banking
TXN_20240901391,2024-09-12,CUST_0253,PRD_E103,Paytm Smart All-in-One POS,Electronics,"Store-102 (Indiranagar, Bengaluru)",RETURNING,5,8499.0,0.0,42495.0,UPI
TXN_20240901392,2024-09-12,CUST_0041,PRD_M302,Voice Box Mounting Bracket,Merchant Essentials,"Store-102 (Indiranagar, Bengaluru)",RETURNING,1,249.0,12.45,236.55,UPI
TXN_20240901393,2024-09-12,CUST_0323,PRD_M302,Voice Box Mounting Bracket,Merchant Essentials,"Store-101 (Connaught Place, Delhi)",RETURNING,1,249.0,37.35,211.65,UPI
TXN_20240901394,2024-09-12,CUST_0478,PRD_M301,Acrylic QR Standee - Dual Bank,Merchant Essentials,"Store-105 (Park Street, Kolkata)",RETURNING,1,349.0,17.45,331.55,Net Banking
TXN_20240901395,2024-09-12,CUST_0019,PRD_S402,Automated Tally Accounting Sync,Software & Services,"Store-101 (Connaught Place, Delhi)",RETURNING,1,1499.0,149.9,1349.1,UPI
TXN_20240901396,2024-09-13,CUST_0136,PRD_E105,Dynamic Display QR Standee,Electronics,"Store-104 (Banjara Hills, Hyderabad)",RETURNING,2,1299.0,0.0,2598.0,UPI
TXN_20240901397,2024-09-13,CUST_0449,PRD_E101,Paytm Soundbox 4.0 Pro,Electronics,"Store-105 (Park Street, Kolkata)",RETURNING,2,1499.0,0.0,2998.0,UPI
TXN_20240901398,2024-09-13,CUST_0286,PRD_A204,Heavy Duty POS Lanyard Strap,Accessories,"Store-102 (Indiranagar, Bengaluru)",RETURNING,1,149.0,7.45,141.55,Credit Card
TXN_20240901399,2024-09-13,CUST_0121,PRD_A205,Bluetooth Audio Dongle Mini,Accessories,"Store-104 (Banjara Hills, Hyderabad)",RETURNING,1,399.0,39.9,359.1,Debit Card
TXN_20240901400,2024-09-13,CUST_0449,PRD_E103,Paytm Smart All-in-One POS,Electronics,"Store-104 (Banjara Hills, Hyderabad)",RETURNING,1,8499.0,424.95,8074.05,UPI
TXN_20240901401,2024-09-13,CUST_0152,PRD_E101,Paytm Soundbox 4.0 Pro,Electronics,"Store-101 (Connaught Place, Delhi)",RETURNING,3,1499.0,449.7,4047.3,UPI
TXN_20240901402,2024-09-13,CUST_0229,PRD_E104,Wireless Barcode Scanner BT,Electronics,"Store-104 (Banjara Hills, Hyderabad)",RETURNING,1,1899.0,0.0,1899.0,UPI
TXN_20240901403,2024-09-13,CUST_0357,PRD_E104,Wireless Barcode Scanner BT,Electronics,"Store-102 (Indiranagar, Bengaluru)",NEW,2,1899.0,189.9,3608.1,Debit Card
TXN_20240901404,2024-09-13,CUST_0251,PRD_A204,Heavy Duty POS Lanyard Strap,Accessories,"Store-102 (Indiranagar, Bengaluru)",RETURNING,1,149.0,0.0,149.0,Debit Card
TXN_20240901405,2024-09-13,CUST_0210,PRD_E101,Paytm Soundbox 4.0 Pro,Electronics,"Store-103 (BKC, Mumbai)",RETURNING,1,1499.0,0.0,1499.0,UPI
TXN_20240901406,2024-09-13,CUST_0205,PRD_E103,Paytm Smart All-in-One POS,Electronics,"Store-101 (Connaught Place, Delhi)",NEW,1,8499.0,424.95,8074.05,UPI
TXN_20240901407,2024-09-13,CUST_0420,PRD_E101,Paytm Soundbox 4.0 Pro,Electronics,"Store-104 (Banjara Hills, Hyderabad)",NEW,1,1499.0,74.95,1424.05,UPI
TXN_20240901408,2024-09-13,CUST_0106,PRD_M303,Cash Drawer 4-Slot Auto-Open,Merchant Essentials,"Store-101 (Connaught Place, Delhi)",RETURNING,3,2299.0,0.0,6897.0,Credit Card
TXN_20240901409,2024-09-13,CUST_0011,PRD_S402,Automated Tally Accounting Sync,Software & Services,"Store-101 (Connaught Place, Delhi)",NEW,2,1499.0,0.0,2998.0,Credit Card
TXN_20240901410,2024-09-13,CUST_0468,PRD_E104,Wireless Barcode Scanner BT,Electronics,"Store-105 (Park Street, Kolkata)",RETURNING,2,1899.0,0.0,3798.0,UPI
TXN_20240901411,2024-09-13,CUST_0081,PRD_M304,Merchant Branding Banner Kit,Merchant Essentials,"Store-104 (Banjara Hills, Hyderabad)",NEW,2,599.0,0.0,1198.0,Debit Card
TXN_20240901412,2024-09-13,CUST_0467,PRD_E104,Wireless Barcode Scanner BT,Electronics,"Store-104 (Banjara Hills, Hyderabad)",NEW,1,1899.0,94.95,1804.05,Paytm Wallet
TXN_20240901413,2024-09-13,CUST_0019,PRD_M304,Merchant Branding Banner Kit,Merchant Essentials,"Store-105 (Park Street, Kolkata)",RETURNING,1,599.0,29.95,569.05,UPI
TXN_20240901414,2024-09-13,CUST_0155,PRD_E101,Paytm Soundbox 4.0 Pro,Electronics,"Store-102 (Indiranagar, Bengaluru)",RETURNING,1,1499.0,149.9,1349.1,UPI
TXN_20240901415,2024-09-13,CUST_0206,PRD_E102,Paytm Card POS Terminal Neo,Electronics,"Store-103 (BKC, Mumbai)",NEW,2,4999.0,0.0,9998.0,UPI
TXN_20240901416,2024-09-13,CUST_0361,PRD_M302,Voice Box Mounting Bracket,Merchant Essentials,"Store-104 (Banjara Hills, Hyderabad)",RETURNING,1,249.0,12.45,236.55,Net Banking
TXN_20240901417,2024-09-13,CUST_0049,PRD_M302,Voice Box Mounting Bracket,Merchant Essentials,"Store-104 (Banjara Hills, Hyderabad)",RETURNING,1,249.0,0.0,249.0,UPI
TXN_20240901418,2024-09-13,CUST_0263,PRD_M302,Voice Box Mounting Bracket,Merchant Essentials,"Store-103 (BKC, Mumbai)",RETURNING,2,249.0,0.0,498.0,Credit Card
TXN_20240901419,2024-09-13,CUST_0242,PRD_E104,Wireless Barcode Scanner BT,Electronics,"Store-104 (Banjara Hills, Hyderabad)",NEW,1,1899.0,284.85,1614.15,Credit Card
TXN_20240901420,2024-09-13,CUST_0248,PRD_E103,Paytm Smart All-in-One POS,Electronics,"Store-105 (Park Street, Kolkata)",RETURNING,1,8499.0,1274.85,7224.15,Credit Card
TXN_20240901421,2024-09-13,CUST_0488,PRD_E104,Wireless Barcode Scanner BT,Electronics,"Store-105 (Park Street, Kolkata)",RETURNING,1,1899.0,94.95,1804.05,UPI
TXN_20240901422,2024-09-13,CUST_0395,PRD_E103,Paytm Smart All-in-One POS,Electronics,"Store-103 (BKC, Mumbai)",RETURNING,2,8499.0,0.0,16998.0,UPI
TXN_20240901423,2024-09-13,CUST_0323,PRD_S403,Priority Settlement Annual Plan,Software & Services,"Store-101 (Connaught Place, Delhi)",RETURNING,2,1999.0,599.7,3398.3,Credit Card
TXN_20240901424,2024-09-13,CUST_0043,PRD_E102,Paytm Card POS Terminal Neo,Electronics,"Store-105 (Park Street, Kolkata)",RETURNING,2,4999.0,999.8,8998.2,Debit Card
TXN_20240901425,2024-09-13,CUST_0031,PRD_M302,Voice Box Mounting Bracket,Merchant Essentials,"Store-103 (BKC, Mumbai)",NEW,1,249.0,12.45,236.55,Debit Card
TXN_20240901426,2024-09-13,CUST_0019,PRD_E104,Wireless Barcode Scanner BT,Electronics,"Store-105 (Park Street, Kolkata)",RETURNING,1,1899.0,0.0,1899.0,UPI
TXN_20240901427,2024-09-13,CUST_0288,PRD_M303,Cash Drawer 4-Slot Auto-Open,Merchant Essentials,"Store-105 (Park Street, Kolkata)",RETURNING,1,2299.0,0.0,2299.0,UPI
TXN_20240901428,2024-09-13,CUST_0248,PRD_A201,Soundbox Replacement Battery,Accessories,"Store-101 (Connaught Place, Delhi)",RETURNING,2,499.0,0.0,998.0,UPI
TXN_20240901429,2024-09-13,CUST_0007,PRD_E102,Paytm Card POS Terminal Neo,Electronics,"Store-101 (Connaught Place, Delhi)",RETURNING,1,4999.0,749.85,4249.15,UPI
TXN_20240901430,2024-09-13,CUST_0218,PRD_E105,Dynamic Display QR Standee,Electronics,"Store-105 (Park Street, Kolkata)",NEW,1,1299.0,64.95,1234.05,UPI
TXN_20240901431,2024-09-13,CUST_0205,PRD_E101,Paytm Soundbox 4.0 Pro,Electronics,"Store-101 (Connaught Place, Delhi)",NEW,1,1499.0,0.0,1499.0,Paytm Wallet
TXN_20240901432,2024-09-13,CUST_0347,PRD_E103,Paytm Smart All-in-One POS,Electronics,"Store-103 (BKC, Mumbai)",RETURNING,1,8499.0,424.95,8074.05,UPI
TXN_20240901433,2024-09-13,CUST_0268,PRD_M301,Acrylic QR Standee - Dual Bank,Merchant Essentials,"Store-105 (Park Street, Kolkata)",RETURNING,3,349.0,52.35,994.65,UPI
TXN_20240901434,2024-09-13,CUST_0108,PRD_S402,Automated Tally Accounting Sync,Software & Services,"Store-102 (Indiranagar, Bengaluru)",RETURNING,1,1499.0,74.95,1424.05,UPI
TXN_20240901435,2024-09-13,CUST_0092,PRD_E102,Paytm Card POS Terminal Neo,Electronics,"Store-101 (Connaught Place, Delhi)",RETURNING,6,4999.0,1499.7,28494.3,UPI
TXN_20240901436,2024-09-13,CUST_0049,PRD_A202,POS Charging Cradle Dock,Accessories,"Store-103 (BKC, Mumbai)",RETURNING,1,699.0,34.95,664.05,UPI
TXN_20240901437,2024-09-13,CUST_0326,PRD_A202,POS Charging Cradle Dock,Accessories,"Store-102 (Indiranagar, Bengaluru)",RETURNING,2,699.0,0.0,1398.0,UPI
TXN_20240901438,2024-09-13,CUST_0467,PRD_M304,Merchant Branding Banner Kit,Merchant Essentials,"Store-105 (Park Street, Kolkata)",NEW,1,599.0,0.0,599.0,Debit Card
TXN_20240901439,2024-09-13,CUST_0479,PRD_E103,Paytm Smart All-in-One POS,Electronics,"Store-105 (Park Street, Kolkata)",RETURNING,2,8499.0,849.9,16148.1,UPI
TXN_20240901440,2024-09-13,CUST_0111,PRD_E103,Paytm Smart All-in-One POS,Electronics,"Store-103 (BKC, Mumbai)",RETURNING,2,8499.0,849.9,16148.1,Credit Card
TXN_20240901441,2024-09-13,CUST_0197,PRD_E104,Wireless Barcode Scanner BT,Electronics,"Store-105 (Park Street, Kolkata)",RETURNING,1,1899.0,94.95,1804.05,Credit Card
TXN_20240901442,2024-09-13,CUST_0466,PRD_E105,Dynamic Display QR Standee,Electronics,"Store-102 (Indiranagar, Bengaluru)",RETURNING,2,1299.0,0.0,2598.0,Paytm Wallet
TXN_20240901443,2024-09-13,CUST_0315,PRD_E102,Paytm Card POS Terminal Neo,Electronics,"Store-102 (Indiranagar, Bengaluru)",NEW,1,4999.0,0.0,4999.0,UPI
TXN_20240901444,2024-09-13,CUST_0497,PRD_E101,Paytm Soundbox 4.0 Pro,Electronics,"Store-105 (Park Street, Kolkata)",RETURNING,2,1499.0,149.9,2848.1,UPI
TXN_20240901445,2024-09-13,CUST_0390,PRD_E102,Paytm Card POS Terminal Neo,Electronics,"Store-105 (Park Street, Kolkata)",RETURNING,1,4999.0,249.95,4749.05,UPI
TXN_20240901446,2024-09-13,CUST_0430,PRD_A201,Soundbox Replacement Battery,Accessories,"Store-105 (Park Street, Kolkata)",NEW,1,499.0,24.95,474.05,UPI
TXN_20240901447,2024-09-13,CUST_0086,PRD_S402,Automated Tally Accounting Sync,Software & Services,"Store-103 (BKC, Mumbai)",RETURNING,1,1499.0,74.95,1424.05,UPI
TXN_20240901448,2024-09-13,CUST_0404,PRD_E103,Paytm Smart All-in-One POS,Electronics,"Store-101 (Connaught Place, Delhi)",RETURNING,1,8499.0,0.0,8499.0,UPI
TXN_20240901449,2024-09-13,CUST_0188,PRD_M304,Merchant Branding Banner Kit,Merchant Essentials,"Store-103 (BKC, Mumbai)",NEW,1,599.0,0.0,599.0,Credit Card
TXN_20240901450,2024-09-13,CUST_0472,PRD_S402,Automated Tally Accounting Sync,Software & Services,"Store-104 (Banjara Hills, Hyderabad)",NEW,1,1499.0,224.85,1274.15,Paytm Wallet
TXN_20240901451,2024-09-13,CUST_0101,PRD_E105,Dynamic Display QR Standee,Electronics,"Store-105 (Park Street, Kolkata)",RETURNING,1,1299.0,0.0,1299.0,Net Banking
TXN_20240901452,2024-09-13,CUST_0469,PRD_E103,Paytm Smart All-in-One POS,Electronics,"Store-101 (Connaught Place, Delhi)",RETURNING,2,8499.0,0.0,16998.0,UPI
TXN_20240901453,2024-09-13,CUST_0023,PRD_S403,Priority Settlement Annual Plan,Software & Services,"Store-103 (BKC, Mumbai)",RETURNING,2,1999.0,199.9,3798.1,UPI
TXN_20240901454,2024-09-13,CUST_0368,PRD_S402,Automated Tally Accounting Sync,Software & Services,"Store-105 (Park Street, Kolkata)",RETURNING,1,1499.0,74.95,1424.05,Net Banking
TXN_20240901455,2024-09-13,CUST_0385,PRD_A202,POS Charging Cradle Dock,Accessories,"Store-101 (Connaught Place, Delhi)",RETURNING,2,699.0,139.8,1258.2,UPI
TXN_20240901456,2024-09-13,CUST_0377,PRD_E102,Paytm Card POS Terminal Neo,Electronics,"Store-102 (Indiranagar, Bengaluru)",NEW,1,4999.0,499.9,4499.1,UPI
TXN_20240901457,2024-09-13,CUST_0228,PRD_A205,Bluetooth Audio Dongle Mini,Accessories,"Store-101 (Connaught Place, Delhi)",NEW,1,399.0,39.9,359.1,UPI
TXN_20240901458,2024-09-13,CUST_0437,PRD_E102,Paytm Card POS Terminal Neo,Electronics,"Store-105 (Park Street, Kolkata)",RETURNING,1,4999.0,249.95,4749.05,Net Banking
TXN_20240901459,2024-09-13,CUST_0460,PRD_M301,Acrylic QR Standee - Dual Bank,Merchant Essentials,"Store-105 (Park Street, Kolkata)",RETURNING,1,349.0,0.0,349.0,Credit Card
TXN_20240901460,2024-09-13,CUST_0214,PRD_M304,Merchant Branding Banner Kit,Merchant Essentials,"Store-101 (Connaught Place, Delhi)",RETURNING,1,599.0,29.95,569.05,Credit Card
TXN_20240901461,2024-09-13,CUST_0043,PRD_E102,Paytm Card POS Terminal Neo,Electronics,"Store-101 (Connaught Place, Delhi)",RETURNING,2,4999.0,499.9,9498.1,UPI
TXN_20240901462,2024-09-13,CUST_0383,PRD_M304,Merchant Branding Banner Kit,Merchant Essentials,"Store-101 (Connaught Place, Delhi)",NEW,1,599.0,29.95,569.05,UPI
TXN_20240901463,2024-09-13,CUST_0239,PRD_A203,Thermal Receipt Rolls (Pack of 10),Accessories,"Store-101 (Connaught Place, Delhi)",RETURNING,1,299.0,0.0,299.0,UPI
TXN_20240901464,2024-09-13,CUST_0374,PRD_E101,Paytm Soundbox 4.0 Pro,Electronics,"Store-103 (BKC, Mumbai)",RETURNING,1,1499.0,149.9,1349.1,Debit Card
TXN_20240901465,2024-09-13,CUST_0112,PRD_A205,Bluetooth Audio Dongle Mini,Accessories,"Store-104 (Banjara Hills, Hyderabad)",RETURNING,1,399.0,0.0,399.0,Debit Card
TXN_20240901466,2024-09-13,CUST_0329,PRD_S402,Automated Tally Accounting Sync,Software & Services,"Store-102 (Indiranagar, Bengaluru)",NEW,1,1499.0,74.95,1424.05,UPI
TXN_20240901467,2024-09-13,CUST_0195,PRD_M301,Acrylic QR Standee - Dual Bank,Merchant Essentials,"Store-102 (Indiranagar, Bengaluru)",NEW,1,349.0,17.45,331.55,UPI
TXN_20240901468,2024-09-13,CUST_0428,PRD_E102,Paytm Card POS Terminal Neo,Electronics,"Store-102 (Indiranagar, Bengaluru)",NEW,1,4999.0,0.0,4999.0,Credit Card
TXN_20240901469,2024-09-13,CUST_0136,PRD_E101,Paytm Soundbox 4.0 Pro,Electronics,"Store-103 (BKC, Mumbai)",RETURNING,1,1499.0,74.95,1424.05,UPI
TXN_20240901470,2024-09-13,CUST_0324,PRD_M301,Acrylic QR Standee - Dual Bank,Merchant Essentials,"Store-102 (Indiranagar, Bengaluru)",NEW,1,349.0,34.9,314.1,UPI
TXN_20240901471,2024-09-13,CUST_0276,PRD_A203,Thermal Receipt Rolls (Pack of 10),Accessories,"Store-104 (Banjara Hills, Hyderabad)",RETURNING,1,299.0,29.9,269.1,UPI
TXN_20240901472,2024-09-13,CUST_0359,PRD_S403,Priority Settlement Annual Plan,Software & Services,"Store-105 (Park Street, Kolkata)",NEW,2,1999.0,399.8,3598.2,UPI
TXN_20240901473,2024-09-13,CUST_0396,PRD_E103,Paytm Smart All-in-One POS,Electronics,"Store-102 (Indiranagar, Bengaluru)",RETURNING,2,8499.0,0.0,16998.0,Credit Card
TXN_20240901474,2024-09-13,CUST_0096,PRD_E105,Dynamic Display QR Standee,Electronics,"Store-104 (Banjara Hills, Hyderabad)",RETURNING,1,1299.0,0.0,1299.0,Credit Card
TXN_20240901475,2024-09-13,CUST_0018,PRD_E104,Wireless Barcode Scanner BT,Electronics,"Store-101 (Connaught Place, Delhi)",RETURNING,1,1899.0,0.0,1899.0,UPI
TXN_20240901476,2024-09-13,CUST_0172,PRD_E104,Wireless Barcode Scanner BT,Electronics,"Store-101 (Connaught Place, Delhi)",NEW,1,1899.0,0.0,1899.0,UPI
TXN_20240901477,2024-09-13,CUST_0280,PRD_E102,Paytm Card POS Terminal Neo,Electronics,"Store-101 (Connaught Place, Delhi)",RETURNING,1,4999.0,249.95,4749.05,Credit Card
TXN_20240901478,2024-09-13,CUST_0375,PRD_E105,Dynamic Display QR Standee,Electronics,"Store-102 (Indiranagar, Bengaluru)",NEW,1,1299.0,0.0,1299.0,UPI
TXN_20240901479,2024-09-13,CUST_0348,PRD_E105,Dynamic Display QR Standee,Electronics,"Store-101 (Connaught Place, Delhi)",RETURNING,3,1299.0,389.7,3507.3,Net Banking
TXN_20240901480,2024-09-13,CUST_0260,PRD_E102,Paytm Card POS Terminal Neo,Electronics,"Store-104 (Banjara Hills, Hyderabad)",RETURNING,2,4999.0,0.0,9998.0,UPI
TXN_20240901481,2024-09-13,CUST_0263,PRD_E102,Paytm Card POS Terminal Neo,Electronics,"Store-103 (BKC, Mumbai)",RETURNING,2,4999.0,1499.7,8498.3,UPI
TXN_20240901482,2024-09-13,CUST_0498,PRD_A203,Thermal Receipt Rolls (Pack of 10),Accessories,"Store-102 (Indiranagar, Bengaluru)",RETURNING,1,299.0,44.85,254.15,Paytm Wallet
TXN_20240901483,2024-09-13,CUST_0159,PRD_M303,Cash Drawer 4-Slot Auto-Open,Merchant Essentials,"Store-102 (Indiranagar, Bengaluru)",RETURNING,2,2299.0,0.0,4598.0,UPI
TXN_20240901484,2024-09-13,CUST_0076,PRD_E103,Paytm Smart All-in-One POS,Electronics,"Store-102 (Indiranagar, Bengaluru)",NEW,1,8499.0,0.0,8499.0,UPI
TXN_20240901485,2024-09-13,CUST_0105,PRD_E105,Dynamic Display QR Standee,Electronics,"Store-102 (Indiranagar, Bengaluru)",NEW,1,1299.0,64.95,1234.05,Debit Card
TXN_20240901486,2024-09-13,CUST_0003,PRD_E105,Dynamic Display QR Standee,Electronics,"Store-103 (BKC, Mumbai)",RETURNING,1,1299.0,0.0,1299.0,UPI
TXN_20240901487,2024-09-13,CUST_0242,PRD_M301,Acrylic QR Standee - Dual Bank,Merchant Essentials,"Store-104 (Banjara Hills, Hyderabad)",NEW,1,349.0,34.9,314.1,UPI
TXN_20240901488,2024-09-13,CUST_0066,PRD_E104,Wireless Barcode Scanner BT,Electronics,"Store-102 (Indiranagar, Bengaluru)",RETURNING,1,1899.0,0.0,1899.0,Credit Card
TXN_20240901489,2024-09-13,CUST_0447,PRD_E105,Dynamic Display QR Standee,Electronics,"Store-104 (Banjara Hills, Hyderabad)",RETURNING,1,1299.0,64.95,1234.05,Paytm Wallet
TXN_20240901490,2024-09-13,CUST_0014,PRD_E103,Paytm Smart All-in-One POS,Electronics,"Store-105 (Park Street, Kolkata)",RETURNING,2,8499.0,0.0,16998.0,UPI
TXN_20240901491,2024-09-13,CUST_0001,PRD_A204,Heavy Duty POS Lanyard Strap,Accessories,"Store-104 (Banjara Hills, Hyderabad)",NEW,2,149.0,14.9,283.1,UPI
TXN_20240901492,2024-09-13,CUST_0097,PRD_E101,Paytm Soundbox 4.0 Pro,Electronics,"Store-103 (BKC, Mumbai)",RETURNING,1,1499.0,74.95,1424.05,UPI
TXN_20240901493,2024-09-13,CUST_0146,PRD_E104,Wireless Barcode Scanner BT,Electronics,"Store-104 (Banjara Hills, Hyderabad)",RETURNING,1,1899.0,0.0,1899.0,UPI
TXN_20240901494,2024-09-13,CUST_0350,PRD_A201,Soundbox Replacement Battery,Accessories,"Store-101 (Connaught Place, Delhi)",RETURNING,2,499.0,49.9,948.1,UPI
TXN_20240901495,2024-09-13,CUST_0442,PRD_E105,Dynamic Display QR Standee,Electronics,"Store-101 (Connaught Place, Delhi)",RETURNING,2,1299.0,129.9,2468.1,Credit Card
TXN_20240901496,2024-09-13,CUST_0006,PRD_E105,Dynamic Display QR Standee,Electronics,"Store-104 (Banjara Hills, Hyderabad)",RETURNING,2,1299.0,0.0,2598.0,Credit Card
TXN_20240901497,2024-09-14,CUST_0310,PRD_M303,Cash Drawer 4-Slot Auto-Open,Merchant Essentials,"Store-104 (Banjara Hills, Hyderabad)",RETURNING,1,2299.0,114.95,2184.05,Debit Card
TXN_20240901498,2024-09-14,CUST_0498,PRD_E104,Wireless Barcode Scanner BT,Electronics,"Store-102 (Indiranagar, Bengaluru)",RETURNING,5,1899.0,0.0,9495.0,Credit Card
TXN_20240901499,2024-09-14,CUST_0077,PRD_E101,Paytm Soundbox 4.0 Pro,Electronics,"Store-105 (Park Street, Kolkata)",RETURNING,1,1499.0,74.95,1424.05,Net Banking
TXN_20240901500,2024-09-14,CUST_0223,PRD_E101,Paytm Soundbox 4.0 Pro,Electronics,"Store-103 (BKC, Mumbai)",NEW,1,1499.0,149.9,1349.1,UPI
TXN_20240901501,2024-09-14,CUST_0026,PRD_S401,Paytm Business Prime Subscription,Software & Services,"Store-103 (BKC, Mumbai)",RETURNING,1,999.0,0.0,999.0,Debit Card
TXN_20240901502,2024-09-14,CUST_0278,PRD_E103,Paytm Smart All-in-One POS,Electronics,"Store-103 (BKC, Mumbai)",RETURNING,2,8499.0,0.0,16998.0,Credit Card
TXN_20240901503,2024-09-14,CUST_0306,PRD_E102,Paytm Card POS Terminal Neo,Electronics,"Store-101 (Connaught Place, Delhi)",RETURNING,1,4999.0,0.0,4999.0,UPI
TXN_20240901504,2024-09-14,CUST_0065,PRD_M302,Voice Box Mounting Bracket,Merchant Essentials,"Store-104 (Banjara Hills, Hyderabad)",RETURNING,1,249.0,37.35,211.65,Credit Card
TXN_20240901505,2024-09-14,CUST_0125,PRD_S401,Paytm Business Prime Subscription,Software & Services,"Store-105 (Park Street, Kolkata)",RETURNING,2,999.0,0.0,1998.0,UPI
TXN_20240901506,2024-09-14,CUST_0312,PRD_S403,Priority Settlement Annual Plan,Software & Services,"Store-101 (Connaught Place, Delhi)",NEW,1,1999.0,299.85,1699.15,UPI
TXN_20240901507,2024-09-14,CUST_0475,PRD_A205,Bluetooth Audio Dongle Mini,Accessories,"Store-103 (BKC, Mumbai)",NEW,1,399.0,0.0,399.0,Paytm Wallet
TXN_20240901508,2024-09-14,CUST_0132,PRD_M302,Voice Box Mounting Bracket,Merchant Essentials,"Store-101 (Connaught Place, Delhi)",RETURNING,2,249.0,0.0,498.0,UPI
TXN_20240901509,2024-09-14,CUST_0134,PRD_S403,Priority Settlement Annual Plan,Software & Services,"Store-105 (Park Street, Kolkata)",RETURNING,1,1999.0,0.0,1999.0,Debit Card
TXN_20240901510,2024-09-14,CUST_0192,PRD_A203,Thermal Receipt Rolls (Pack of 10),Accessories,"Store-102 (Indiranagar, Bengaluru)",NEW,2,299.0,0.0,598.0,Credit Card
TXN_20240901511,2024-09-14,CUST_0399,PRD_E102,Paytm Card POS Terminal Neo,Electronics,"Store-105 (Park Street, Kolkata)",NEW,1,4999.0,249.95,4749.05,Net Banking
TXN_20240901512,2024-09-14,CUST_0348,PRD_E103,Paytm Smart All-in-One POS,Electronics,"Store-101 (Connaught Place, Delhi)",RETURNING,2,8499.0,0.0,16998.0,UPI
TXN_20240901513,2024-09-14,CUST_0137,PRD_E105,Dynamic Display QR Standee,Electronics,"Store-103 (BKC, Mumbai)",RETURNING,2,1299.0,129.9,2468.1,UPI
TXN_20240901514,2024-09-14,CUST_0314,PRD_E103,Paytm Smart All-in-One POS,Electronics,"Store-105 (Park Street, Kolkata)",NEW,2,8499.0,849.9,16148.1,Credit Card
TXN_20240901515,2024-09-14,CUST_0169,PRD_A202,POS Charging Cradle Dock,Accessories,"Store-104 (Banjara Hills, Hyderabad)",NEW,2,699.0,0.0,1398.0,UPI
TXN_20240901516,2024-09-14,CUST_0178,PRD_M303,Cash Drawer 4-Slot Auto-Open,Merchant Essentials,"Store-102 (Indiranagar, Bengaluru)",NEW,1,2299.0,114.95,2184.05,UPI
TXN_20240901517,2024-09-14,CUST_0358,PRD_E102,Paytm Card POS Terminal Neo,Electronics,"Store-104 (Banjara Hills, Hyderabad)",RETURNING,2,4999.0,999.8,8998.2,Paytm Wallet
TXN_20240901518,2024-09-14,CUST_0324,PRD_E105,Dynamic Display QR Standee,Electronics,"Store-103 (BKC, Mumbai)",NEW,1,1299.0,64.95,1234.05,UPI
TXN_20240901519,2024-09-14,CUST_0156,PRD_E103,Paytm Smart All-in-One POS,Electronics,"Store-103 (BKC, Mumbai)",NEW,1,8499.0,424.95,8074.05,UPI
TXN_20240901520,2024-09-14,CUST_0300,PRD_E102,Paytm Card POS Terminal Neo,Electronics,"Store-103 (BKC, Mumbai)",NEW,1,4999.0,0.0,4999.0,Debit Card
TXN_20240901521,2024-09-14,CUST_0385,PRD_S403,Priority Settlement Annual Plan,Software & Services,"Store-105 (Park Street, Kolkata)",RETURNING,1,1999.0,0.0,1999.0,UPI
TXN_20240901522,2024-09-14,CUST_0194,PRD_A204,Heavy Duty POS Lanyard Strap,Accessories,"Store-101 (Connaught Place, Delhi)",RETURNING,2,149.0,44.7,253.3,Credit Card
TXN_20240901523,2024-09-14,CUST_0092,PRD_M304,Merchant Branding Banner Kit,Merchant Essentials,"Store-104 (Banjara Hills, Hyderabad)",RETURNING,1,599.0,0.0,599.0,Net Banking
TXN_20240901524,2024-09-14,CUST_0143,PRD_E104,Wireless Barcode Scanner BT,Electronics,"Store-103 (BKC, Mumbai)",RETURNING,1,1899.0,94.95,1804.05,Credit Card
TXN_20240901525,2024-09-14,CUST_0326,PRD_E104,Wireless Barcode Scanner BT,Electronics,"Store-105 (Park Street, Kolkata)",RETURNING,2,1899.0,0.0,3798.0,Debit Card
TXN_20240901526,2024-09-14,CUST_0147,PRD_M304,Merchant Branding Banner Kit,Merchant Essentials,"Store-104 (Banjara Hills, Hyderabad)",RETURNING,1,599.0,0.0,599.0,UPI
TXN_20240901527,2024-09-14,CUST_0425,PRD_E104,Wireless Barcode Scanner BT,Electronics,"Store-104 (Banjara Hills, Hyderabad)",RETURNING,1,1899.0,0.0,1899.0,Credit Card
TXN_20240901528,2024-09-14,CUST_0215,PRD_S403,Priority Settlement Annual Plan,Software & Services,"Store-104 (Banjara Hills, Hyderabad)",NEW,1,1999.0,0.0,1999.0,UPI
TXN_20240901529,2024-09-14,CUST_0313,PRD_A204,Heavy Duty POS Lanyard Strap,Accessories,"Store-101 (Connaught Place, Delhi)",RETURNING,1,149.0,22.35,126.65,UPI
TXN_20240901530,2024-09-14,CUST_0128,PRD_E102,Paytm Card POS Terminal Neo,Electronics,"Store-104 (Banjara Hills, Hyderabad)",NEW,1,4999.0,749.85,4249.15,UPI
TXN_20240901531,2024-09-14,CUST_0308,PRD_S401,Paytm Business Prime Subscription,Software & Services,"Store-104 (Banjara Hills, Hyderabad)",RETURNING,1,999.0,99.9,899.1,UPI
TXN_20240901532,2024-09-14,CUST_0189,PRD_M302,Voice Box Mounting Bracket,Merchant Essentials,"Store-102 (Indiranagar, Bengaluru)",NEW,1,249.0,37.35,211.65,Paytm Wallet
TXN_20240901533,2024-09-14,CUST_0166,PRD_E102,Paytm Card POS Terminal Neo,Electronics,"Store-101 (Connaught Place, Delhi)",RETURNING,3,4999.0,749.85,14247.15,UPI
TXN_20240901534,2024-09-14,CUST_0309,PRD_E105,Dynamic Display QR Standee,Electronics,"Store-102 (Indiranagar, Bengaluru)",NEW,2,1299.0,389.7,2208.3,UPI
TXN_20240901535,2024-09-14,CUST_0057,PRD_M303,Cash Drawer 4-Slot Auto-Open,Merchant Essentials,"Store-103 (BKC, Mumbai)",NEW,2,2299.0,689.7,3908.3,UPI
TXN_20240901536,2024-09-14,CUST_0370,PRD_S403,Priority Settlement Annual Plan,Software & Services,"Store-101 (Connaught Place, Delhi)",RETURNING,1,1999.0,0.0,1999.0,UPI
TXN_20240901537,2024-09-14,CUST_0241,PRD_M304,Merchant Branding Banner Kit,Merchant Essentials,"Store-101 (Connaught Place, Delhi)",RETURNING,2,599.0,119.8,1078.2,UPI
TXN_20240901538,2024-09-14,CUST_0367,PRD_M303,Cash Drawer 4-Slot Auto-Open,Merchant Essentials,"Store-105 (Park Street, Kolkata)",NEW,1,2299.0,0.0,2299.0,Debit Card
TXN_20240901539,2024-09-14,CUST_0031,PRD_E103,Paytm Smart All-in-One POS,Electronics,"Store-104 (Banjara Hills, Hyderabad)",NEW,2,8499.0,849.9,16148.1,UPI
TXN_20240901540,2024-09-14,CUST_0205,PRD_M302,Voice Box Mounting Bracket,Merchant Essentials,"Store-105 (Park Street, Kolkata)",NEW,1,249.0,0.0,249.0,Debit Card
TXN_20240901541,2024-09-14,CUST_0054,PRD_E102,Paytm Card POS Terminal Neo,Electronics,"Store-103 (BKC, Mumbai)",NEW,2,4999.0,499.9,9498.1,Debit Card
TXN_20240901542,2024-09-14,CUST_0370,PRD_E102,Paytm Card POS Terminal Neo,Electronics,"Store-104 (Banjara Hills, Hyderabad)",RETURNING,2,4999.0,0.0,9998.0,UPI
TXN_20240901543,2024-09-14,CUST_0136,PRD_E101,Paytm Soundbox 4.0 Pro,Electronics,"Store-101 (Connaught Place, Delhi)",RETURNING,1,1499.0,149.9,1349.1,Debit Card
TXN_20240901544,2024-09-14,CUST_0176,PRD_E103,Paytm Smart All-in-One POS,Electronics,"Store-104 (Banjara Hills, Hyderabad)",RETURNING,1,8499.0,0.0,8499.0,UPI
TXN_20240901545,2024-09-14,CUST_0019,PRD_M302,Voice Box Mounting Bracket,Merchant Essentials,"Store-102 (Indiranagar, Bengaluru)",RETURNING,2,249.0,49.8,448.2,Credit Card
TXN_20240901546,2024-09-14,CUST_0366,PRD_E103,Paytm Smart All-in-One POS,Electronics,"Store-102 (Indiranagar, Bengaluru)",RETURNING,1,8499.0,424.95,8074.05,Credit Card
TXN_20240901547,2024-09-14,CUST_0080,PRD_M302,Voice Box Mounting Bracket,Merchant Essentials,"Store-102 (Indiranagar, Bengaluru)",RETURNING,1,249.0,0.0,249.0,Credit Card
TXN_20240901548,2024-09-14,CUST_0015,PRD_M304,Merchant Branding Banner Kit,Merchant Essentials,"Store-105 (Park Street, Kolkata)",RETURNING,1,599.0,0.0,599.0,Credit Card
TXN_20240901549,2024-09-14,CUST_0382,PRD_M304,Merchant Branding Banner Kit,Merchant Essentials,"Store-105 (Park Street, Kolkata)",NEW,1,599.0,29.95,569.05,UPI
TXN_20240901550,2024-09-14,CUST_0177,PRD_A205,Bluetooth Audio Dongle Mini,Accessories,"Store-105 (Park Street, Kolkata)",RETURNING,2,399.0,0.0,798.0,Debit Card
TXN_20240901551,2024-09-14,CUST_0249,PRD_A205,Bluetooth Audio Dongle Mini,Accessories,"Store-105 (Park Street, Kolkata)",RETURNING,1,399.0,0.0,399.0,Credit Card
TXN_20240901552,2024-09-14,CUST_0034,PRD_E104,Wireless Barcode Scanner BT,Electronics,"Store-103 (BKC, Mumbai)",NEW,1,1899.0,0.0,1899.0,Credit Card
TXN_20240901553,2024-09-14,CUST_0374,PRD_M303,Cash Drawer 4-Slot Auto-Open,Merchant Essentials,"Store-102 (Indiranagar, Bengaluru)",RETURNING,1,2299.0,344.85,1954.15,Net Banking
TXN_20240901554,2024-09-14,CUST_0431,PRD_M302,Voice Box Mounting Bracket,Merchant Essentials,"Store-105 (Park Street, Kolkata)",RETURNING,2,249.0,0.0,498.0,UPI
TXN_20240901555,2024-09-14,CUST_0321,PRD_E101,Paytm Soundbox 4.0 Pro,Electronics,"Store-103 (BKC, Mumbai)",NEW,1,1499.0,0.0,1499.0,Paytm Wallet
TXN_20240901556,2024-09-14,CUST_0434,PRD_M302,Voice Box Mounting Bracket,Merchant Essentials,"Store-101 (Connaught Place, Delhi)",RETURNING,4,249.0,49.8,946.2,UPI
TXN_20240901557,2024-09-14,CUST_0132,PRD_M303,Cash Drawer 4-Slot Auto-Open,Merchant Essentials,"Store-102 (Indiranagar, Bengaluru)",RETURNING,1,2299.0,0.0,2299.0,Credit Card
TXN_20240901558,2024-09-14,CUST_0234,PRD_E102,Paytm Card POS Terminal Neo,Electronics,"Store-105 (Park Street, Kolkata)",RETURNING,1,4999.0,249.95,4749.05,Credit Card
TXN_20240901559,2024-09-14,CUST_0470,PRD_E101,Paytm Soundbox 4.0 Pro,Electronics,"Store-102 (Indiranagar, Bengaluru)",NEW,1,1499.0,0.0,1499.0,UPI
TXN_20240901560,2024-09-14,CUST_0300,PRD_M302,Voice Box Mounting Bracket,Merchant Essentials,"Store-104 (Banjara Hills, Hyderabad)",NEW,1,249.0,12.45,236.55,Debit Card
TXN_20240901561,2024-09-14,CUST_0164,PRD_M303,Cash Drawer 4-Slot Auto-Open,Merchant Essentials,"Store-101 (Connaught Place, Delhi)",NEW,1,2299.0,0.0,2299.0,UPI
TXN_20240901562,2024-09-14,CUST_0102,PRD_E102,Paytm Card POS Terminal Neo,Electronics,"Store-105 (Park Street, Kolkata)",NEW,1,4999.0,249.95,4749.05,Credit Card
TXN_20240901563,2024-09-14,CUST_0298,PRD_E105,Dynamic Display QR Standee,Electronics,"Store-101 (Connaught Place, Delhi)",NEW,1,1299.0,0.0,1299.0,Credit Card
TXN_20240901564,2024-09-14,CUST_0302,PRD_M303,Cash Drawer 4-Slot Auto-Open,Merchant Essentials,"Store-105 (Park Street, Kolkata)",NEW,2,2299.0,689.7,3908.3,UPI
TXN_20240901565,2024-09-14,CUST_0209,PRD_A204,Heavy Duty POS Lanyard Strap,Accessories,"Store-104 (Banjara Hills, Hyderabad)",NEW,1,149.0,0.0,149.0,UPI
TXN_20240901566,2024-09-14,CUST_0146,PRD_S402,Automated Tally Accounting Sync,Software & Services,"Store-103 (BKC, Mumbai)",RETURNING,1,1499.0,0.0,1499.0,Credit Card
TXN_20240901567,2024-09-14,CUST_0258,PRD_E104,Wireless Barcode Scanner BT,Electronics,"Store-104 (Banjara Hills, Hyderabad)",NEW,1,1899.0,189.9,1709.1,UPI
TXN_20240901568,2024-09-14,CUST_0004,PRD_E104,Wireless Barcode Scanner BT,Electronics,"Store-105 (Park Street, Kolkata)",RETURNING,2,1899.0,0.0,3798.0,UPI
TXN_20240901569,2024-09-14,CUST_0156,PRD_E101,Paytm Soundbox 4.0 Pro,Electronics,"Store-104 (Banjara Hills, Hyderabad)",NEW,1,1499.0,74.95,1424.05,Debit Card
TXN_20240901570,2024-09-14,CUST_0100,PRD_M303,Cash Drawer 4-Slot Auto-Open,Merchant Essentials,"Store-102 (Indiranagar, Bengaluru)",RETURNING,1,2299.0,0.0,2299.0,UPI
TXN_20240901571,2024-09-14,CUST_0053,PRD_M301,Acrylic QR Standee - Dual Bank,Merchant Essentials,"Store-105 (Park Street, Kolkata)",RETURNING,1,349.0,0.0,349.0,UPI
TXN_20240901572,2024-09-14,CUST_0203,PRD_M303,Cash Drawer 4-Slot Auto-Open,Merchant Essentials,"Store-102 (Indiranagar, Bengaluru)",RETURNING,2,2299.0,689.7,3908.3,Paytm Wallet
TXN_20240901573,2024-09-14,CUST_0335,PRD_A204,Heavy Duty POS Lanyard Strap,Accessories,"Store-104 (Banjara Hills, Hyderabad)",RETURNING,2,149.0,44.7,253.3,UPI
TXN_20240901574,2024-09-14,CUST_0439,PRD_M304,Merchant Branding Banner Kit,Merchant Essentials,"Store-103 (BKC, Mumbai)",NEW,1,599.0,0.0,599.0,UPI
TXN_20240901575,2024-09-14,CUST_0382,PRD_E104,Wireless Barcode Scanner BT,Electronics,"Store-103 (BKC, Mumbai)",NEW,1,1899.0,0.0,1899.0,UPI
TXN_20240901576,2024-09-14,CUST_0391,PRD_S402,Automated Tally Accounting Sync,Software & Services,"Store-101 (Connaught Place, Delhi)",NEW,3,1499.0,0.0,4497.0,Debit Card
TXN_20240901577,2024-09-14,CUST_0500,PRD_E105,Dynamic Display QR Standee,Electronics,"Store-103 (BKC, Mumbai)",RETURNING,1,1299.0,0.0,1299.0,Credit Card
TXN_20240901578,2024-09-14,CUST_0151,PRD_M304,Merchant Branding Banner Kit,Merchant Essentials,"Store-101 (Connaught Place, Delhi)",RETURNING,1,599.0,0.0,599.0,Credit Card
TXN_20240901579,2024-09-14,CUST_0103,PRD_M303,Cash Drawer 4-Slot Auto-Open,Merchant Essentials,"Store-105 (Park Street, Kolkata)",NEW,1,2299.0,229.9,2069.1,UPI
TXN_20240901580,2024-09-14,CUST_0125,PRD_E102,Paytm Card POS Terminal Neo,Electronics,"Store-104 (Banjara Hills, Hyderabad)",RETURNING,3,4999.0,2249.55,12747.45,Paytm Wallet
TXN_20240901581,2024-09-14,CUST_0400,PRD_M301,Acrylic QR Standee - Dual Bank,Merchant Essentials,"Store-104 (Banjara Hills, Hyderabad)",NEW,1,349.0,52.35,296.65,Credit Card
TXN_20240901582,2024-09-14,CUST_0031,PRD_E102,Paytm Card POS Terminal Neo,Electronics,"Store-103 (BKC, Mumbai)",NEW,1,4999.0,0.0,4999.0,Paytm Wallet
TXN_20240901583,2024-09-14,CUST_0057,PRD_E105,Dynamic Display QR Standee,Electronics,"Store-101 (Connaught Place, Delhi)",NEW,1,1299.0,129.9,1169.1,UPI
TXN_20240901584,2024-09-14,CUST_0078,PRD_M304,Merchant Branding Banner Kit,Merchant Essentials,"Store-105 (Park Street, Kolkata)",RETURNING,2,599.0,0.0,1198.0,UPI
TXN_20240901585,2024-09-14,CUST_0294,PRD_A202,POS Charging Cradle Dock,Accessories,"Store-103 (BKC, Mumbai)",RETURNING,1,699.0,34.95,664.05,UPI
TXN_20240901586,2024-09-14,CUST_0395,PRD_E101,Paytm Soundbox 4.0 Pro,Electronics,"Store-103 (BKC, Mumbai)",RETURNING,3,1499.0,449.7,4047.3,Credit Card
TXN_20240901587,2024-09-14,CUST_0110,PRD_E102,Paytm Card POS Terminal Neo,Electronics,"Store-104 (Banjara Hills, Hyderabad)",NEW,1,4999.0,0.0,4999.0,UPI
TXN_20240901588,2024-09-14,CUST_0498,PRD_M301,Acrylic QR Standee - Dual Bank,Merchant Essentials,"Store-103 (BKC, Mumbai)",RETURNING,1,349.0,0.0,349.0,Credit Card
TXN_20240901589,2024-09-14,CUST_0219,PRD_E104,Wireless Barcode Scanner BT,Electronics,"Store-104 (Banjara Hills, Hyderabad)",NEW,2,1899.0,379.8,3418.2,UPI
TXN_20240901590,2024-09-14,CUST_0263,PRD_E104,Wireless Barcode Scanner BT,Electronics,"Store-105 (Park Street, Kolkata)",RETURNING,2,1899.0,189.9,3608.1,Debit Card
TXN_20240901591,2024-09-14,CUST_0405,PRD_A202,POS Charging Cradle Dock,Accessories,"Store-103 (BKC, Mumbai)",RETURNING,1,699.0,34.95,664.05,Credit Card
TXN_20240901592,2024-09-14,CUST_0499,PRD_A202,POS Charging Cradle Dock,Accessories,"Store-101 (Connaught Place, Delhi)",NEW,1,699.0,69.9,629.1,Debit Card
TXN_20240901593,2024-09-14,CUST_0045,PRD_A203,Thermal Receipt Rolls (Pack of 10),Accessories,"Store-104 (Banjara Hills, Hyderabad)",RETURNING,1,299.0,29.9,269.1,Debit Card
TXN_20240901594,2024-09-14,CUST_0221,PRD_M303,Cash Drawer 4-Slot Auto-Open,Merchant Essentials,"Store-104 (Banjara Hills, Hyderabad)",RETURNING,1,2299.0,114.95,2184.05,Credit Card
TXN_20240901595,2024-09-14,CUST_0038,PRD_E102,Paytm Card POS Terminal Neo,Electronics,"Store-105 (Park Street, Kolkata)",RETURNING,1,4999.0,249.95,4749.05,Debit Card
TXN_20240901596,2024-09-14,CUST_0222,PRD_S401,Paytm Business Prime Subscription,Software & Services,"Store-104 (Banjara Hills, Hyderabad)",RETURNING,2,999.0,199.8,1798.2,UPI
TXN_20240901597,2024-09-14,CUST_0116,PRD_E104,Wireless Barcode Scanner BT,Electronics,"Store-102 (Indiranagar, Bengaluru)",NEW,1,1899.0,0.0,1899.0,Credit Card
TXN_20240901598,2024-09-14,CUST_0168,PRD_A202,POS Charging Cradle Dock,Accessories,"Store-102 (Indiranagar, Bengaluru)",RETURNING,2,699.0,0.0,1398.0,Net Banking
TXN_20240901599,2024-09-14,CUST_0445,PRD_A203,Thermal Receipt Rolls (Pack of 10),Accessories,"Store-102 (Indiranagar, Bengaluru)",RETURNING,3,299.0,0.0,897.0,UPI
TXN_20240901600,2024-09-14,CUST_0309,PRD_S402,Automated Tally Accounting Sync,Software & Services,"Store-101 (Connaught Place, Delhi)",NEW,2,1499.0,149.9,2848.1,Paytm Wallet
TXN_20240901601,2024-09-14,CUST_0168,PRD_M304,Merchant Branding Banner Kit,Merchant Essentials,"Store-102 (Indiranagar, Bengaluru)",RETURNING,2,599.0,0.0,1198.0,Paytm Wallet
TXN_20240901602,2024-09-14,CUST_0120,PRD_S402,Automated Tally Accounting Sync,Software & Services,"Store-102 (Indiranagar, Bengaluru)",NEW,2,1499.0,0.0,2998.0,Net Banking
TXN_20240901603,2024-09-14,CUST_0484,PRD_E105,Dynamic Display QR Standee,Electronics,"Store-104 (Banjara Hills, Hyderabad)",RETURNING,1,1299.0,129.9,1169.1,UPI
TXN_20240901604,2024-09-14,CUST_0026,PRD_E105,Dynamic Display QR Standee,Electronics,"Store-104 (Banjara Hills, Hyderabad)",RETURNING,1,1299.0,64.95,1234.05,UPI
TXN_20240901605,2024-09-14,CUST_0497,PRD_E102,Paytm Card POS Terminal Neo,Electronics,"Store-105 (Park Street, Kolkata)",RETURNING,2,4999.0,999.8,8998.2,UPI
TXN_20240901606,2024-09-14,CUST_0251,PRD_M302,Voice Box Mounting Bracket,Merchant Essentials,"Store-103 (BKC, Mumbai)",RETURNING,1,249.0,0.0,249.0,Paytm Wallet
TXN_20240901607,2024-09-14,CUST_0410,PRD_A201,Soundbox Replacement Battery,Accessories,"Store-104 (Banjara Hills, Hyderabad)",NEW,1,499.0,0.0,499.0,UPI
TXN_20240901608,2024-09-14,CUST_0004,PRD_E104,Wireless Barcode Scanner BT,Electronics,"Store-104 (Banjara Hills, Hyderabad)",RETURNING,1,1899.0,0.0,1899.0,Paytm Wallet
TXN_20240901609,2024-09-14,CUST_0429,PRD_E101,Paytm Soundbox 4.0 Pro,Electronics,"Store-103 (BKC, Mumbai)",RETURNING,1,1499.0,74.95,1424.05,Debit Card
TXN_20240901610,2024-09-14,CUST_0449,PRD_E105,Dynamic Display QR Standee,Electronics,"Store-103 (BKC, Mumbai)",RETURNING,1,1299.0,0.0,1299.0,Debit Card
TXN_20240901611,2024-09-14,CUST_0091,PRD_A203,Thermal Receipt Rolls (Pack of 10),Accessories,"Store-102 (Indiranagar, Bengaluru)",RETURNING,2,299.0,29.9,568.1,UPI
TXN_20240901612,2024-09-14,CUST_0306,PRD_M303,Cash Drawer 4-Slot Auto-Open,Merchant Essentials,"Store-103 (BKC, Mumbai)",RETURNING,1,2299.0,0.0,2299.0,UPI
TXN_20240901613,2024-09-14,CUST_0480,PRD_A201,Soundbox Replacement Battery,Accessories,"Store-102 (Indiranagar, Bengaluru)",NEW,1,499.0,49.9,449.1,UPI
TXN_20240901614,2024-09-14,CUST_0451,PRD_S402,Automated Tally Accounting Sync,Software & Services,"Store-102 (Indiranagar, Bengaluru)",RETURNING,2,1499.0,0.0,2998.0,UPI
TXN_20240901615,2024-09-14,CUST_0431,PRD_E103,Paytm Smart All-in-One POS,Electronics,"Store-103 (BKC, Mumbai)",RETURNING,2,8499.0,0.0,16998.0,UPI
TXN_20240901616,2024-09-14,CUST_0377,PRD_M304,Merchant Branding Banner Kit,Merchant Essentials,"Store-104 (Banjara Hills, Hyderabad)",NEW,1,599.0,0.0,599.0,Credit Card
TXN_20240901617,2024-09-14,CUST_0269,PRD_E102,Paytm Card POS Terminal Neo,Electronics,"Store-101 (Connaught Place, Delhi)",NEW,1,4999.0,499.9,4499.1,UPI
TXN_20240901618,2024-09-14,CUST_0034,PRD_E102,Paytm Card POS Terminal Neo,Electronics,"Store-104 (Banjara Hills, Hyderabad)",NEW,1,4999.0,0.0,4999.0,Net Banking
TXN_20240901619,2024-09-14,CUST_0226,PRD_E102,Paytm Card POS Terminal Neo,Electronics,"Store-105 (Park Street, Kolkata)",RETURNING,3,4999.0,749.85,14247.15,Net Banking
TXN_20240901620,2024-09-14,CUST_0132,PRD_E102,Paytm Card POS Terminal Neo,Electronics,"Store-105 (Park Street, Kolkata)",RETURNING,1,4999.0,249.95,4749.05,UPI
TXN_20240901621,2024-09-14,CUST_0384,PRD_M304,Merchant Branding Banner Kit,Merchant Essentials,"Store-105 (Park Street, Kolkata)",RETURNING,2,599.0,0.0,1198.0,Paytm Wallet
TXN_20240901622,2024-09-14,CUST_0116,PRD_M301,Acrylic QR Standee - Dual Bank,Merchant Essentials,"Store-101 (Connaught Place, Delhi)",NEW,1,349.0,0.0,349.0,Credit Card
TXN_20240901623,2024-09-14,CUST_0128,PRD_E103,Paytm Smart All-in-One POS,Electronics,"Store-102 (Indiranagar, Bengaluru)",NEW,1,8499.0,0.0,8499.0,Credit Card
TXN_20240901624,2024-09-15,CUST_0343,PRD_A203,Thermal Receipt Rolls (Pack of 10),Accessories,"Store-105 (Park Street, Kolkata)",RETURNING,1,299.0,29.9,269.1,UPI
TXN_20240901625,2024-09-15,CUST_0217,PRD_E104,Wireless Barcode Scanner BT,Electronics,"Store-102 (Indiranagar, Bengaluru)",NEW,1,1899.0,284.85,1614.15,UPI
TXN_20240901626,2024-09-15,CUST_0464,PRD_M303,Cash Drawer 4-Slot Auto-Open,Merchant Essentials,"Store-101 (Connaught Place, Delhi)",RETURNING,2,2299.0,0.0,4598.0,Credit Card
TXN_20240901627,2024-09-15,CUST_0428,PRD_M303,Cash Drawer 4-Slot Auto-Open,Merchant Essentials,"Store-102 (Indiranagar, Bengaluru)",NEW,1,2299.0,0.0,2299.0,UPI
TXN_20240901628,2024-09-15,CUST_0440,PRD_E104,Wireless Barcode Scanner BT,Electronics,"Store-105 (Park Street, Kolkata)",RETURNING,1,1899.0,94.95,1804.05,UPI
TXN_20240901629,2024-09-15,CUST_0226,PRD_E102,Paytm Card POS Terminal Neo,Electronics,"Store-103 (BKC, Mumbai)",RETURNING,1,4999.0,0.0,4999.0,Paytm Wallet
TXN_20240901630,2024-09-15,CUST_0096,PRD_E103,Paytm Smart All-in-One POS,Electronics,"Store-104 (Banjara Hills, Hyderabad)",RETURNING,2,8499.0,0.0,16998.0,Debit Card
TXN_20240901631,2024-09-15,CUST_0391,PRD_A201,Soundbox Replacement Battery,Accessories,"Store-101 (Connaught Place, Delhi)",NEW,2,499.0,0.0,998.0,UPI
TXN_20240901632,2024-09-15,CUST_0279,PRD_E102,Paytm Card POS Terminal Neo,Electronics,"Store-102 (Indiranagar, Bengaluru)",NEW,3,4999.0,1499.7,13497.3,UPI
TXN_20240901633,2024-09-15,CUST_0365,PRD_E103,Paytm Smart All-in-One POS,Electronics,"Store-103 (BKC, Mumbai)",NEW,1,8499.0,0.0,8499.0,Paytm Wallet
TXN_20240901634,2024-09-15,CUST_0043,PRD_S403,Priority Settlement Annual Plan,Software & Services,"Store-105 (Park Street, Kolkata)",RETURNING,1,1999.0,199.9,1799.1,UPI
TXN_20240901635,2024-09-15,CUST_0073,PRD_M304,Merchant Branding Banner Kit,Merchant Essentials,"Store-102 (Indiranagar, Bengaluru)",RETURNING,3,599.0,89.85,1707.15,UPI
TXN_20240901636,2024-09-15,CUST_0400,PRD_E102,Paytm Card POS Terminal Neo,Electronics,"Store-105 (Park Street, Kolkata)",NEW,1,4999.0,499.9,4499.1,UPI
TXN_20240901637,2024-09-15,CUST_0118,PRD_M301,Acrylic QR Standee - Dual Bank,Merchant Essentials,"Store-105 (Park Street, Kolkata)",RETURNING,2,349.0,34.9,663.1,Credit Card
TXN_20240901638,2024-09-15,CUST_0440,PRD_A204,Heavy Duty POS Lanyard Strap,Accessories,"Store-102 (Indiranagar, Bengaluru)",RETURNING,1,149.0,0.0,149.0,UPI
TXN_20240901639,2024-09-15,CUST_0026,PRD_S402,Automated Tally Accounting Sync,Software & Services,"Store-104 (Banjara Hills, Hyderabad)",RETURNING,1,1499.0,224.85,1274.15,Net Banking
TXN_20240901640,2024-09-15,CUST_0240,PRD_E104,Wireless Barcode Scanner BT,Electronics,"Store-103 (BKC, Mumbai)",NEW,1,1899.0,0.0,1899.0,Credit Card
TXN_20240901641,2024-09-15,CUST_0160,PRD_E103,Paytm Smart All-in-One POS,Electronics,"Store-105 (Park Street, Kolkata)",NEW,1,8499.0,0.0,8499.0,Debit Card
TXN_20240901642,2024-09-15,CUST_0072,PRD_E102,Paytm Card POS Terminal Neo,Electronics,"Store-102 (Indiranagar, Bengaluru)",RETURNING,2,4999.0,1499.7,8498.3,UPI
TXN_20240901643,2024-09-15,CUST_0403,PRD_E102,Paytm Card POS Terminal Neo,Electronics,"Store-104 (Banjara Hills, Hyderabad)",RETURNING,2,4999.0,999.8,8998.2,UPI
TXN_20240901644,2024-09-15,CUST_0494,PRD_S402,Automated Tally Accounting Sync,Software & Services,"Store-102 (Indiranagar, Bengaluru)",RETURNING,3,1499.0,224.85,4272.15,Paytm Wallet
TXN_20240901645,2024-09-15,CUST_0078,PRD_E103,Paytm Smart All-in-One POS,Electronics,"Store-102 (Indiranagar, Bengaluru)",RETURNING,1,8499.0,0.0,8499.0,UPI
TXN_20240901646,2024-09-15,CUST_0160,PRD_A201,Soundbox Replacement Battery,Accessories,"Store-105 (Park Street, Kolkata)",NEW,1,499.0,24.95,474.05,UPI
TXN_20240901647,2024-09-15,CUST_0064,PRD_A202,POS Charging Cradle Dock,Accessories,"Store-105 (Park Street, Kolkata)",NEW,1,699.0,0.0,699.0,Paytm Wallet
TXN_20240901648,2024-09-15,CUST_0467,PRD_M302,Voice Box Mounting Bracket,Merchant Essentials,"Store-103 (BKC, Mumbai)",NEW,3,249.0,0.0,747.0,Debit Card
TXN_20240901649,2024-09-15,CUST_0131,PRD_E102,Paytm Card POS Terminal Neo,Electronics,"Store-104 (Banjara Hills, Hyderabad)",NEW,1,4999.0,0.0,4999.0,Credit Card
TXN_20240901650,2024-09-15,CUST_0444,PRD_M303,Cash Drawer 4-Slot Auto-Open,Merchant Essentials,"Store-103 (BKC, Mumbai)",RETURNING,2,2299.0,689.7,3908.3,Credit Card
TXN_20240901651,2024-09-15,CUST_0307,PRD_M304,Merchant Branding Banner Kit,Merchant Essentials,"Store-102 (Indiranagar, Bengaluru)",NEW,2,599.0,59.9,1138.1,Debit Card
TXN_20240901652,2024-09-15,CUST_0494,PRD_E105,Dynamic Display QR Standee,Electronics,"Store-101 (Connaught Place, Delhi)",RETURNING,1,1299.0,0.0,1299.0,Credit Card
TXN_20240901653,2024-09-15,CUST_0142,PRD_S401,Paytm Business Prime Subscription,Software & Services,"Store-105 (Park Street, Kolkata)",RETURNING,1,999.0,0.0,999.0,UPI
TXN_20240901654,2024-09-15,CUST_0007,PRD_E102,Paytm Card POS Terminal Neo,Electronics,"Store-104 (Banjara Hills, Hyderabad)",RETURNING,1,4999.0,249.95,4749.05,Credit Card
TXN_20240901655,2024-09-15,CUST_0054,PRD_S403,Priority Settlement Annual Plan,Software & Services,"Store-104 (Banjara Hills, Hyderabad)",NEW,1,1999.0,199.9,1799.1,UPI
TXN_20240901656,2024-09-15,CUST_0266,PRD_M304,Merchant Branding Banner Kit,Merchant Essentials,"Store-104 (Banjara Hills, Hyderabad)",RETURNING,2,599.0,119.8,1078.2,Credit Card
TXN_20240901657,2024-09-15,CUST_0051,PRD_A203,Thermal Receipt Rolls (Pack of 10),Accessories,"Store-101 (Connaught Place, Delhi)",RETURNING,4,299.0,59.8,1136.2,Credit Card
TXN_20240901658,2024-09-15,CUST_0310,PRD_E105,Dynamic Display QR Standee,Electronics,"Store-104 (Banjara Hills, Hyderabad)",RETURNING,2,1299.0,129.9,2468.1,UPI
TXN_20240901659,2024-09-15,CUST_0236,PRD_A203,Thermal Receipt Rolls (Pack of 10),Accessories,"Store-105 (Park Street, Kolkata)",RETURNING,1,299.0,29.9,269.1,Credit Card
TXN_20240901660,2024-09-15,CUST_0222,PRD_M301,Acrylic QR Standee - Dual Bank,Merchant Essentials,"Store-101 (Connaught Place, Delhi)",RETURNING,2,349.0,34.9,663.1,UPI
TXN_20240901661,2024-09-15,CUST_0150,PRD_S402,Automated Tally Accounting Sync,Software & Services,"Store-101 (Connaught Place, Delhi)",RETURNING,1,1499.0,0.0,1499.0,Debit Card
TXN_20240901662,2024-09-15,CUST_0177,PRD_E104,Wireless Barcode Scanner BT,Electronics,"Store-102 (Indiranagar, Bengaluru)",RETURNING,1,1899.0,0.0,1899.0,Credit Card
TXN_20240901663,2024-09-15,CUST_0326,PRD_E103,Paytm Smart All-in-One POS,Electronics,"Store-102 (Indiranagar, Bengaluru)",RETURNING,1,8499.0,424.95,8074.05,UPI
TXN_20240901664,2024-09-15,CUST_0206,PRD_M302,Voice Box Mounting Bracket,Merchant Essentials,"Store-102 (Indiranagar, Bengaluru)",NEW,2,249.0,49.8,448.2,UPI
TXN_20240901665,2024-09-15,CUST_0316,PRD_A202,POS Charging Cradle Dock,Accessories,"Store-102 (Indiranagar, Bengaluru)",RETURNING,1,699.0,104.85,594.15,UPI
TXN_20240901666,2024-09-15,CUST_0208,PRD_E104,Wireless Barcode Scanner BT,Electronics,"Store-104 (Banjara Hills, Hyderabad)",RETURNING,1,1899.0,0.0,1899.0,Debit Card
TXN_20240901667,2024-09-15,CUST_0249,PRD_E104,Wireless Barcode Scanner BT,Electronics,"Store-104 (Banjara Hills, Hyderabad)",RETURNING,2,1899.0,569.7,3228.3,UPI
TXN_20240901668,2024-09-15,CUST_0058,PRD_E102,Paytm Card POS Terminal Neo,Electronics,"Store-103 (BKC, Mumbai)",RETURNING,2,4999.0,499.9,9498.1,Debit Card
TXN_20240901669,2024-09-15,CUST_0276,PRD_E102,Paytm Card POS Terminal Neo,Electronics,"Store-105 (Park Street, Kolkata)",RETURNING,2,4999.0,0.0,9998.0,Credit Card
TXN_20240901670,2024-09-15,CUST_0449,PRD_M301,Acrylic QR Standee - Dual Bank,Merchant Essentials,"Store-103 (BKC, Mumbai)",RETURNING,1,349.0,0.0,349.0,UPI
TXN_20240901671,2024-09-15,CUST_0198,PRD_E102,Paytm Card POS Terminal Neo,Electronics,"Store-103 (BKC, Mumbai)",NEW,1,4999.0,749.85,4249.15,UPI
TXN_20240901672,2024-09-15,CUST_0116,PRD_E105,Dynamic Display QR Standee,Electronics,"Store-101 (Connaught Place, Delhi)",NEW,1,1299.0,0.0,1299.0,Paytm Wallet
TXN_20240901673,2024-09-15,CUST_0014,PRD_E105,Dynamic Display QR Standee,Electronics,"Store-102 (Indiranagar, Bengaluru)",RETURNING,2,1299.0,129.9,2468.1,UPI
TXN_20240901674,2024-09-15,CUST_0007,PRD_E103,Paytm Smart All-in-One POS,Electronics,"Store-101 (Connaught Place, Delhi)",RETURNING,2,8499.0,0.0,16998.0,Credit Card
TXN_20240901675,2024-09-15,CUST_0291,PRD_E102,Paytm Card POS Terminal Neo,Electronics,"Store-102 (Indiranagar, Bengaluru)",RETURNING,2,4999.0,499.9,9498.1,Net Banking
TXN_20240901676,2024-09-15,CUST_0199,PRD_M302,Voice Box Mounting Bracket,Merchant Essentials,"Store-103 (BKC, Mumbai)",RETURNING,2,249.0,0.0,498.0,Net Banking
TXN_20240901677,2024-09-15,CUST_0480,PRD_E103,Paytm Smart All-in-One POS,Electronics,"Store-105 (Park Street, Kolkata)",NEW,1,8499.0,1274.85,7224.15,UPI
TXN_20240901678,2024-09-15,CUST_0441,PRD_M304,Merchant Branding Banner Kit,Merchant Essentials,"Store-102 (Indiranagar, Bengaluru)",RETURNING,2,599.0,0.0,1198.0,Net Banking
TXN_20240901679,2024-09-15,CUST_0260,PRD_M301,Acrylic QR Standee - Dual Bank,Merchant Essentials,"Store-105 (Park Street, Kolkata)",RETURNING,1,349.0,17.45,331.55,Credit Card
TXN_20240901680,2024-09-15,CUST_0368,PRD_M301,Acrylic QR Standee - Dual Bank,Merchant Essentials,"Store-105 (Park Street, Kolkata)",RETURNING,3,349.0,0.0,1047.0,Debit Card
TXN_20240901681,2024-09-15,CUST_0236,PRD_A204,Heavy Duty POS Lanyard Strap,Accessories,"Store-104 (Banjara Hills, Hyderabad)",RETURNING,2,149.0,44.7,253.3,UPI
TXN_20240901682,2024-09-15,CUST_0230,PRD_A202,POS Charging Cradle Dock,Accessories,"Store-101 (Connaught Place, Delhi)",NEW,2,699.0,69.9,1328.1,Credit Card
TXN_20240901683,2024-09-15,CUST_0033,PRD_M301,Acrylic QR Standee - Dual Bank,Merchant Essentials,"Store-101 (Connaught Place, Delhi)",RETURNING,3,349.0,0.0,1047.0,Net Banking
TXN_20240901684,2024-09-15,CUST_0015,PRD_M302,Voice Box Mounting Bracket,Merchant Essentials,"Store-104 (Banjara Hills, Hyderabad)",RETURNING,1,249.0,0.0,249.0,UPI
TXN_20240901685,2024-09-15,CUST_0339,PRD_E105,Dynamic Display QR Standee,Electronics,"Store-105 (Park Street, Kolkata)",NEW,1,1299.0,0.0,1299.0,UPI
TXN_20240901686,2024-09-15,CUST_0409,PRD_M304,Merchant Branding Banner Kit,Merchant Essentials,"Store-104 (Banjara Hills, Hyderabad)",NEW,1,599.0,29.95,569.05,Credit Card
TXN_20240901687,2024-09-15,CUST_0162,PRD_M304,Merchant Branding Banner Kit,Merchant Essentials,"Store-105 (Park Street, Kolkata)",NEW,1,599.0,59.9,539.1,Credit Card
TXN_20240901688,2024-09-15,CUST_0397,PRD_S403,Priority Settlement Annual Plan,Software & Services,"Store-105 (Park Street, Kolkata)",NEW,1,1999.0,0.0,1999.0,UPI
TXN_20240901689,2024-09-15,CUST_0100,PRD_E103,Paytm Smart All-in-One POS,Electronics,"Store-105 (Park Street, Kolkata)",RETURNING,2,8499.0,1699.8,15298.2,UPI
TXN_20240901690,2024-09-15,CUST_0476,PRD_E105,Dynamic Display QR Standee,Electronics,"Store-101 (Connaught Place, Delhi)",NEW,1,1299.0,0.0,1299.0,UPI
TXN_20240901691,2024-09-15,CUST_0359,PRD_S402,Automated Tally Accounting Sync,Software & Services,"Store-104 (Banjara Hills, Hyderabad)",NEW,2,1499.0,0.0,2998.0,UPI
TXN_20240901692,2024-09-15,CUST_0434,PRD_E104,Wireless Barcode Scanner BT,Electronics,"Store-101 (Connaught Place, Delhi)",RETURNING,2,1899.0,0.0,3798.0,UPI
TXN_20240901693,2024-09-15,CUST_0047,PRD_E102,Paytm Card POS Terminal Neo,Electronics,"Store-104 (Banjara Hills, Hyderabad)",NEW,1,4999.0,0.0,4999.0,Credit Card
TXN_20240901694,2024-09-15,CUST_0042,PRD_E104,Wireless Barcode Scanner BT,Electronics,"Store-101 (Connaught Place, Delhi)",RETURNING,2,1899.0,189.9,3608.1,Paytm Wallet
TXN_20240901695,2024-09-15,CUST_0031,PRD_M301,Acrylic QR Standee - Dual Bank,Merchant Essentials,"Store-101 (Connaught Place, Delhi)",NEW,1,349.0,52.35,296.65,UPI
TXN_20240901696,2024-09-15,CUST_0003,PRD_E104,Wireless Barcode Scanner BT,Electronics,"Store-103 (BKC, Mumbai)",RETURNING,1,1899.0,94.95,1804.05,Debit Card
TXN_20240901697,2024-09-15,CUST_0490,PRD_E102,Paytm Card POS Terminal Neo,Electronics,"Store-105 (Park Street, Kolkata)",RETURNING,1,4999.0,749.85,4249.15,UPI
TXN_20240901698,2024-09-15,CUST_0350,PRD_S401,Paytm Business Prime Subscription,Software & Services,"Store-105 (Park Street, Kolkata)",RETURNING,2,999.0,0.0,1998.0,Debit Card
TXN_20240901699,2024-09-15,CUST_0396,PRD_E102,Paytm Card POS Terminal Neo,Electronics,"Store-102 (Indiranagar, Bengaluru)",RETURNING,2,4999.0,499.9,9498.1,Paytm Wallet
TXN_20240901700,2024-09-15,CUST_0455,PRD_S402,Automated Tally Accounting Sync,Software & Services,"Store-101 (Connaught Place, Delhi)",RETURNING,2,1499.0,0.0,2998.0,UPI
TXN_20240901701,2024-09-15,CUST_0093,PRD_A203,Thermal Receipt Rolls (Pack of 10),Accessories,"Store-102 (Indiranagar, Bengaluru)",NEW,2,299.0,29.9,568.1,Credit Card
TXN_20240901702,2024-09-15,CUST_0314,PRD_S401,Paytm Business Prime Subscription,Software & Services,"Store-104 (Banjara Hills, Hyderabad)",NEW,2,999.0,99.9,1898.1,UPI
TXN_20240901703,2024-09-15,CUST_0230,PRD_S402,Automated Tally Accounting Sync,Software & Services,"Store-105 (Park Street, Kolkata)",NEW,1,1499.0,0.0,1499.0,UPI
TXN_20240901704,2024-09-15,CUST_0492,PRD_M303,Cash Drawer 4-Slot Auto-Open,Merchant Essentials,"Store-102 (Indiranagar, Bengaluru)",NEW,2,2299.0,0.0,4598.0,UPI
TXN_20240901705,2024-09-15,CUST_0472,PRD_E105,Dynamic Display QR Standee,Electronics,"Store-105 (Park Street, Kolkata)",NEW,1,1299.0,64.95,1234.05,Credit Card
TXN_20240901706,2024-09-15,CUST_0165,PRD_S401,Paytm Business Prime Subscription,Software & Services,"Store-105 (Park Street, Kolkata)",RETURNING,1,999.0,0.0,999.0,UPI
TXN_20240901707,2024-09-15,CUST_0103,PRD_E103,Paytm Smart All-in-One POS,Electronics,"Store-102 (Indiranagar, Bengaluru)",NEW,1,8499.0,0.0,8499.0,Paytm Wallet
TXN_20240901708,2024-09-15,CUST_0219,PRD_E105,Dynamic Display QR Standee,Electronics,"Store-104 (Banjara Hills, Hyderabad)",NEW,1,1299.0,0.0,1299.0,UPI
TXN_20240901709,2024-09-15,CUST_0288,PRD_E105,Dynamic Display QR Standee,Electronics,"Store-104 (Banjara Hills, Hyderabad)",RETURNING,1,1299.0,129.9,1169.1,Debit Card
TXN_20240901710,2024-09-15,CUST_0358,PRD_E101,Paytm Soundbox 4.0 Pro,Electronics,"Store-101 (Connaught Place, Delhi)",RETURNING,2,1499.0,299.8,2698.2,Credit Card
TXN_20240901711,2024-09-15,CUST_0293,PRD_A202,POS Charging Cradle Dock,Accessories,"Store-103 (BKC, Mumbai)",RETURNING,1,699.0,0.0,699.0,UPI
TXN_20240901712,2024-09-15,CUST_0097,PRD_E104,Wireless Barcode Scanner BT,Electronics,"Store-105 (Park Street, Kolkata)",RETURNING,1,1899.0,189.9,1709.1,Credit Card
TXN_20240901713,2024-09-15,CUST_0269,PRD_M304,Merchant Branding Banner Kit,Merchant Essentials,"Store-105 (Park Street, Kolkata)",NEW,1,599.0,29.95,569.05,Net Banking
TXN_20240901714,2024-09-15,CUST_0051,PRD_E105,Dynamic Display QR Standee,Electronics,"Store-102 (Indiranagar, Bengaluru)",RETURNING,2,1299.0,0.0,2598.0,UPI
TXN_20240901715,2024-09-15,CUST_0106,PRD_A203,Thermal Receipt Rolls (Pack of 10),Accessories,"Store-105 (Park Street, Kolkata)",RETURNING,1,299.0,0.0,299.0,Credit Card
TXN_20240901716,2024-09-15,CUST_0474,PRD_E103,Paytm Smart All-in-One POS,Electronics,"Store-102 (Indiranagar, Bengaluru)",NEW,1,8499.0,1274.85,7224.15,UPI
TXN_20240901717,2024-09-15,CUST_0091,PRD_S403,Priority Settlement Annual Plan,Software & Services,"Store-102 (Indiranagar, Bengaluru)",RETURNING,1,1999.0,0.0,1999.0,UPI
TXN_20240901718,2024-09-15,CUST_0127,PRD_A204,Heavy Duty POS Lanyard Strap,Accessories,"Store-103 (BKC, Mumbai)",RETURNING,2,149.0,14.9,283.1,Debit Card
TXN_20240901719,2024-09-15,CUST_0321,PRD_E104,Wireless Barcode Scanner BT,Electronics,"Store-103 (BKC, Mumbai)",NEW,1,1899.0,0.0,1899.0,Debit Card
TXN_20240901720,2024-09-15,CUST_0194,PRD_E103,Paytm Smart All-in-One POS,Electronics,"Store-102 (Indiranagar, Bengaluru)",RETURNING,2,8499.0,849.9,16148.1,Credit Card
TXN_20240901721,2024-09-15,CUST_0203,PRD_E101,Paytm Soundbox 4.0 Pro,Electronics,"Store-104 (Banjara Hills, Hyderabad)",RETURNING,1,1499.0,0.0,1499.0,UPI
TXN_20240901722,2024-09-15,CUST_0082,PRD_S401,Paytm Business Prime Subscription,Software & Services,"Store-104 (Banjara Hills, Hyderabad)",NEW,1,999.0,49.95,949.05,UPI
TXN_20240901723,2024-09-15,CUST_0379,PRD_E103,Paytm Smart All-in-One POS,Electronics,"Store-104 (Banjara Hills, Hyderabad)",RETURNING,1,8499.0,849.9,7649.1,UPI
TXN_20240901724,2024-09-15,CUST_0390,PRD_E102,Paytm Card POS Terminal Neo,Electronics,"Store-102 (Indiranagar, Bengaluru)",RETURNING,3,4999.0,749.85,14247.15,UPI
TXN_20240901725,2024-09-15,CUST_0019,PRD_E105,Dynamic Display QR Standee,Electronics,"Store-101 (Connaught Place, Delhi)",RETURNING,2,1299.0,0.0,2598.0,UPI
TXN_20240901726,2024-09-15,CUST_0356,PRD_M303,Cash Drawer 4-Slot Auto-Open,Merchant Essentials,"Store-102 (Indiranagar, Bengaluru)",RETURNING,1,2299.0,114.95,2184.05,UPI
TXN_20240901727,2024-09-15,CUST_0394,PRD_E101,Paytm Soundbox 4.0 Pro,Electronics,"Store-105 (Park Street, Kolkata)",RETURNING,3,1499.0,0.0,4497.0,UPI
TXN_20240901728,2024-09-15,CUST_0292,PRD_E101,Paytm Soundbox 4.0 Pro,Electronics,"Store-102 (Indiranagar, Bengaluru)",RETURNING,1,1499.0,224.85,1274.15,UPI
TXN_20240901729,2024-09-15,CUST_0103,PRD_S401,Paytm Business Prime Subscription,Software & Services,"Store-101 (Connaught Place, Delhi)",NEW,1,999.0,0.0,999.0,UPI
TXN_20240901730,2024-09-15,CUST_0033,PRD_E103,Paytm Smart All-in-One POS,Electronics,"Store-102 (Indiranagar, Bengaluru)",RETURNING,1,8499.0,0.0,8499.0,UPI
TXN_20240901731,2024-09-15,CUST_0432,PRD_E103,Paytm Smart All-in-One POS,Electronics,"Store-105 (Park Street, Kolkata)",RETURNING,2,8499.0,849.9,16148.1,UPI
TXN_20240901732,2024-09-15,CUST_0058,PRD_M301,Acrylic QR Standee - Dual Bank,Merchant Essentials,"Store-104 (Banjara Hills, Hyderabad)",RETURNING,2,349.0,34.9,663.1,Credit Card
TXN_20240901733,2024-09-15,CUST_0165,PRD_E104,Wireless Barcode Scanner BT,Electronics,"Store-102 (Indiranagar, Bengaluru)",RETURNING,2,1899.0,0.0,3798.0,UPI
TXN_20240901734,2024-09-15,CUST_0030,PRD_M303,Cash Drawer 4-Slot Auto-Open,Merchant Essentials,"Store-105 (Park Street, Kolkata)",NEW,1,2299.0,0.0,2299.0,Credit Card
TXN_20240901735,2024-09-15,CUST_0289,PRD_A202,POS Charging Cradle Dock,Accessories,"Store-101 (Connaught Place, Delhi)",NEW,1,699.0,104.85,594.15,Paytm Wallet
TXN_20240901736,2024-09-15,CUST_0331,PRD_E104,Wireless Barcode Scanner BT,Electronics,"Store-105 (Park Street, Kolkata)",NEW,1,1899.0,284.85,1614.15,UPI
TXN_20240901737,2024-09-15,CUST_0252,PRD_A204,Heavy Duty POS Lanyard Strap,Accessories,"Store-103 (BKC, Mumbai)",NEW,5,149.0,37.25,707.75,UPI
TXN_20240901738,2024-09-15,CUST_0461,PRD_E102,Paytm Card POS Terminal Neo,Electronics,"Store-105 (Park Street, Kolkata)",RETURNING,3,4999.0,0.0,14997.0,Credit Card
TXN_20240901739,2024-09-15,CUST_0494,PRD_S403,Priority Settlement Annual Plan,Software & Services,"Store-103 (BKC, Mumbai)",RETURNING,2,1999.0,0.0,3998.0,Debit Card
TXN_20240901740,2024-09-15,CUST_0074,PRD_E101,Paytm Soundbox 4.0 Pro,Electronics,"Store-104 (Banjara Hills, Hyderabad)",NEW,1,1499.0,74.95,1424.05,UPI
TXN_20240901741,2024-09-15,CUST_0206,PRD_E102,Paytm Card POS Terminal Neo,Electronics,"Store-103 (BKC, Mumbai)",NEW,1,4999.0,0.0,4999.0,Net Banking
TXN_20240901742,2024-09-15,CUST_0236,PRD_M302,Voice Box Mounting Bracket,Merchant Essentials,"Store-104 (Banjara Hills, Hyderabad)",RETURNING,3,249.0,0.0,747.0,Credit Card
TXN_20240901743,2024-09-15,CUST_0069,PRD_M302,Voice Box Mounting Bracket,Merchant Essentials,"Store-102 (Indiranagar, Bengaluru)",RETURNING,1,249.0,12.45,236.55,Paytm Wallet
TXN_20240901744,2024-09-15,CUST_0374,PRD_M301,Acrylic QR Standee - Dual Bank,Merchant Essentials,"Store-105 (Park Street, Kolkata)",RETURNING,1,349.0,34.9,314.1,Debit Card
TXN_20240901745,2024-09-15,CUST_0192,PRD_A205,Bluetooth Audio Dongle Mini,Accessories,"Store-102 (Indiranagar, Bengaluru)",NEW,1,399.0,19.95,379.05,UPI
TXN_20240901746,2024-09-15,CUST_0232,PRD_E104,Wireless Barcode Scanner BT,Electronics,"Store-105 (Park Street, Kolkata)",RETURNING,2,1899.0,0.0,3798.0,Net Banking
TXN_20240901747,2024-09-15,CUST_0338,PRD_E104,Wireless Barcode Scanner BT,Electronics,"Store-105 (Park Street, Kolkata)",RETURNING,1,1899.0,0.0,1899.0,UPI
TXN_20240901748,2024-09-15,CUST_0291,PRD_M301,Acrylic QR Standee - Dual Bank,Merchant Essentials,"Store-103 (BKC, Mumbai)",RETURNING,5,349.0,174.5,1570.5,Credit Card
TXN_20240901749,2024-09-15,CUST_0295,PRD_M303,Cash Drawer 4-Slot Auto-Open,Merchant Essentials,"Store-102 (Indiranagar, Bengaluru)",NEW,1,2299.0,0.0,2299.0,UPI
TXN_20240901750,2024-09-15,CUST_0379,PRD_E102,Paytm Card POS Terminal Neo,Electronics,"Store-104 (Banjara Hills, Hyderabad)",RETURNING,1,4999.0,249.95,4749.05,Credit Card
TXN_20240901751,2024-09-15,CUST_0449,PRD_E101,Paytm Soundbox 4.0 Pro,Electronics,"Store-101 (Connaught Place, Delhi)",RETURNING,3,1499.0,0.0,4497.0,Debit Card
TXN_20240901752,2024-09-15,CUST_0028,PRD_E104,Wireless Barcode Scanner BT,Electronics,"Store-101 (Connaught Place, Delhi)",RETURNING,1,1899.0,0.0,1899.0,UPI
TXN_20240901753,2024-09-15,CUST_0110,PRD_E104,Wireless Barcode Scanner BT,Electronics,"Store-101 (Connaught Place, Delhi)",NEW,1,1899.0,284.85,1614.15,Credit Card
TXN_20240901754,2024-09-15,CUST_0425,PRD_E105,Dynamic Display QR Standee,Electronics,"Store-103 (BKC, Mumbai)",RETURNING,1,1299.0,0.0,1299.0,Credit Card
TXN_20240901755,2024-09-15,CUST_0462,PRD_S401,Paytm Business Prime Subscription,Software & Services,"Store-102 (Indiranagar, Bengaluru)",NEW,1,999.0,49.95,949.05,Credit Card
TXN_20240901756,2024-09-15,CUST_0082,PRD_A202,POS Charging Cradle Dock,Accessories,"Store-104 (Banjara Hills, Hyderabad)",NEW,1,699.0,0.0,699.0,Debit Card
TXN_20240901757,2024-09-15,CUST_0128,PRD_S403,Priority Settlement Annual Plan,Software & Services,"Store-102 (Indiranagar, Bengaluru)",NEW,2,1999.0,0.0,3998.0,UPI
TXN_20240901758,2024-09-15,CUST_0451,PRD_E104,Wireless Barcode Scanner BT,Electronics,"Store-104 (Banjara Hills, Hyderabad)",RETURNING,1,1899.0,94.95,1804.05,Paytm Wallet
TXN_20240901759,2024-09-15,CUST_0186,PRD_S402,Automated Tally Accounting Sync,Software & Services,"Store-105 (Park Street, Kolkata)",NEW,1,1499.0,0.0,1499.0,UPI
TXN_20240901760,2024-09-15,CUST_0252,PRD_S402,Automated Tally Accounting Sync,Software & Services,"Store-105 (Park Street, Kolkata)",NEW,1,1499.0,0.0,1499.0,UPI
TXN_20240901761,2024-09-15,CUST_0190,PRD_E101,Paytm Soundbox 4.0 Pro,Electronics,"Store-102 (Indiranagar, Bengaluru)",NEW,1,1499.0,74.95,1424.05,Net Banking
TXN_20240901762,2024-09-15,CUST_0057,PRD_S403,Priority Settlement Annual Plan,Software & Services,"Store-102 (Indiranagar, Bengaluru)",NEW,3,1999.0,0.0,5997.0,Credit Card
TXN_20240901763,2024-09-15,CUST_0486,PRD_M303,Cash Drawer 4-Slot Auto-Open,Merchant Essentials,"Store-103 (BKC, Mumbai)",NEW,1,2299.0,229.9,2069.1,UPI
TXN_20240901764,2024-09-15,CUST_0457,PRD_A203,Thermal Receipt Rolls (Pack of 10),Accessories,"Store-102 (Indiranagar, Bengaluru)",RETURNING,1,299.0,14.95,284.05,Paytm Wallet
TXN_20240901765,2024-09-15,CUST_0463,PRD_S401,Paytm Business Prime Subscription,Software & Services,"Store-104 (Banjara Hills, Hyderabad)",RETURNING,2,999.0,99.9,1898.1,Credit Card
TXN_20240901766,2024-09-15,CUST_0135,PRD_E105,Dynamic Display QR Standee,Electronics,"Store-104 (Banjara Hills, Hyderabad)",RETURNING,1,1299.0,194.85,1104.15,Credit Card
TXN_20240901767,2024-09-15,CUST_0338,PRD_E101,Paytm Soundbox 4.0 Pro,Electronics,"Store-105 (Park Street, Kolkata)",RETURNING,1,1499.0,224.85,1274.15,UPI
TXN_20240901768,2024-09-15,CUST_0294,PRD_E101,Paytm Soundbox 4.0 Pro,Electronics,"Store-104 (Banjara Hills, Hyderabad)",RETURNING,1,1499.0,0.0,1499.0,Credit Card
TXN_20240901769,2024-09-15,CUST_0139,PRD_M301,Acrylic QR Standee - Dual Bank,Merchant Essentials,"Store-103 (BKC, Mumbai)",NEW,1,349.0,17.45,331.55,Paytm Wallet
TXN_20240901770,2024-09-15,CUST_0218,PRD_E105,Dynamic Display QR Standee,Electronics,"Store-103 (BKC, Mumbai)",NEW,1,1299.0,0.0,1299.0,UPI
TXN_20240901771,2024-09-15,CUST_0099,PRD_E105,Dynamic Display QR Standee,Electronics,"Store-103 (BKC, Mumbai)",NEW,1,1299.0,0.0,1299.0,Credit Card
TXN_20240901772,2024-09-15,CUST_0413,PRD_M301,Acrylic QR Standee - Dual Bank,Merchant Essentials,"Store-103 (BKC, Mumbai)",RETURNING,2,349.0,0.0,698.0,UPI
TXN_20240901773,2024-09-16,CUST_0055,PRD_E103,Paytm Smart All-in-One POS,Electronics,"Store-102 (Indiranagar, Bengaluru)",RETURNING,2,8499.0,1699.8,15298.2,Debit Card
TXN_20240901774,2024-09-16,CUST_0443,PRD_E101,Paytm Soundbox 4.0 Pro,Electronics,"Store-101 (Connaught Place, Delhi)",RETURNING,1,1499.0,224.85,1274.15,UPI
TXN_20240901775,2024-09-16,CUST_0299,PRD_A205,Bluetooth Audio Dongle Mini,Accessories,"Store-104 (Banjara Hills, Hyderabad)",RETURNING,1,399.0,19.95,379.05,Credit Card
TXN_20240901776,2024-09-16,CUST_0029,PRD_M301,Acrylic QR Standee - Dual Bank,Merchant Essentials,"Store-102 (Indiranagar, Bengaluru)",RETURNING,2,349.0,0.0,698.0,Credit Card
TXN_20240901777,2024-09-16,CUST_0047,PRD_E101,Paytm Soundbox 4.0 Pro,Electronics,"Store-102 (Indiranagar, Bengaluru)",NEW,1,1499.0,74.95,1424.05,UPI
TXN_20240901778,2024-09-16,CUST_0321,PRD_A201,Soundbox Replacement Battery,Accessories,"Store-104 (Banjara Hills, Hyderabad)",NEW,2,499.0,49.9,948.1,UPI
TXN_20240901779,2024-09-16,CUST_0362,PRD_E102,Paytm Card POS Terminal Neo,Electronics,"Store-103 (BKC, Mumbai)",NEW,1,4999.0,249.95,4749.05,Debit Card
TXN_20240901780,2024-09-16,CUST_0227,PRD_E102,Paytm Card POS Terminal Neo,Electronics,"Store-101 (Connaught Place, Delhi)",NEW,1,4999.0,749.85,4249.15,UPI
TXN_20240901781,2024-09-16,CUST_0450,PRD_A202,POS Charging Cradle Dock,Accessories,"Store-102 (Indiranagar, Bengaluru)",RETURNING,1,699.0,0.0,699.0,UPI
TXN_20240901782,2024-09-16,CUST_0165,PRD_M302,Voice Box Mounting Bracket,Merchant Essentials,"Store-102 (Indiranagar, Bengaluru)",RETURNING,1,249.0,12.45,236.55,Credit Card
TXN_20240901783,2024-09-16,CUST_0260,PRD_A205,Bluetooth Audio Dongle Mini,Accessories,"Store-102 (Indiranagar, Bengaluru)",RETURNING,1,399.0,19.95,379.05,UPI
TXN_20240901784,2024-09-16,CUST_0336,PRD_S401,Paytm Business Prime Subscription,Software & Services,"Store-103 (BKC, Mumbai)",NEW,1,999.0,0.0,999.0,UPI
TXN_20240901785,2024-09-16,CUST_0253,PRD_E104,Wireless Barcode Scanner BT,Electronics,"Store-101 (Connaught Place, Delhi)",RETURNING,1,1899.0,0.0,1899.0,Debit Card
TXN_20240901786,2024-09-16,CUST_0367,PRD_E105,Dynamic Display QR Standee,Electronics,"Store-101 (Connaught Place, Delhi)",NEW,1,1299.0,129.9,1169.1,Net Banking
TXN_20240901787,2024-09-16,CUST_0358,PRD_M301,Acrylic QR Standee - Dual Bank,Merchant Essentials,"Store-101 (Connaught Place, Delhi)",RETURNING,1,349.0,0.0,349.0,UPI
TXN_20240901788,2024-09-16,CUST_0416,PRD_E105,Dynamic Display QR Standee,Electronics,"Store-104 (Banjara Hills, Hyderabad)",RETURNING,1,1299.0,64.95,1234.05,Credit Card
TXN_20240901789,2024-09-16,CUST_0117,PRD_A203,Thermal Receipt Rolls (Pack of 10),Accessories,"Store-101 (Connaught Place, Delhi)",RETURNING,1,299.0,29.9,269.1,UPI
TXN_20240901790,2024-09-16,CUST_0408,PRD_M304,Merchant Branding Banner Kit,Merchant Essentials,"Store-104 (Banjara Hills, Hyderabad)",NEW,1,599.0,59.9,539.1,UPI
TXN_20240901791,2024-09-16,CUST_0073,PRD_M302,Voice Box Mounting Bracket,Merchant Essentials,"Store-104 (Banjara Hills, Hyderabad)",RETURNING,2,249.0,0.0,498.0,UPI
TXN_20240901792,2024-09-16,CUST_0446,PRD_A205,Bluetooth Audio Dongle Mini,Accessories,"Store-104 (Banjara Hills, Hyderabad)",RETURNING,1,399.0,39.9,359.1,Net Banking
TXN_20240901793,2024-09-16,CUST_0078,PRD_A203,Thermal Receipt Rolls (Pack of 10),Accessories,"Store-102 (Indiranagar, Bengaluru)",RETURNING,2,299.0,29.9,568.1,UPI
TXN_20240901794,2024-09-16,CUST_0102,PRD_E101,Paytm Soundbox 4.0 Pro,Electronics,"Store-104 (Banjara Hills, Hyderabad)",NEW,1,1499.0,149.9,1349.1,Debit Card
TXN_20240901795,2024-09-16,CUST_0143,PRD_E103,Paytm Smart All-in-One POS,Electronics,"Store-104 (Banjara Hills, Hyderabad)",RETURNING,1,8499.0,0.0,8499.0,Debit Card
TXN_20240901796,2024-09-16,CUST_0250,PRD_S403,Priority Settlement Annual Plan,Software & Services,"Store-101 (Connaught Place, Delhi)",NEW,1,1999.0,0.0,1999.0,Paytm Wallet
TXN_20240901797,2024-09-16,CUST_0362,PRD_E105,Dynamic Display QR Standee,Electronics,"Store-103 (BKC, Mumbai)",NEW,1,1299.0,64.95,1234.05,UPI
TXN_20240901798,2024-09-16,CUST_0111,PRD_E105,Dynamic Display QR Standee,Electronics,"Store-101 (Connaught Place, Delhi)",RETURNING,3,1299.0,0.0,3897.0,UPI
TXN_20240901799,2024-09-16,CUST_0317,PRD_E105,Dynamic Display QR Standee,Electronics,"Store-101 (Connaught Place, Delhi)",RETURNING,1,1299.0,0.0,1299.0,UPI
TXN_20240901800,2024-09-16,CUST_0353,PRD_M304,Merchant Branding Banner Kit,Merchant Essentials,"Store-103 (BKC, Mumbai)",NEW,1,599.0,29.95,569.05,UPI
TXN_20240901801,2024-09-16,CUST_0190,PRD_E105,Dynamic Display QR Standee,Electronics,"Store-102 (Indiranagar, Bengaluru)",NEW,3,1299.0,194.85,3702.15,Net Banking
TXN_20240901802,2024-09-16,CUST_0463,PRD_E104,Wireless Barcode Scanner BT,Electronics,"Store-104 (Banjara Hills, Hyderabad)",RETURNING,2,1899.0,189.9,3608.1,UPI
TXN_20240901803,2024-09-16,CUST_0100,PRD_S401,Paytm Business Prime Subscription,Software & Services,"Store-103 (BKC, Mumbai)",RETURNING,2,999.0,299.7,1698.3,Credit Card
TXN_20240901804,2024-09-16,CUST_0313,PRD_E103,Paytm Smart All-in-One POS,Electronics,"Store-102 (Indiranagar, Bengaluru)",RETURNING,1,8499.0,0.0,8499.0,UPI
TXN_20240901805,2024-09-16,CUST_0049,PRD_E104,Wireless Barcode Scanner BT,Electronics,"Store-102 (Indiranagar, Bengaluru)",RETURNING,2,1899.0,189.9,3608.1,Credit Card
TXN_20240901806,2024-09-16,CUST_0457,PRD_S402,Automated Tally Accounting Sync,Software & Services,"Store-103 (BKC, Mumbai)",RETURNING,1,1499.0,0.0,1499.0,Debit Card
TXN_20240901807,2024-09-16,CUST_0365,PRD_E102,Paytm Card POS Terminal Neo,Electronics,"Store-101 (Connaught Place, Delhi)",NEW,1,4999.0,0.0,4999.0,UPI
TXN_20240901808,2024-09-16,CUST_0183,PRD_M304,Merchant Branding Banner Kit,Merchant Essentials,"Store-104 (Banjara Hills, Hyderabad)",RETURNING,1,599.0,89.85,509.15,UPI
TXN_20240901809,2024-09-16,CUST_0161,PRD_A204,Heavy Duty POS Lanyard Strap,Accessories,"Store-105 (Park Street, Kolkata)",RETURNING,1,149.0,0.0,149.0,Paytm Wallet
TXN_20240901810,2024-09-16,CUST_0310,PRD_E102,Paytm Card POS Terminal Neo,Electronics,"Store-101 (Connaught Place, Delhi)",RETURNING,2,4999.0,999.8,8998.2,UPI
TXN_20240901811,2024-09-16,CUST_0405,PRD_E104,Wireless Barcode Scanner BT,Electronics,"Store-101 (Connaught Place, Delhi)",RETURNING,2,1899.0,0.0,3798.0,UPI
TXN_20240901812,2024-09-16,CUST_0330,PRD_M302,Voice Box Mounting Bracket,Merchant Essentials,"Store-101 (Connaught Place, Delhi)",RETURNING,1,249.0,37.35,211.65,UPI
TXN_20240901813,2024-09-16,CUST_0196,PRD_A202,POS Charging Cradle Dock,Accessories,"Store-105 (Park Street, Kolkata)",NEW,1,699.0,0.0,699.0,Paytm Wallet
TXN_20240901814,2024-09-16,CUST_0234,PRD_E103,Paytm Smart All-in-One POS,Electronics,"Store-105 (Park Street, Kolkata)",RETURNING,2,8499.0,0.0,16998.0,Paytm Wallet
TXN_20240901815,2024-09-16,CUST_0064,PRD_E101,Paytm Soundbox 4.0 Pro,Electronics,"Store-103 (BKC, Mumbai)",NEW,1,1499.0,0.0,1499.0,UPI
TXN_20240901816,2024-09-16,CUST_0369,PRD_E104,Wireless Barcode Scanner BT,Electronics,"Store-101 (Connaught Place, Delhi)",RETURNING,1,1899.0,0.0,1899.0,UPI
TXN_20240901817,2024-09-16,CUST_0429,PRD_M302,Voice Box Mounting Bracket,Merchant Essentials,"Store-103 (BKC, Mumbai)",RETURNING,1,249.0,0.0,249.0,UPI
TXN_20240901818,2024-09-16,CUST_0371,PRD_M302,Voice Box Mounting Bracket,Merchant Essentials,"Store-102 (Indiranagar, Bengaluru)",NEW,1,249.0,37.35,211.65,UPI
TXN_20240901819,2024-09-16,CUST_0053,PRD_A201,Soundbox Replacement Battery,Accessories,"Store-102 (Indiranagar, Bengaluru)",RETURNING,1,499.0,0.0,499.0,UPI
TXN_20240901820,2024-09-16,CUST_0176,PRD_M302,Voice Box Mounting Bracket,Merchant Essentials,"Store-104 (Banjara Hills, Hyderabad)",RETURNING,2,249.0,0.0,498.0,Debit Card
TXN_20240901821,2024-09-16,CUST_0356,PRD_E102,Paytm Card POS Terminal Neo,Electronics,"Store-101 (Connaught Place, Delhi)",RETURNING,2,4999.0,0.0,9998.0,Net Banking
TXN_20240901822,2024-09-16,CUST_0134,PRD_E103,Paytm Smart All-in-One POS,Electronics,"Store-101 (Connaught Place, Delhi)",RETURNING,1,8499.0,0.0,8499.0,Debit Card
TXN_20240901823,2024-09-16,CUST_0116,PRD_E105,Dynamic Display QR Standee,Electronics,"Store-101 (Connaught Place, Delhi)",NEW,1,1299.0,0.0,1299.0,UPI
TXN_20240901824,2024-09-16,CUST_0446,PRD_E102,Paytm Card POS Terminal Neo,Electronics,"Store-103 (BKC, Mumbai)",RETURNING,1,4999.0,249.95,4749.05,UPI
TXN_20240901825,2024-09-16,CUST_0392,PRD_E103,Paytm Smart All-in-One POS,Electronics,"Store-101 (Connaught Place, Delhi)",RETURNING,1,8499.0,424.95,8074.05,UPI
TXN_20240901826,2024-09-16,CUST_0302,PRD_E101,Paytm Soundbox 4.0 Pro,Electronics,"Store-102 (Indiranagar, Bengaluru)",NEW,1,1499.0,0.0,1499.0,Credit Card
TXN_20240901827,2024-09-16,CUST_0298,PRD_S401,Paytm Business Prime Subscription,Software & Services,"Store-105 (Park Street, Kolkata)",NEW,2,999.0,0.0,1998.0,UPI
TXN_20240901828,2024-09-16,CUST_0275,PRD_E101,Paytm Soundbox 4.0 Pro,Electronics,"Store-105 (Park Street, Kolkata)",NEW,1,1499.0,74.95,1424.05,UPI
TXN_20240901829,2024-09-16,CUST_0082,PRD_M304,Merchant Branding Banner Kit,Merchant Essentials,"Store-105 (Park Street, Kolkata)",NEW,1,599.0,0.0,599.0,Net Banking
TXN_20240901830,2024-09-16,CUST_0202,PRD_E102,Paytm Card POS Terminal Neo,Electronics,"Store-103 (BKC, Mumbai)",RETURNING,1,4999.0,749.85,4249.15,Credit Card
TXN_20240901831,2024-09-16,CUST_0395,PRD_E105,Dynamic Display QR Standee,Electronics,"Store-102 (Indiranagar, Bengaluru)",RETURNING,1,1299.0,0.0,1299.0,Paytm Wallet
TXN_20240901832,2024-09-16,CUST_0106,PRD_E103,Paytm Smart All-in-One POS,Electronics,"Store-105 (Park Street, Kolkata)",RETURNING,1,8499.0,424.95,8074.05,UPI
TXN_20240901833,2024-09-16,CUST_0304,PRD_M303,Cash Drawer 4-Slot Auto-Open,Merchant Essentials,"Store-103 (BKC, Mumbai)",NEW,1,2299.0,114.95,2184.05,UPI
TXN_20240901834,2024-09-16,CUST_0456,PRD_S401,Paytm Business Prime Subscription,Software & Services,"Store-103 (BKC, Mumbai)",NEW,1,999.0,0.0,999.0,UPI
TXN_20240901835,2024-09-16,CUST_0425,PRD_E102,Paytm Card POS Terminal Neo,Electronics,"Store-103 (BKC, Mumbai)",RETURNING,1,4999.0,0.0,4999.0,UPI
TXN_20240901836,2024-09-16,CUST_0201,PRD_A204,Heavy Duty POS Lanyard Strap,Accessories,"Store-102 (Indiranagar, Bengaluru)",RETURNING,2,149.0,14.9,283.1,Debit Card
TXN_20240901837,2024-09-16,CUST_0342,PRD_M304,Merchant Branding Banner Kit,Merchant Essentials,"Store-102 (Indiranagar, Bengaluru)",RETURNING,2,599.0,0.0,1198.0,UPI
TXN_20240901838,2024-09-16,CUST_0026,PRD_M304,Merchant Branding Banner Kit,Merchant Essentials,"Store-103 (BKC, Mumbai)",RETURNING,3,599.0,0.0,1797.0,Credit Card
TXN_20240901839,2024-09-16,CUST_0082,PRD_E101,Paytm Soundbox 4.0 Pro,Electronics,"Store-103 (BKC, Mumbai)",NEW,1,1499.0,0.0,1499.0,UPI
TXN_20240901840,2024-09-16,CUST_0449,PRD_E104,Wireless Barcode Scanner BT,Electronics,"Store-103 (BKC, Mumbai)",RETURNING,2,1899.0,379.8,3418.2,Net Banking
TXN_20240901841,2024-09-16,CUST_0155,PRD_E102,Paytm Card POS Terminal Neo,Electronics,"Store-104 (Banjara Hills, Hyderabad)",RETURNING,3,4999.0,1499.7,13497.3,UPI
TXN_20240901842,2024-09-16,CUST_0471,PRD_A205,Bluetooth Audio Dongle Mini,Accessories,"Store-101 (Connaught Place, Delhi)",RETURNING,2,399.0,0.0,798.0,UPI
TXN_20240901843,2024-09-16,CUST_0372,PRD_E103,Paytm Smart All-in-One POS,Electronics,"Store-105 (Park Street, Kolkata)",NEW,1,8499.0,0.0,8499.0,UPI
TXN_20240901844,2024-09-16,CUST_0289,PRD_E105,Dynamic Display QR Standee,Electronics,"Store-102 (Indiranagar, Bengaluru)",NEW,1,1299.0,0.0,1299.0,UPI
TXN_20240901845,2024-09-16,CUST_0020,PRD_E105,Dynamic Display QR Standee,Electronics,"Store-104 (Banjara Hills, Hyderabad)",NEW,1,1299.0,194.85,1104.15,Credit Card
TXN_20240901846,2024-09-16,CUST_0023,PRD_A205,Bluetooth Audio Dongle Mini,Accessories,"Store-103 (BKC, Mumbai)",RETURNING,1,399.0,0.0,399.0,UPI
TXN_20240901847,2024-09-16,CUST_0344,PRD_E103,Paytm Smart All-in-One POS,Electronics,"Store-102 (Indiranagar, Bengaluru)",NEW,1,8499.0,0.0,8499.0,UPI
TXN_20240901848,2024-09-16,CUST_0333,PRD_E101,Paytm Soundbox 4.0 Pro,Electronics,"Store-105 (Park Street, Kolkata)",RETURNING,2,1499.0,449.7,2548.3,UPI
TXN_20240901849,2024-09-16,CUST_0119,PRD_M302,Voice Box Mounting Bracket,Merchant Essentials,"Store-101 (Connaught Place, Delhi)",RETURNING,2,249.0,0.0,498.0,Debit Card
TXN_20240901850,2024-09-16,CUST_0279,PRD_E102,Paytm Card POS Terminal Neo,Electronics,"Store-103 (BKC, Mumbai)",NEW,1,4999.0,249.95,4749.05,UPI
TXN_20240901851,2024-09-16,CUST_0328,PRD_E104,Wireless Barcode Scanner BT,Electronics,"Store-102 (Indiranagar, Bengaluru)",NEW,1,1899.0,0.0,1899.0,Paytm Wallet
TXN_20240901852,2024-09-16,CUST_0393,PRD_E103,Paytm Smart All-in-One POS,Electronics,"Store-104 (Banjara Hills, Hyderabad)",RETURNING,1,8499.0,1274.85,7224.15,UPI
TXN_20240901853,2024-09-16,CUST_0130,PRD_S401,Paytm Business Prime Subscription,Software & Services,"Store-103 (BKC, Mumbai)",NEW,2,999.0,99.9,1898.1,UPI
TXN_20240901854,2024-09-16,CUST_0277,PRD_M304,Merchant Branding Banner Kit,Merchant Essentials,"Store-102 (Indiranagar, Bengaluru)",NEW,2,599.0,0.0,1198.0,Net Banking
TXN_20240901855,2024-09-16,CUST_0321,PRD_E102,Paytm Card POS Terminal Neo,Electronics,"Store-103 (BKC, Mumbai)",NEW,1,4999.0,499.9,4499.1,UPI
TXN_20240901856,2024-09-16,CUST_0409,PRD_A203,Thermal Receipt Rolls (Pack of 10),Accessories,"Store-102 (Indiranagar, Bengaluru)",NEW,2,299.0,0.0,598.0,Debit Card
TXN_20240901857,2024-09-16,CUST_0451,PRD_E102,Paytm Card POS Terminal Neo,Electronics,"Store-105 (Park Street, Kolkata)",RETURNING,1,4999.0,249.95,4749.05,UPI
TXN_20240901858,2024-09-16,CUST_0282,PRD_M301,Acrylic QR Standee - Dual Bank,Merchant Essentials,"Store-102 (Indiranagar, Bengaluru)",RETURNING,1,349.0,34.9,314.1,UPI
TXN_20240901859,2024-09-16,CUST_0167,PRD_M302,Voice Box Mounting Bracket,Merchant Essentials,"Store-103 (BKC, Mumbai)",NEW,1,249.0,0.0,249.0,Credit Card
TXN_20240901860,2024-09-16,CUST_0202,PRD_E103,Paytm Smart All-in-One POS,Electronics,"Store-103 (BKC, Mumbai)",RETURNING,1,8499.0,1274.85,7224.15,UPI
TXN_20240901861,2024-09-16,CUST_0330,PRD_E105,Dynamic Display QR Standee,Electronics,"Store-102 (Indiranagar, Bengaluru)",RETURNING,1,1299.0,194.85,1104.15,Debit Card
TXN_20240901862,2024-09-16,CUST_0254,PRD_E102,Paytm Card POS Terminal Neo,Electronics,"Store-101 (Connaught Place, Delhi)",RETURNING,1,4999.0,499.9,4499.1,UPI
TXN_20240901863,2024-09-16,CUST_0108,PRD_A202,POS Charging Cradle Dock,Accessories,"Store-101 (Connaught Place, Delhi)",RETURNING,4,699.0,0.0,2796.0,UPI
TXN_20240901864,2024-09-16,CUST_0107,PRD_E102,Paytm Card POS Terminal Neo,Electronics,"Store-101 (Connaught Place, Delhi)",RETURNING,1,4999.0,0.0,4999.0,Paytm Wallet
TXN_20240901865,2024-09-16,CUST_0339,PRD_E105,Dynamic Display QR Standee,Electronics,"Store-105 (Park Street, Kolkata)",NEW,1,1299.0,0.0,1299.0,UPI
TXN_20240901866,2024-09-16,CUST_0220,PRD_A204,Heavy Duty POS Lanyard Strap,Accessories,"Store-104 (Banjara Hills, Hyderabad)",RETURNING,1,149.0,7.45,141.55,Paytm Wallet
TXN_20240901867,2024-09-16,CUST_0256,PRD_E104,Wireless Barcode Scanner BT,Electronics,"Store-101 (Connaught Place, Delhi)",RETURNING,1,1899.0,189.9,1709.1,Debit Card
TXN_20240901868,2024-09-16,CUST_0395,PRD_E101,Paytm Soundbox 4.0 Pro,Electronics,"Store-105 (Park Street, Kolkata)",RETURNING,1,1499.0,224.85,1274.15,UPI
TXN_20240901869,2024-09-16,CUST_0014,PRD_E104,Wireless Barcode Scanner BT,Electronics,"Store-104 (Banjara Hills, Hyderabad)",RETURNING,3,1899.0,0.0,5697.0,UPI
TXN_20240901870,2024-09-16,CUST_0126,PRD_M302,Voice Box Mounting Bracket,Merchant Essentials,"Store-101 (Connaught Place, Delhi)",NEW,1,249.0,12.45,236.55,UPI
TXN_20240901871,2024-09-16,CUST_0241,PRD_E101,Paytm Soundbox 4.0 Pro,Electronics,"Store-103 (BKC, Mumbai)",RETURNING,1,1499.0,74.95,1424.05,Credit Card
TXN_20240901872,2024-09-16,CUST_0049,PRD_E101,Paytm Soundbox 4.0 Pro,Electronics,"Store-102 (Indiranagar, Bengaluru)",RETURNING,1,1499.0,0.0,1499.0,UPI
TXN_20240901873,2024-09-16,CUST_0036,PRD_A201,Soundbox Replacement Battery,Accessories,"Store-104 (Banjara Hills, Hyderabad)",RETURNING,1,499.0,49.9,449.1,UPI
TXN_20240901874,2024-09-16,CUST_0371,PRD_E101,Paytm Soundbox 4.0 Pro,Electronics,"Store-105 (Park Street, Kolkata)",NEW,1,1499.0,74.95,1424.05,UPI
TXN_20240901875,2024-09-16,CUST_0232,PRD_E103,Paytm Smart All-in-One POS,Electronics,"Store-102 (Indiranagar, Bengaluru)",RETURNING,1,8499.0,0.0,8499.0,Credit Card
TXN_20240901876,2024-09-16,CUST_0496,PRD_M304,Merchant Branding Banner Kit,Merchant Essentials,"Store-102 (Indiranagar, Bengaluru)",RETURNING,2,599.0,0.0,1198.0,Credit Card
TXN_20240901877,2024-09-16,CUST_0335,PRD_S401,Paytm Business Prime Subscription,Software & Services,"Store-104 (Banjara Hills, Hyderabad)",RETURNING,2,999.0,0.0,1998.0,Credit Card
TXN_20240901878,2024-09-16,CUST_0433,PRD_E105,Dynamic Display QR Standee,Electronics,"Store-104 (Banjara Hills, Hyderabad)",NEW,2,1299.0,389.7,2208.3,UPI
TXN_20240901879,2024-09-16,CUST_0085,PRD_E102,Paytm Card POS Terminal Neo,Electronics,"Store-105 (Park Street, Kolkata)",RETURNING,1,4999.0,0.0,4999.0,Credit Card
TXN_20240901880,2024-09-16,CUST_0011,PRD_M301,Acrylic QR Standee - Dual Bank,Merchant Essentials,"Store-103 (BKC, Mumbai)",NEW,1,349.0,0.0,349.0,UPI
TXN_20240901881,2024-09-16,CUST_0143,PRD_E105,Dynamic Display QR Standee,Electronics,"Store-104 (Banjara Hills, Hyderabad)",RETURNING,2,1299.0,259.8,2338.2,Credit Card
TXN_20240901882,2024-09-16,CUST_0244,PRD_E105,Dynamic Display QR Standee,Electronics,"Store-102 (Indiranagar, Bengaluru)",NEW,2,1299.0,259.8,2338.2,UPI
TXN_20240901883,2024-09-16,CUST_0083,PRD_E101,Paytm Soundbox 4.0 Pro,Electronics,"Store-102 (Indiranagar, Bengaluru)",NEW,1,1499.0,0.0,1499.0,Paytm Wallet
TXN_20240901884,2024-09-16,CUST_0192,PRD_A202,POS Charging Cradle Dock,Accessories,"Store-104 (Banjara Hills, Hyderabad)",NEW,1,699.0,69.9,629.1,UPI
TXN_20240901885,2024-09-16,CUST_0212,PRD_E102,Paytm Card POS Terminal Neo,Electronics,"Store-101 (Connaught Place, Delhi)",RETURNING,2,4999.0,0.0,9998.0,Credit Card
TXN_20240901886,2024-09-16,CUST_0006,PRD_E104,Wireless Barcode Scanner BT,Electronics,"Store-105 (Park Street, Kolkata)",RETURNING,3,1899.0,284.85,5412.15,Credit Card
TXN_20240901887,2024-09-16,CUST_0005,PRD_E104,Wireless Barcode Scanner BT,Electronics,"Store-102 (Indiranagar, Bengaluru)",NEW,1,1899.0,0.0,1899.0,UPI
TXN_20240901888,2024-09-16,CUST_0110,PRD_E102,Paytm Card POS Terminal Neo,Electronics,"Store-104 (Banjara Hills, Hyderabad)",NEW,1,4999.0,0.0,4999.0,UPI
TXN_20240901889,2024-09-16,CUST_0284,PRD_A205,Bluetooth Audio Dongle Mini,Accessories,"Store-105 (Park Street, Kolkata)",NEW,2,399.0,0.0,798.0,Credit Card
TXN_20240901890,2024-09-16,CUST_0440,PRD_A201,Soundbox Replacement Battery,Accessories,"Store-101 (Connaught Place, Delhi)",RETURNING,1,499.0,0.0,499.0,UPI
TXN_20240901891,2024-09-16,CUST_0321,PRD_M302,Voice Box Mounting Bracket,Merchant Essentials,"Store-103 (BKC, Mumbai)",NEW,3,249.0,74.7,672.3,UPI
TXN_20240901892,2024-09-17,CUST_0222,PRD_E101,Paytm Soundbox 4.0 Pro,Electronics,"Store-103 (BKC, Mumbai)",RETURNING,3,1499.0,224.85,4272.15,Paytm Wallet
TXN_20240901893,2024-09-17,CUST_0201,PRD_E105,Dynamic Display QR Standee,Electronics,"Store-102 (Indiranagar, Bengaluru)",RETURNING,2,1299.0,129.9,2468.1,Debit Card
TXN_20240901894,2024-09-17,CUST_0456,PRD_E105,Dynamic Display QR Standee,Electronics,"Store-102 (Indiranagar, Bengaluru)",NEW,1,1299.0,64.95,1234.05,UPI
TXN_20240901895,2024-09-17,CUST_0039,PRD_E105,Dynamic Display QR Standee,Electronics,"Store-101 (Connaught Place, Delhi)",RETURNING,1,1299.0,64.95,1234.05,Debit Card
TXN_20240901896,2024-09-17,CUST_0396,PRD_A205,Bluetooth Audio Dongle Mini,Accessories,"Store-103 (BKC, Mumbai)",RETURNING,1,399.0,19.95,379.05,Paytm Wallet
TXN_20240901897,2024-09-17,CUST_0175,PRD_E104,Wireless Barcode Scanner BT,Electronics,"Store-105 (Park Street, Kolkata)",NEW,1,1899.0,284.85,1614.15,Debit Card
TXN_20240901898,2024-09-17,CUST_0241,PRD_A201,Soundbox Replacement Battery,Accessories,"Store-104 (Banjara Hills, Hyderabad)",RETURNING,2,499.0,49.9,948.1,Credit Card
TXN_20240901899,2024-09-17,CUST_0350,PRD_A204,Heavy Duty POS Lanyard Strap,Accessories,"Store-105 (Park Street, Kolkata)",RETURNING,1,149.0,7.45,141.55,Paytm Wallet
TXN_20240901900,2024-09-17,CUST_0273,PRD_A201,Soundbox Replacement Battery,Accessories,"Store-101 (Connaught Place, Delhi)",RETURNING,1,499.0,0.0,499.0,UPI
TXN_20240901901,2024-09-17,CUST_0263,PRD_E103,Paytm Smart All-in-One POS,Electronics,"Store-103 (BKC, Mumbai)",RETURNING,2,8499.0,0.0,16998.0,UPI
TXN_20240901902,2024-09-17,CUST_0423,PRD_E104,Wireless Barcode Scanner BT,Electronics,"Store-104 (Banjara Hills, Hyderabad)",NEW,1,1899.0,94.95,1804.05,Credit Card
TXN_20240901903,2024-09-17,CUST_0097,PRD_M302,Voice Box Mounting Bracket,Merchant Essentials,"Store-102 (Indiranagar, Bengaluru)",RETURNING,2,249.0,0.0,498.0,Credit Card
TXN_20240901904,2024-09-17,CUST_0365,PRD_A202,POS Charging Cradle Dock,Accessories,"Store-103 (BKC, Mumbai)",NEW,1,699.0,34.95,664.05,UPI
TXN_20240901905,2024-09-17,CUST_0061,PRD_M302,Voice Box Mounting Bracket,Merchant Essentials,"Store-103 (BKC, Mumbai)",NEW,1,249.0,0.0,249.0,Debit Card
TXN_20240901906,2024-09-17,CUST_0426,PRD_E104,Wireless Barcode Scanner BT,Electronics,"Store-104 (Banjara Hills, Hyderabad)",RETURNING,1,1899.0,94.95,1804.05,Paytm Wallet
TXN_20240901907,2024-09-17,CUST_0236,PRD_A202,POS Charging Cradle Dock,Accessories,"Store-102 (Indiranagar, Bengaluru)",RETURNING,2,699.0,0.0,1398.0,UPI
TXN_20240901908,2024-09-17,CUST_0282,PRD_S403,Priority Settlement Annual Plan,Software & Services,"Store-101 (Connaught Place, Delhi)",RETURNING,1,1999.0,0.0,1999.0,UPI
TXN_20240901909,2024-09-17,CUST_0479,PRD_S403,Priority Settlement Annual Plan,Software & Services,"Store-105 (Park Street, Kolkata)",RETURNING,2,1999.0,0.0,3998.0,UPI
TXN_20240901910,2024-09-17,CUST_0219,PRD_A205,Bluetooth Audio Dongle Mini,Accessories,"Store-104 (Banjara Hills, Hyderabad)",NEW,1,399.0,19.95,379.05,UPI
TXN_20240901911,2024-09-17,CUST_0062,PRD_E102,Paytm Card POS Terminal Neo,Electronics,"Store-101 (Connaught Place, Delhi)",RETURNING,1,4999.0,0.0,4999.0,Debit Card
TXN_20240901912,2024-09-17,CUST_0143,PRD_E102,Paytm Card POS Terminal Neo,Electronics,"Store-105 (Park Street, Kolkata)",RETURNING,1,4999.0,749.85,4249.15,Credit Card
TXN_20240901913,2024-09-17,CUST_0105,PRD_E101,Paytm Soundbox 4.0 Pro,Electronics,"Store-105 (Park Street, Kolkata)",NEW,1,1499.0,0.0,1499.0,Paytm Wallet
TXN_20240901914,2024-09-17,CUST_0369,PRD_E103,Paytm Smart All-in-One POS,Electronics,"Store-104 (Banjara Hills, Hyderabad)",RETURNING,2,8499.0,849.9,16148.1,Debit Card
TXN_20240901915,2024-09-17,CUST_0476,PRD_A202,POS Charging Cradle Dock,Accessories,"Store-102 (Indiranagar, Bengaluru)",NEW,1,699.0,34.95,664.05,UPI
TXN_20240901916,2024-09-17,CUST_0113,PRD_E102,Paytm Card POS Terminal Neo,Electronics,"Store-104 (Banjara Hills, Hyderabad)",RETURNING,1,4999.0,749.85,4249.15,UPI
TXN_20240901917,2024-09-17,CUST_0380,PRD_A204,Heavy Duty POS Lanyard Strap,Accessories,"Store-103 (BKC, Mumbai)",RETURNING,3,149.0,0.0,447.0,UPI
TXN_20240901918,2024-09-17,CUST_0124,PRD_E105,Dynamic Display QR Standee,Electronics,"Store-102 (Indiranagar, Bengaluru)",NEW,2,1299.0,389.7,2208.3,UPI
TXN_20240901919,2024-09-17,CUST_0002,PRD_E103,Paytm Smart All-in-One POS,Electronics,"Store-103 (BKC, Mumbai)",NEW,1,8499.0,849.9,7649.1,Debit Card
TXN_20240901920,2024-09-17,CUST_0229,PRD_E103,Paytm Smart All-in-One POS,Electronics,"Store-101 (Connaught Place, Delhi)",RETURNING,2,8499.0,0.0,16998.0,UPI
TXN_20240901921,2024-09-17,CUST_0455,PRD_E104,Wireless Barcode Scanner BT,Electronics,"Store-105 (Park Street, Kolkata)",RETURNING,3,1899.0,569.7,5127.3,UPI
TXN_20240901922,2024-09-17,CUST_0345,PRD_E105,Dynamic Display QR Standee,Electronics,"Store-105 (Park Street, Kolkata)",RETURNING,2,1299.0,129.9,2468.1,UPI
TXN_20240901923,2024-09-17,CUST_0227,PRD_A204,Heavy Duty POS Lanyard Strap,Accessories,"Store-103 (BKC, Mumbai)",NEW,1,149.0,0.0,149.0,Debit Card
TXN_20240901924,2024-09-17,CUST_0350,PRD_E104,Wireless Barcode Scanner BT,Electronics,"Store-104 (Banjara Hills, Hyderabad)",RETURNING,1,1899.0,0.0,1899.0,UPI
TXN_20240901925,2024-09-17,CUST_0149,PRD_S401,Paytm Business Prime Subscription,Software & Services,"Store-104 (Banjara Hills, Hyderabad)",RETURNING,1,999.0,0.0,999.0,Paytm Wallet
TXN_20240901926,2024-09-17,CUST_0125,PRD_A205,Bluetooth Audio Dongle Mini,Accessories,"Store-101 (Connaught Place, Delhi)",RETURNING,1,399.0,0.0,399.0,UPI
TXN_20240901927,2024-09-17,CUST_0196,PRD_E101,Paytm Soundbox 4.0 Pro,Electronics,"Store-104 (Banjara Hills, Hyderabad)",NEW,1,1499.0,224.85,1274.15,UPI
TXN_20240901928,2024-09-17,CUST_0131,PRD_E104,Wireless Barcode Scanner BT,Electronics,"Store-103 (BKC, Mumbai)",NEW,1,1899.0,284.85,1614.15,UPI
TXN_20240901929,2024-09-17,CUST_0087,PRD_E103,Paytm Smart All-in-One POS,Electronics,"Store-105 (Park Street, Kolkata)",RETURNING,1,8499.0,849.9,7649.1,Debit Card
TXN_20240901930,2024-09-17,CUST_0196,PRD_E104,Wireless Barcode Scanner BT,Electronics,"Store-102 (Indiranagar, Bengaluru)",NEW,1,1899.0,284.85,1614.15,UPI
TXN_20240901931,2024-09-17,CUST_0357,PRD_A202,POS Charging Cradle Dock,Accessories,"Store-103 (BKC, Mumbai)",NEW,1,699.0,104.85,594.15,UPI
TXN_20240901932,2024-09-17,CUST_0151,PRD_E102,Paytm Card POS Terminal Neo,Electronics,"Store-104 (Banjara Hills, Hyderabad)",RETURNING,1,4999.0,0.0,4999.0,UPI
TXN_20240901933,2024-09-17,CUST_0267,PRD_E101,Paytm Soundbox 4.0 Pro,Electronics,"Store-101 (Connaught Place, Delhi)",RETURNING,1,1499.0,149.9,1349.1,Net Banking
TXN_20240901934,2024-09-17,CUST_0444,PRD_S402,Automated Tally Accounting Sync,Software & Services,"Store-102 (Indiranagar, Bengaluru)",RETURNING,1,1499.0,0.0,1499.0,UPI
TXN_20240901935,2024-09-17,CUST_0009,PRD_M303,Cash Drawer 4-Slot Auto-Open,Merchant Essentials,"Store-102 (Indiranagar, Bengaluru)",RETURNING,2,2299.0,459.8,4138.2,UPI
TXN_20240901936,2024-09-17,CUST_0401,PRD_E102,Paytm Card POS Terminal Neo,Electronics,"Store-101 (Connaught Place, Delhi)",RETURNING,2,4999.0,0.0,9998.0,UPI
TXN_20240901937,2024-09-17,CUST_0274,PRD_S402,Automated Tally Accounting Sync,Software & Services,"Store-102 (Indiranagar, Bengaluru)",NEW,2,1499.0,0.0,2998.0,UPI
TXN_20240901938,2024-09-17,CUST_0140,PRD_A201,Soundbox Replacement Battery,Accessories,"Store-101 (Connaught Place, Delhi)",RETURNING,1,499.0,0.0,499.0,UPI
TXN_20240901939,2024-09-17,CUST_0241,PRD_E102,Paytm Card POS Terminal Neo,Electronics,"Store-102 (Indiranagar, Bengaluru)",RETURNING,1,4999.0,0.0,4999.0,Debit Card
TXN_20240901940,2024-09-17,CUST_0237,PRD_E103,Paytm Smart All-in-One POS,Electronics,"Store-102 (Indiranagar, Bengaluru)",NEW,1,8499.0,424.95,8074.05,UPI
TXN_20240901941,2024-09-17,CUST_0311,PRD_M302,Voice Box Mounting Bracket,Merchant Essentials,"Store-101 (Connaught Place, Delhi)",NEW,5,249.0,0.0,1245.0,UPI
TXN_20240901942,2024-09-17,CUST_0271,PRD_M303,Cash Drawer 4-Slot Auto-Open,Merchant Essentials,"Store-104 (Banjara Hills, Hyderabad)",RETURNING,1,2299.0,229.9,2069.1,UPI
TXN_20240901943,2024-09-17,CUST_0332,PRD_S402,Automated Tally Accounting Sync,Software & Services,"Store-103 (BKC, Mumbai)",NEW,2,1499.0,149.9,2848.1,Debit Card
TXN_20240901944,2024-09-17,CUST_0208,PRD_M302,Voice Box Mounting Bracket,Merchant Essentials,"Store-105 (Park Street, Kolkata)",RETURNING,4,249.0,99.6,896.4,UPI
TXN_20240901945,2024-09-17,CUST_0019,PRD_E103,Paytm Smart All-in-One POS,Electronics,"Store-105 (Park Street, Kolkata)",RETURNING,5,8499.0,0.0,42495.0,Net Banking
TXN_20240901946,2024-09-17,CUST_0196,PRD_E104,Wireless Barcode Scanner BT,Electronics,"Store-103 (BKC, Mumbai)",NEW,1,1899.0,94.95,1804.05,Debit Card
TXN_20240901947,2024-09-17,CUST_0111,PRD_E105,Dynamic Display QR Standee,Electronics,"Store-102 (Indiranagar, Bengaluru)",RETURNING,1,1299.0,129.9,1169.1,UPI
TXN_20240901948,2024-09-17,CUST_0407,PRD_E104,Wireless Barcode Scanner BT,Electronics,"Store-102 (Indiranagar, Bengaluru)",RETURNING,1,1899.0,284.85,1614.15,UPI
TXN_20240901949,2024-09-17,CUST_0205,PRD_E105,Dynamic Display QR Standee,Electronics,"Store-104 (Banjara Hills, Hyderabad)",NEW,1,1299.0,0.0,1299.0,UPI
TXN_20240901950,2024-09-17,CUST_0492,PRD_E101,Paytm Soundbox 4.0 Pro,Electronics,"Store-102 (Indiranagar, Bengaluru)",NEW,2,1499.0,449.7,2548.3,UPI
TXN_20240901951,2024-09-17,CUST_0028,PRD_E104,Wireless Barcode Scanner BT,Electronics,"Store-104 (Banjara Hills, Hyderabad)",RETURNING,2,1899.0,0.0,3798.0,UPI
TXN_20240901952,2024-09-17,CUST_0421,PRD_A201,Soundbox Replacement Battery,Accessories,"Store-104 (Banjara Hills, Hyderabad)",NEW,1,499.0,74.85,424.15,Debit Card
TXN_20240901953,2024-09-17,CUST_0035,PRD_E104,Wireless Barcode Scanner BT,Electronics,"Store-102 (Indiranagar, Bengaluru)",NEW,1,1899.0,94.95,1804.05,UPI
TXN_20240901954,2024-09-17,CUST_0052,PRD_E102,Paytm Card POS Terminal Neo,Electronics,"Store-105 (Park Street, Kolkata)",NEW,1,4999.0,0.0,4999.0,UPI
TXN_20240901955,2024-09-17,CUST_0267,PRD_E104,Wireless Barcode Scanner BT,Electronics,"Store-104 (Banjara Hills, Hyderabad)",RETURNING,1,1899.0,94.95,1804.05,Credit Card
TXN_20240901956,2024-09-17,CUST_0146,PRD_E104,Wireless Barcode Scanner BT,Electronics,"Store-105 (Park Street, Kolkata)",RETURNING,1,1899.0,189.9,1709.1,UPI
TXN_20240901957,2024-09-17,CUST_0264,PRD_E101,Paytm Soundbox 4.0 Pro,Electronics,"Store-105 (Park Street, Kolkata)",NEW,1,1499.0,74.95,1424.05,UPI
TXN_20240901958,2024-09-17,CUST_0496,PRD_E102,Paytm Card POS Terminal Neo,Electronics,"Store-104 (Banjara Hills, Hyderabad)",RETURNING,1,4999.0,249.95,4749.05,Credit Card
TXN_20240901959,2024-09-17,CUST_0074,PRD_E102,Paytm Card POS Terminal Neo,Electronics,"Store-102 (Indiranagar, Bengaluru)",NEW,1,4999.0,0.0,4999.0,UPI
TXN_20240901960,2024-09-17,CUST_0022,PRD_E101,Paytm Soundbox 4.0 Pro,Electronics,"Store-101 (Connaught Place, Delhi)",NEW,3,1499.0,0.0,4497.0,Credit Card
TXN_20240901961,2024-09-17,CUST_0214,PRD_M303,Cash Drawer 4-Slot Auto-Open,Merchant Essentials,"Store-102 (Indiranagar, Bengaluru)",RETURNING,1,2299.0,344.85,1954.15,UPI
TXN_20240901962,2024-09-17,CUST_0034,PRD_E102,Paytm Card POS Terminal Neo,Electronics,"Store-101 (Connaught Place, Delhi)",NEW,1,4999.0,249.95,4749.05,UPI
TXN_20240901963,2024-09-17,CUST_0240,PRD_S401,Paytm Business Prime Subscription,Software & Services,"Store-102 (Indiranagar, Bengaluru)",NEW,2,999.0,99.9,1898.1,UPI
TXN_20240901964,2024-09-17,CUST_0236,PRD_M303,Cash Drawer 4-Slot Auto-Open,Merchant Essentials,"Store-103 (BKC, Mumbai)",RETURNING,1,2299.0,229.9,2069.1,Paytm Wallet
TXN_20240901965,2024-09-17,CUST_0133,PRD_A203,Thermal Receipt Rolls (Pack of 10),Accessories,"Store-105 (Park Street, Kolkata)",RETURNING,2,299.0,0.0,598.0,Credit Card
TXN_20240901966,2024-09-17,CUST_0270,PRD_E102,Paytm Card POS Terminal Neo,Electronics,"Store-105 (Park Street, Kolkata)",NEW,1,4999.0,0.0,4999.0,Credit Card
TXN_20240901967,2024-09-17,CUST_0460,PRD_E103,Paytm Smart All-in-One POS,Electronics,"Store-101 (Connaught Place, Delhi)",RETURNING,1,8499.0,1274.85,7224.15,UPI
TXN_20240901968,2024-09-17,CUST_0499,PRD_M302,Voice Box Mounting Bracket,Merchant Essentials,"Store-104 (Banjara Hills, Hyderabad)",NEW,1,249.0,12.45,236.55,Debit Card
TXN_20240901969,2024-09-17,CUST_0132,PRD_E102,Paytm Card POS Terminal Neo,Electronics,"Store-102 (Indiranagar, Bengaluru)",RETURNING,1,4999.0,0.0,4999.0,Paytm Wallet
TXN_20240901970,2024-09-17,CUST_0238,PRD_S401,Paytm Business Prime Subscription,Software & Services,"Store-101 (Connaught Place, Delhi)",RETURNING,1,999.0,0.0,999.0,UPI
TXN_20240901971,2024-09-17,CUST_0291,PRD_E104,Wireless Barcode Scanner BT,Electronics,"Store-101 (Connaught Place, Delhi)",RETURNING,1,1899.0,284.85,1614.15,Credit Card
TXN_20240901972,2024-09-17,CUST_0397,PRD_E104,Wireless Barcode Scanner BT,Electronics,"Store-101 (Connaught Place, Delhi)",NEW,1,1899.0,189.9,1709.1,UPI
TXN_20240901973,2024-09-17,CUST_0243,PRD_S403,Priority Settlement Annual Plan,Software & Services,"Store-103 (BKC, Mumbai)",NEW,3,1999.0,0.0,5997.0,UPI
TXN_20240901974,2024-09-17,CUST_0451,PRD_S403,Priority Settlement Annual Plan,Software & Services,"Store-104 (Banjara Hills, Hyderabad)",RETURNING,1,1999.0,199.9,1799.1,UPI
TXN_20240901975,2024-09-17,CUST_0313,PRD_M303,Cash Drawer 4-Slot Auto-Open,Merchant Essentials,"Store-103 (BKC, Mumbai)",RETURNING,1,2299.0,0.0,2299.0,UPI
TXN_20240901976,2024-09-17,CUST_0043,PRD_E101,Paytm Soundbox 4.0 Pro,Electronics,"Store-101 (Connaught Place, Delhi)",RETURNING,1,1499.0,149.9,1349.1,Paytm Wallet
TXN_20240901977,2024-09-17,CUST_0407,PRD_M303,Cash Drawer 4-Slot Auto-Open,Merchant Essentials,"Store-102 (Indiranagar, Bengaluru)",RETURNING,6,2299.0,0.0,13794.0,UPI
TXN_20240901978,2024-09-17,CUST_0432,PRD_E104,Wireless Barcode Scanner BT,Electronics,"Store-103 (BKC, Mumbai)",RETURNING,2,1899.0,0.0,3798.0,UPI
TXN_20240901979,2024-09-17,CUST_0052,PRD_E101,Paytm Soundbox 4.0 Pro,Electronics,"Store-105 (Park Street, Kolkata)",NEW,1,1499.0,0.0,1499.0,UPI
TXN_20240901980,2024-09-17,CUST_0473,PRD_E102,Paytm Card POS Terminal Neo,Electronics,"Store-102 (Indiranagar, Bengaluru)",RETURNING,2,4999.0,499.9,9498.1,UPI
TXN_20240901981,2024-09-17,CUST_0150,PRD_A204,Heavy Duty POS Lanyard Strap,Accessories,"Store-105 (Park Street, Kolkata)",RETURNING,1,149.0,0.0,149.0,UPI
TXN_20240901982,2024-09-17,CUST_0437,PRD_E103,Paytm Smart All-in-One POS,Electronics,"Store-105 (Park Street, Kolkata)",RETURNING,1,8499.0,424.95,8074.05,UPI
TXN_20240901983,2024-09-17,CUST_0437,PRD_E104,Wireless Barcode Scanner BT,Electronics,"Store-102 (Indiranagar, Bengaluru)",RETURNING,1,1899.0,0.0,1899.0,UPI
TXN_20240901984,2024-09-17,CUST_0151,PRD_A205,Bluetooth Audio Dongle Mini,Accessories,"Store-104 (Banjara Hills, Hyderabad)",RETURNING,1,399.0,39.9,359.1,Debit Card
TXN_20240901985,2024-09-17,CUST_0342,PRD_E104,Wireless Barcode Scanner BT,Electronics,"Store-102 (Indiranagar, Bengaluru)",RETURNING,1,1899.0,0.0,1899.0,UPI
TXN_20240901986,2024-09-17,CUST_0449,PRD_E102,Paytm Card POS Terminal Neo,Electronics,"Store-101 (Connaught Place, Delhi)",RETURNING,6,4999.0,1499.7,28494.3,UPI
TXN_20240901987,2024-09-17,CUST_0171,PRD_M301,Acrylic QR Standee - Dual Bank,Merchant Essentials,"Store-105 (Park Street, Kolkata)",NEW,1,349.0,17.45,331.55,UPI
TXN_20240901988,2024-09-17,CUST_0477,PRD_A205,Bluetooth Audio Dongle Mini,Accessories,"Store-105 (Park Street, Kolkata)",RETURNING,1,399.0,19.95,379.05,Net Banking
TXN_20240901989,2024-09-17,CUST_0336,PRD_E101,Paytm Soundbox 4.0 Pro,Electronics,"Store-102 (Indiranagar, Bengaluru)",NEW,1,1499.0,0.0,1499.0,UPI
TXN_20240901990,2024-09-17,CUST_0431,PRD_M304,Merchant Branding Banner Kit,Merchant Essentials,"Store-103 (BKC, Mumbai)",RETURNING,1,599.0,29.95,569.05,Paytm Wallet
TXN_20240901991,2024-09-17,CUST_0402,PRD_M301,Acrylic QR Standee - Dual Bank,Merchant Essentials,"Store-103 (BKC, Mumbai)",RETURNING,1,349.0,17.45,331.55,Credit Card
TXN_20240901992,2024-09-17,CUST_0338,PRD_E104,Wireless Barcode Scanner BT,Electronics,"Store-105 (Park Street, Kolkata)",RETURNING,3,1899.0,569.7,5127.3,UPI
TXN_20240901993,2024-09-17,CUST_0129,PRD_E105,Dynamic Display QR Standee,Electronics,"Store-104 (Banjara Hills, Hyderabad)",NEW,2,1299.0,0.0,2598.0,UPI
TXN_20240901994,2024-09-17,CUST_0072,PRD_E103,Paytm Smart All-in-One POS,Electronics,"Store-105 (Park Street, Kolkata)",RETURNING,1,8499.0,0.0,8499.0,UPI
TXN_20240901995,2024-09-17,CUST_0020,PRD_M303,Cash Drawer 4-Slot Auto-Open,Merchant Essentials,"Store-103 (BKC, Mumbai)",NEW,1,2299.0,229.9,2069.1,UPI
TXN_20240901996,2024-09-17,CUST_0002,PRD_E102,Paytm Card POS Terminal Neo,Electronics,"Store-105 (Park Street, Kolkata)",NEW,1,4999.0,0.0,4999.0,Credit Card
TXN_20240901997,2024-09-17,CUST_0440,PRD_M302,Voice Box Mounting Bracket,Merchant Essentials,"Store-105 (Park Street, Kolkata)",RETURNING,1,249.0,12.45,236.55,Credit Card
TXN_20240901998,2024-09-17,CUST_0475,PRD_A204,Heavy Duty POS Lanyard Strap,Accessories,"Store-104 (Banjara Hills, Hyderabad)",NEW,2,149.0,14.9,283.1,UPI
TXN_20240901999,2024-09-17,CUST_0494,PRD_M302,Voice Box Mounting Bracket,Merchant Essentials,"Store-105 (Park Street, Kolkata)",RETURNING,1,249.0,12.45,236.55,UPI
TXN_20240902000,2024-09-17,CUST_0010,PRD_E105,Dynamic Display QR Standee,Electronics,"Store-101 (Connaught Place, Delhi)",RETURNING,1,1299.0,194.85,1104.15,Net Banking
TXN_20240902001,2024-09-17,CUST_0312,PRD_A203,Thermal Receipt Rolls (Pack of 10),Accessories,"Store-103 (BKC, Mumbai)",NEW,2,299.0,0.0,598.0,UPI
TXN_20240902002,2024-09-17,CUST_0457,PRD_A205,Bluetooth Audio Dongle Mini,Accessories,"Store-101 (Connaught Place, Delhi)",RETURNING,2,399.0,39.9,758.1,UPI
TXN_20240902003,2024-09-17,CUST_0003,PRD_A202,POS Charging Cradle Dock,Accessories,"Store-101 (Connaught Place, Delhi)",RETURNING,1,699.0,0.0,699.0,UPI
TXN_20240902004,2024-09-17,CUST_0025,PRD_S402,Automated Tally Accounting Sync,Software & Services,"Store-103 (BKC, Mumbai)",NEW,1,1499.0,149.9,1349.1,Paytm Wallet
TXN_20240902005,2024-09-17,CUST_0009,PRD_A201,Soundbox Replacement Battery,Accessories,"Store-103 (BKC, Mumbai)",RETURNING,2,499.0,49.9,948.1,Credit Card
TXN_20240902006,2024-09-17,CUST_0274,PRD_M301,Acrylic QR Standee - Dual Bank,Merchant Essentials,"Store-103 (BKC, Mumbai)",NEW,2,349.0,69.8,628.2,Paytm Wallet
TXN_20240902007,2024-09-17,CUST_0200,PRD_A202,POS Charging Cradle Dock,Accessories,"Store-103 (BKC, Mumbai)",RETURNING,1,699.0,0.0,699.0,UPI
TXN_20240902008,2024-09-17,CUST_0169,PRD_A205,Bluetooth Audio Dongle Mini,Accessories,"Store-104 (Banjara Hills, Hyderabad)",NEW,1,399.0,0.0,399.0,Credit Card
TXN_20240902009,2024-09-17,CUST_0133,PRD_E102,Paytm Card POS Terminal Neo,Electronics,"Store-103 (BKC, Mumbai)",RETURNING,1,4999.0,749.85,4249.15,UPI
TXN_20240902010,2024-09-17,CUST_0084,PRD_E104,Wireless Barcode Scanner BT,Electronics,"Store-103 (BKC, Mumbai)",RETURNING,1,1899.0,94.95,1804.05,UPI
TXN_20240902011,2024-09-18,CUST_0448,PRD_E102,Paytm Card POS Terminal Neo,Electronics,"Store-101 (Connaught Place, Delhi)",NEW,3,4999.0,0.0,14997.0,Debit Card
TXN_20240902012,2024-09-18,CUST_0389,PRD_S402,Automated Tally Accounting Sync,Software & Services,"Store-102 (Indiranagar, Bengaluru)",RETURNING,1,1499.0,0.0,1499.0,Debit Card
TXN_20240902013,2024-09-18,CUST_0400,PRD_A202,POS Charging Cradle Dock,Accessories,"Store-105 (Park Street, Kolkata)",NEW,1,699.0,34.95,664.05,Credit Card
TXN_20240902014,2024-09-18,CUST_0043,PRD_E104,Wireless Barcode Scanner BT,Electronics,"Store-101 (Connaught Place, Delhi)",RETURNING,1,1899.0,0.0,1899.0,Net Banking
TXN_20240902015,2024-09-18,CUST_0372,PRD_E101,Paytm Soundbox 4.0 Pro,Electronics,"Store-105 (Park Street, Kolkata)",NEW,2,1499.0,299.8,2698.2,UPI
TXN_20240902016,2024-09-18,CUST_0033,PRD_E102,Paytm Card POS Terminal Neo,Electronics,"Store-103 (BKC, Mumbai)",RETURNING,1,4999.0,249.95,4749.05,Credit Card
TXN_20240902017,2024-09-18,CUST_0474,PRD_M302,Voice Box Mounting Bracket,Merchant Essentials,"Store-103 (BKC, Mumbai)",NEW,1,249.0,24.9,224.1,Debit Card
TXN_20240902018,2024-09-18,CUST_0222,PRD_E102,Paytm Card POS Terminal Neo,Electronics,"Store-105 (Park Street, Kolkata)",RETURNING,2,4999.0,0.0,9998.0,Debit Card
TXN_20240902019,2024-09-18,CUST_0248,PRD_M303,Cash Drawer 4-Slot Auto-Open,Merchant Essentials,"Store-101 (Connaught Place, Delhi)",RETURNING,3,2299.0,689.7,6207.3,Net Banking
TXN_20240902020,2024-09-18,CUST_0400,PRD_E105,Dynamic Display QR Standee,Electronics,"Store-104 (Banjara Hills, Hyderabad)",NEW,1,1299.0,64.95,1234.05,Credit Card
TXN_20240902021,2024-09-18,CUST_0022,PRD_E101,Paytm Soundbox 4.0 Pro,Electronics,"Store-102 (Indiranagar, Bengaluru)",NEW,1,1499.0,0.0,1499.0,Paytm Wallet
TXN_20240902022,2024-09-18,CUST_0479,PRD_E104,Wireless Barcode Scanner BT,Electronics,"Store-103 (BKC, Mumbai)",RETURNING,1,1899.0,284.85,1614.15,Net Banking
TXN_20240902023,2024-09-18,CUST_0044,PRD_E102,Paytm Card POS Terminal Neo,Electronics,"Store-101 (Connaught Place, Delhi)",RETURNING,1,4999.0,0.0,4999.0,Credit Card
TXN_20240902024,2024-09-18,CUST_0254,PRD_A202,POS Charging Cradle Dock,Accessories,"Store-105 (Park Street, Kolkata)",RETURNING,1,699.0,34.95,664.05,UPI
TXN_20240902025,2024-09-18,CUST_0428,PRD_A205,Bluetooth Audio Dongle Mini,Accessories,"Store-102 (Indiranagar, Bengaluru)",NEW,1,399.0,39.9,359.1,Credit Card
TXN_20240902026,2024-09-18,CUST_0440,PRD_E102,Paytm Card POS Terminal Neo,Electronics,"Store-103 (BKC, Mumbai)",RETURNING,1,4999.0,249.95,4749.05,Debit Card
TXN_20240902027,2024-09-18,CUST_0079,PRD_E103,Paytm Smart All-in-One POS,Electronics,"Store-104 (Banjara Hills, Hyderabad)",RETURNING,5,8499.0,0.0,42495.0,Credit Card
TXN_20240902028,2024-09-18,CUST_0379,PRD_E104,Wireless Barcode Scanner BT,Electronics,"Store-101 (Connaught Place, Delhi)",RETURNING,1,1899.0,0.0,1899.0,UPI
TXN_20240902029,2024-09-18,CUST_0071,PRD_S402,Automated Tally Accounting Sync,Software & Services,"Store-105 (Park Street, Kolkata)",RETURNING,2,1499.0,0.0,2998.0,Paytm Wallet
TXN_20240902030,2024-09-18,CUST_0394,PRD_E104,Wireless Barcode Scanner BT,Electronics,"Store-101 (Connaught Place, Delhi)",RETURNING,2,1899.0,379.8,3418.2,Credit Card
TXN_20240902031,2024-09-18,CUST_0142,PRD_E104,Wireless Barcode Scanner BT,Electronics,"Store-105 (Park Street, Kolkata)",RETURNING,2,1899.0,0.0,3798.0,Debit Card
TXN_20240902032,2024-09-18,CUST_0479,PRD_A203,Thermal Receipt Rolls (Pack of 10),Accessories,"Store-105 (Park Street, Kolkata)",RETURNING,1,299.0,0.0,299.0,Net Banking
TXN_20240902033,2024-09-18,CUST_0386,PRD_S402,Automated Tally Accounting Sync,Software & Services,"Store-103 (BKC, Mumbai)",RETURNING,2,1499.0,149.9,2848.1,Credit Card
TXN_20240902034,2024-09-18,CUST_0027,PRD_E102,Paytm Card POS Terminal Neo,Electronics,"Store-101 (Connaught Place, Delhi)",RETURNING,3,4999.0,0.0,14997.0,Credit Card
TXN_20240902035,2024-09-18,CUST_0241,PRD_M303,Cash Drawer 4-Slot Auto-Open,Merchant Essentials,"Store-104 (Banjara Hills, Hyderabad)",RETURNING,1,2299.0,114.95,2184.05,Debit Card
TXN_20240902036,2024-09-18,CUST_0407,PRD_E103,Paytm Smart All-in-One POS,Electronics,"Store-103 (BKC, Mumbai)",RETURNING,1,8499.0,424.95,8074.05,Net Banking
TXN_20240902037,2024-09-18,CUST_0323,PRD_M303,Cash Drawer 4-Slot Auto-Open,Merchant Essentials,"Store-104 (Banjara Hills, Hyderabad)",RETURNING,1,2299.0,0.0,2299.0,Paytm Wallet
TXN_20240902038,2024-09-18,CUST_0443,PRD_M301,Acrylic QR Standee - Dual Bank,Merchant Essentials,"Store-102 (Indiranagar, Bengaluru)",RETURNING,6,349.0,104.7,1989.3,Credit Card
TXN_20240902039,2024-09-18,CUST_0407,PRD_M302,Voice Box Mounting Bracket,Merchant Essentials,"Store-102 (Indiranagar, Bengaluru)",RETURNING,2,249.0,0.0,498.0,Debit Card
TXN_20240902040,2024-09-18,CUST_0199,PRD_E102,Paytm Card POS Terminal Neo,Electronics,"Store-105 (Park Street, Kolkata)",RETURNING,2,4999.0,1499.7,8498.3,Credit Card
TXN_20240902041,2024-09-18,CUST_0297,PRD_E103,Paytm Smart All-in-One POS,Electronics,"Store-102 (Indiranagar, Bengaluru)",RETURNING,1,8499.0,424.95,8074.05,Credit Card
TXN_20240902042,2024-09-18,CUST_0310,PRD_E105,Dynamic Display QR Standee,Electronics,"Store-101 (Connaught Place, Delhi)",RETURNING,2,1299.0,0.0,2598.0,Credit Card
TXN_20240902043,2024-09-18,CUST_0095,PRD_M303,Cash Drawer 4-Slot Auto-Open,Merchant Essentials,"Store-105 (Park Street, Kolkata)",RETURNING,1,2299.0,0.0,2299.0,UPI
TXN_20240902044,2024-09-18,CUST_0128,PRD_M302,Voice Box Mounting Bracket,Merchant Essentials,"Store-101 (Connaught Place, Delhi)",NEW,1,249.0,0.0,249.0,Credit Card
TXN_20240902045,2024-09-18,CUST_0492,PRD_E102,Paytm Card POS Terminal Neo,Electronics,"Store-101 (Connaught Place, Delhi)",NEW,1,4999.0,249.95,4749.05,Debit Card
TXN_20240902046,2024-09-18,CUST_0008,PRD_E105,Dynamic Display QR Standee,Electronics,"Store-103 (BKC, Mumbai)",NEW,1,1299.0,0.0,1299.0,Debit Card
TXN_20240902047,2024-09-18,CUST_0403,PRD_E102,Paytm Card POS Terminal Neo,Electronics,"Store-103 (BKC, Mumbai)",RETURNING,1,4999.0,249.95,4749.05,Debit Card
TXN_20240902048,2024-09-18,CUST_0228,PRD_M301,Acrylic QR Standee - Dual Bank,Merchant Essentials,"Store-102 (Indiranagar, Bengaluru)",NEW,1,349.0,0.0,349.0,Net Banking
TXN_20240902049,2024-09-18,CUST_0440,PRD_S402,Automated Tally Accounting Sync,Software & Services,"Store-102 (Indiranagar, Bengaluru)",RETURNING,1,1499.0,0.0,1499.0,Credit Card
TXN_20240902050,2024-09-18,CUST_0222,PRD_E105,Dynamic Display QR Standee,Electronics,"Store-101 (Connaught Place, Delhi)",RETURNING,2,1299.0,129.9,2468.1,Credit Card
TXN_20240902051,2024-09-18,CUST_0105,PRD_E105,Dynamic Display QR Standee,Electronics,"Store-103 (BKC, Mumbai)",NEW,1,1299.0,0.0,1299.0,Credit Card
TXN_20240902052,2024-09-18,CUST_0008,PRD_E105,Dynamic Display QR Standee,Electronics,"Store-105 (Park Street, Kolkata)",NEW,1,1299.0,64.95,1234.05,Credit Card
TXN_20240902053,2024-09-18,CUST_0115,PRD_E105,Dynamic Display QR Standee,Electronics,"Store-103 (BKC, Mumbai)",NEW,2,1299.0,389.7,2208.3,Credit Card
TXN_20240902054,2024-09-18,CUST_0246,PRD_E103,Paytm Smart All-in-One POS,Electronics,"Store-102 (Indiranagar, Bengaluru)",RETURNING,2,8499.0,849.9,16148.1,Credit Card
TXN_20240902055,2024-09-18,CUST_0486,PRD_A202,POS Charging Cradle Dock,Accessories,"Store-102 (Indiranagar, Bengaluru)",NEW,1,699.0,34.95,664.05,Credit Card
TXN_20240902056,2024-09-18,CUST_0354,PRD_E101,Paytm Soundbox 4.0 Pro,Electronics,"Store-105 (Park Street, Kolkata)",RETURNING,2,1499.0,0.0,2998.0,Debit Card
TXN_20240902057,2024-09-18,CUST_0454,PRD_E102,Paytm Card POS Terminal Neo,Electronics,"Store-103 (BKC, Mumbai)",NEW,1,4999.0,0.0,4999.0,Paytm Wallet
TXN_20240902058,2024-09-18,CUST_0477,PRD_A202,POS Charging Cradle Dock,Accessories,"Store-105 (Park Street, Kolkata)",RETURNING,1,699.0,104.85,594.15,Debit Card
TXN_20240902059,2024-09-18,CUST_0271,PRD_E101,Paytm Soundbox 4.0 Pro,Electronics,"Store-101 (Connaught Place, Delhi)",RETURNING,1,1499.0,74.95,1424.05,Debit Card
TXN_20240902060,2024-09-18,CUST_0001,PRD_E105,Dynamic Display QR Standee,Electronics,"Store-102 (Indiranagar, Bengaluru)",NEW,1,1299.0,0.0,1299.0,Debit Card
TXN_20240902061,2024-09-18,CUST_0129,PRD_M301,Acrylic QR Standee - Dual Bank,Merchant Essentials,"Store-103 (BKC, Mumbai)",NEW,1,349.0,17.45,331.55,Debit Card
TXN_20240902062,2024-09-18,CUST_0492,PRD_A204,Heavy Duty POS Lanyard Strap,Accessories,"Store-105 (Park Street, Kolkata)",NEW,1,149.0,0.0,149.0,Debit Card
TXN_20240902063,2024-09-18,CUST_0456,PRD_E103,Paytm Smart All-in-One POS,Electronics,"Store-101 (Connaught Place, Delhi)",NEW,2,8499.0,0.0,16998.0,Debit Card
TXN_20240902064,2024-09-18,CUST_0273,PRD_E104,Wireless Barcode Scanner BT,Electronics,"Store-102 (Indiranagar, Bengaluru)",RETURNING,1,1899.0,94.95,1804.05,Credit Card
TXN_20240902065,2024-09-19,CUST_0071,PRD_E103,Paytm Smart All-in-One POS,Electronics,"Store-101 (Connaught Place, Delhi)",RETURNING,1,8499.0,1274.85,7224.15,UPI
TXN_20240902066,2024-09-19,CUST_0349,PRD_S403,Priority Settlement Annual Plan,Software & Services,"Store-105 (Park Street, Kolkata)",RETURNING,2,1999.0,199.9,3798.1,UPI
TXN_20240902067,2024-09-19,CUST_0050,PRD_E101,Paytm Soundbox 4.0 Pro,Electronics,"Store-101 (Connaught Place, Delhi)",RETURNING,2,1499.0,449.7,2548.3,Credit Card
TXN_20240902068,2024-09-19,CUST_0456,PRD_E105,Dynamic Display QR Standee,Electronics,"Store-102 (Indiranagar, Bengaluru)",NEW,1,1299.0,194.85,1104.15,Credit Card
TXN_20240902069,2024-09-19,CUST_0048,PRD_M303,Cash Drawer 4-Slot Auto-Open,Merchant Essentials,"Store-105 (Park Street, Kolkata)",RETURNING,1,2299.0,229.9,2069.1,UPI
TXN_20240902070,2024-09-19,CUST_0353,PRD_E103,Paytm Smart All-in-One POS,Electronics,"Store-102 (Indiranagar, Bengaluru)",NEW,1,8499.0,424.95,8074.05,UPI
TXN_20240902071,2024-09-19,CUST_0432,PRD_E105,Dynamic Display QR Standee,Electronics,"Store-102 (Indiranagar, Bengaluru)",RETURNING,2,1299.0,0.0,2598.0,UPI
TXN_20240902072,2024-09-19,CUST_0118,PRD_S402,Automated Tally Accounting Sync,Software & Services,"Store-103 (BKC, Mumbai)",RETURNING,1,1499.0,224.85,1274.15,Debit Card
TXN_20240902073,2024-09-19,CUST_0285,PRD_M301,Acrylic QR Standee - Dual Bank,Merchant Essentials,"Store-101 (Connaught Place, Delhi)",NEW,1,349.0,52.35,296.65,Credit Card
TXN_20240902074,2024-09-19,CUST_0342,PRD_E103,Paytm Smart All-in-One POS,Electronics,"Store-102 (Indiranagar, Bengaluru)",RETURNING,3,8499.0,0.0,25497.0,UPI
TXN_20240902075,2024-09-19,CUST_0424,PRD_E103,Paytm Smart All-in-One POS,Electronics,"Store-102 (Indiranagar, Bengaluru)",NEW,1,8499.0,0.0,8499.0,UPI
TXN_20240902076,2024-09-19,CUST_0317,PRD_E102,Paytm Card POS Terminal Neo,Electronics,"Store-101 (Connaught Place, Delhi)",RETURNING,1,4999.0,0.0,4999.0,Debit Card
TXN_20240902077,2024-09-19,CUST_0390,PRD_E104,Wireless Barcode Scanner BT,Electronics,"Store-104 (Banjara Hills, Hyderabad)",RETURNING,2,1899.0,569.7,3228.3,UPI
TXN_20240902078,2024-09-19,CUST_0004,PRD_E102,Paytm Card POS Terminal Neo,Electronics,"Store-101 (Connaught Place, Delhi)",RETURNING,1,4999.0,499.9,4499.1,UPI
TXN_20240902079,2024-09-19,CUST_0392,PRD_E102,Paytm Card POS Terminal Neo,Electronics,"Store-101 (Connaught Place, Delhi)",RETURNING,2,4999.0,0.0,9998.0,Debit Card
TXN_20240902080,2024-09-19,CUST_0137,PRD_M302,Voice Box Mounting Bracket,Merchant Essentials,"Store-105 (Park Street, Kolkata)",RETURNING,2,249.0,74.7,423.3,Credit Card
TXN_20240902081,2024-09-19,CUST_0493,PRD_S401,Paytm Business Prime Subscription,Software & Services,"Store-103 (BKC, Mumbai)",NEW,2,999.0,0.0,1998.0,Paytm Wallet
TXN_20240902082,2024-09-19,CUST_0273,PRD_M301,Acrylic QR Standee - Dual Bank,Merchant Essentials,"Store-102 (Indiranagar, Bengaluru)",RETURNING,3,349.0,52.35,994.65,Debit Card
TXN_20240902083,2024-09-19,CUST_0143,PRD_E104,Wireless Barcode Scanner BT,Electronics,"Store-105 (Park Street, Kolkata)",RETURNING,1,1899.0,189.9,1709.1,UPI
TXN_20240902084,2024-09-19,CUST_0208,PRD_E103,Paytm Smart All-in-One POS,Electronics,"Store-105 (Park Street, Kolkata)",RETURNING,2,8499.0,849.9,16148.1,Debit Card
TXN_20240902085,2024-09-19,CUST_0065,PRD_S401,Paytm Business Prime Subscription,Software & Services,"Store-102 (Indiranagar, Bengaluru)",RETURNING,1,999.0,99.9,899.1,Credit Card
TXN_20240902086,2024-09-19,CUST_0203,PRD_S401,Paytm Business Prime Subscription,Software & Services,"Store-105 (Park Street, Kolkata)",RETURNING,1,999.0,0.0,999.0,UPI
TXN_20240902087,2024-09-19,CUST_0449,PRD_E103,Paytm Smart All-in-One POS,Electronics,"Store-102 (Indiranagar, Bengaluru)",RETURNING,2,8499.0,1699.8,15298.2,UPI
TXN_20240902088,2024-09-19,CUST_0038,PRD_E103,Paytm Smart All-in-One POS,Electronics,"Store-105 (Park Street, Kolkata)",RETURNING,1,8499.0,0.0,8499.0,UPI
TXN_20240902089,2024-09-19,CUST_0282,PRD_E102,Paytm Card POS Terminal Neo,Electronics,"Store-102 (Indiranagar, Bengaluru)",RETURNING,1,4999.0,499.9,4499.1,UPI
TXN_20240902090,2024-09-19,CUST_0405,PRD_E103,Paytm Smart All-in-One POS,Electronics,"Store-101 (Connaught Place, Delhi)",RETURNING,1,8499.0,0.0,8499.0,Credit Card
TXN_20240902091,2024-09-19,CUST_0280,PRD_E101,Paytm Soundbox 4.0 Pro,Electronics,"Store-103 (BKC, Mumbai)",RETURNING,1,1499.0,224.85,1274.15,UPI
TXN_20240902092,2024-09-19,CUST_0017,PRD_M302,Voice Box Mounting Bracket,Merchant Essentials,"Store-101 (Connaught Place, Delhi)",RETURNING,2,249.0,49.8,448.2,Credit Card
TXN_20240902093,2024-09-19,CUST_0043,PRD_E104,Wireless Barcode Scanner BT,Electronics,"Store-105 (Park Street, Kolkata)",RETURNING,1,1899.0,94.95,1804.05,Debit Card
TXN_20240902094,2024-09-19,CUST_0225,PRD_M303,Cash Drawer 4-Slot Auto-Open,Merchant Essentials,"Store-105 (Park Street, Kolkata)",RETURNING,2,2299.0,229.9,4368.1,Paytm Wallet
TXN_20240902095,2024-09-19,CUST_0014,PRD_M302,Voice Box Mounting Bracket,Merchant Essentials,"Store-103 (BKC, Mumbai)",RETURNING,1,249.0,24.9,224.1,UPI
TXN_20240902096,2024-09-19,CUST_0149,PRD_M302,Voice Box Mounting Bracket,Merchant Essentials,"Store-103 (BKC, Mumbai)",RETURNING,1,249.0,0.0,249.0,Credit Card
TXN_20240902097,2024-09-19,CUST_0277,PRD_E105,Dynamic Display QR Standee,Electronics,"Store-104 (Banjara Hills, Hyderabad)",NEW,1,1299.0,129.9,1169.1,UPI
TXN_20240902098,2024-09-19,CUST_0423,PRD_M302,Voice Box Mounting Bracket,Merchant Essentials,"Store-105 (Park Street, Kolkata)",NEW,1,249.0,0.0,249.0,UPI
TXN_20240902099,2024-09-19,CUST_0021,PRD_A201,Soundbox Replacement Battery,Accessories,"Store-104 (Banjara Hills, Hyderabad)",RETURNING,1,499.0,0.0,499.0,UPI
TXN_20240902100,2024-09-19,CUST_0126,PRD_E104,Wireless Barcode Scanner BT,Electronics,"Store-103 (BKC, Mumbai)",NEW,1,1899.0,94.95,1804.05,UPI
TXN_20240902101,2024-09-19,CUST_0077,PRD_E105,Dynamic Display QR Standee,Electronics,"Store-105 (Park Street, Kolkata)",RETURNING,1,1299.0,129.9,1169.1,UPI
TXN_20240902102,2024-09-19,CUST_0165,PRD_E104,Wireless Barcode Scanner BT,Electronics,"Store-101 (Connaught Place, Delhi)",RETURNING,1,1899.0,189.9,1709.1,UPI
TXN_20240902103,2024-09-19,CUST_0022,PRD_A202,POS Charging Cradle Dock,Accessories,"Store-101 (Connaught Place, Delhi)",NEW,1,699.0,0.0,699.0,UPI
TXN_20240902104,2024-09-19,CUST_0211,PRD_A204,Heavy Duty POS Lanyard Strap,Accessories,"Store-105 (Park Street, Kolkata)",NEW,1,149.0,7.45,141.55,Debit Card
TXN_20240902105,2024-09-19,CUST_0009,PRD_M303,Cash Drawer 4-Slot Auto-Open,Merchant Essentials,"Store-105 (Park Street, Kolkata)",RETURNING,2,2299.0,0.0,4598.0,UPI
TXN_20240902106,2024-09-19,CUST_0063,PRD_M304,Merchant Branding Banner Kit,Merchant Essentials,"Store-103 (BKC, Mumbai)",RETURNING,3,599.0,89.85,1707.15,UPI
TXN_20240902107,2024-09-19,CUST_0003,PRD_E103,Paytm Smart All-in-One POS,Electronics,"Store-103 (BKC, Mumbai)",RETURNING,3,8499.0,1274.85,24222.15,UPI
TXN_20240902108,2024-09-19,CUST_0451,PRD_S402,Automated Tally Accounting Sync,Software & Services,"Store-105 (Park Street, Kolkata)",RETURNING,1,1499.0,0.0,1499.0,Credit Card
TXN_20240902109,2024-09-19,CUST_0205,PRD_E103,Paytm Smart All-in-One POS,Electronics,"Store-102 (Indiranagar, Bengaluru)",NEW,1,8499.0,0.0,8499.0,UPI
TXN_20240902110,2024-09-19,CUST_0348,PRD_E103,Paytm Smart All-in-One POS,Electronics,"Store-102 (Indiranagar, Bengaluru)",RETURNING,1,8499.0,424.95,8074.05,UPI
TXN_20240902111,2024-09-19,CUST_0153,PRD_E102,Paytm Card POS Terminal Neo,Electronics,"Store-102 (Indiranagar, Bengaluru)",RETURNING,2,4999.0,0.0,9998.0,Credit Card
TXN_20240902112,2024-09-19,CUST_0433,PRD_A201,Soundbox Replacement Battery,Accessories,"Store-102 (Indiranagar, Bengaluru)",NEW,1,499.0,74.85,424.15,UPI
TXN_20240902113,2024-09-19,CUST_0237,PRD_M304,Merchant Branding Banner Kit,Merchant Essentials,"Store-104 (Banjara Hills, Hyderabad)",NEW,1,599.0,89.85,509.15,UPI
TXN_20240902114,2024-09-19,CUST_0182,PRD_S402,Automated Tally Accounting Sync,Software & Services,"Store-103 (BKC, Mumbai)",NEW,2,1499.0,299.8,2698.2,UPI
TXN_20240902115,2024-09-19,CUST_0207,PRD_M303,Cash Drawer 4-Slot Auto-Open,Merchant Essentials,"Store-103 (BKC, Mumbai)",RETURNING,1,2299.0,0.0,2299.0,Paytm Wallet
TXN_20240902116,2024-09-19,CUST_0467,PRD_M302,Voice Box Mounting Bracket,Merchant Essentials,"Store-101 (Connaught Place, Delhi)",NEW,1,249.0,0.0,249.0,Debit Card
TXN_20240902117,2024-09-19,CUST_0442,PRD_E103,Paytm Smart All-in-One POS,Electronics,"Store-105 (Park Street, Kolkata)",RETURNING,3,8499.0,3824.55,21672.45,UPI
TXN_20240902118,2024-09-19,CUST_0116,PRD_M302,Voice Box Mounting Bracket,Merchant Essentials,"Store-103 (BKC, Mumbai)",NEW,1,249.0,12.45,236.55,UPI
TXN_20240902119,2024-09-19,CUST_0426,PRD_S403,Priority Settlement Annual Plan,Software & Services,"Store-103 (BKC, Mumbai)",RETURNING,2,1999.0,199.9,3798.1,Credit Card
TXN_20240902120,2024-09-19,CUST_0345,PRD_M301,Acrylic QR Standee - Dual Bank,Merchant Essentials,"Store-101 (Connaught Place, Delhi)",RETURNING,1,349.0,52.35,296.65,UPI
TXN_20240902121,2024-09-19,CUST_0105,PRD_S401,Paytm Business Prime Subscription,Software & Services,"Store-102 (Indiranagar, Bengaluru)",NEW,3,999.0,299.7,2697.3,UPI
TXN_20240902122,2024-09-19,CUST_0270,PRD_E103,Paytm Smart All-in-One POS,Electronics,"Store-103 (BKC, Mumbai)",NEW,2,8499.0,0.0,16998.0,Credit Card
TXN_20240902123,2024-09-19,CUST_0414,PRD_E102,Paytm Card POS Terminal Neo,Electronics,"Store-101 (Connaught Place, Delhi)",NEW,1,4999.0,249.95,4749.05,UPI
TXN_20240902124,2024-09-19,CUST_0239,PRD_M302,Voice Box Mounting Bracket,Merchant Essentials,"Store-101 (Connaught Place, Delhi)",RETURNING,1,249.0,0.0,249.0,Credit Card
TXN_20240902125,2024-09-19,CUST_0324,PRD_M301,Acrylic QR Standee - Dual Bank,Merchant Essentials,"Store-104 (Banjara Hills, Hyderabad)",NEW,1,349.0,0.0,349.0,UPI
TXN_20240902126,2024-09-19,CUST_0116,PRD_E101,Paytm Soundbox 4.0 Pro,Electronics,"Store-104 (Banjara Hills, Hyderabad)",NEW,2,1499.0,149.9,2848.1,Paytm Wallet
TXN_20240902127,2024-09-19,CUST_0471,PRD_M302,Voice Box Mounting Bracket,Merchant Essentials,"Store-105 (Park Street, Kolkata)",RETURNING,1,249.0,37.35,211.65,UPI
TXN_20240902128,2024-09-19,CUST_0492,PRD_A201,Soundbox Replacement Battery,Accessories,"Store-104 (Banjara Hills, Hyderabad)",NEW,2,499.0,49.9,948.1,UPI
TXN_20240902129,2024-09-19,CUST_0005,PRD_E101,Paytm Soundbox 4.0 Pro,Electronics,"Store-102 (Indiranagar, Bengaluru)",NEW,1,1499.0,0.0,1499.0,Debit Card
TXN_20240902130,2024-09-19,CUST_0301,PRD_E102,Paytm Card POS Terminal Neo,Electronics,"Store-104 (Banjara Hills, Hyderabad)",RETURNING,2,4999.0,499.9,9498.1,Paytm Wallet
TXN_20240902131,2024-09-19,CUST_0126,PRD_M301,Acrylic QR Standee - Dual Bank,Merchant Essentials,"Store-103 (BKC, Mumbai)",NEW,1,349.0,17.45,331.55,UPI
TXN_20240902132,2024-09-19,CUST_0146,PRD_M303,Cash Drawer 4-Slot Auto-Open,Merchant Essentials,"Store-105 (Park Street, Kolkata)",RETURNING,1,2299.0,0.0,2299.0,UPI
TXN_20240902133,2024-09-19,CUST_0318,PRD_M301,Acrylic QR Standee - Dual Bank,Merchant Essentials,"Store-104 (Banjara Hills, Hyderabad)",NEW,1,349.0,34.9,314.1,UPI
TXN_20240902134,2024-09-19,CUST_0030,PRD_E101,Paytm Soundbox 4.0 Pro,Electronics,"Store-105 (Park Street, Kolkata)",NEW,1,1499.0,0.0,1499.0,UPI
TXN_20240902135,2024-09-19,CUST_0396,PRD_A203,Thermal Receipt Rolls (Pack of 10),Accessories,"Store-101 (Connaught Place, Delhi)",RETURNING,2,299.0,0.0,598.0,UPI
TXN_20240902136,2024-09-19,CUST_0430,PRD_E101,Paytm Soundbox 4.0 Pro,Electronics,"Store-102 (Indiranagar, Bengaluru)",NEW,2,1499.0,0.0,2998.0,UPI
TXN_20240902137,2024-09-19,CUST_0371,PRD_E102,Paytm Card POS Terminal Neo,Electronics,"Store-102 (Indiranagar, Bengaluru)",NEW,1,4999.0,249.95,4749.05,UPI
TXN_20240902138,2024-09-19,CUST_0232,PRD_E103,Paytm Smart All-in-One POS,Electronics,"Store-103 (BKC, Mumbai)",RETURNING,2,8499.0,2549.7,14448.3,Credit Card
TXN_20240902139,2024-09-19,CUST_0439,PRD_M302,Voice Box Mounting Bracket,Merchant Essentials,"Store-102 (Indiranagar, Bengaluru)",NEW,1,249.0,0.0,249.0,Credit Card
TXN_20240902140,2024-09-19,CUST_0425,PRD_E104,Wireless Barcode Scanner BT,Electronics,"Store-101 (Connaught Place, Delhi)",RETURNING,2,1899.0,189.9,3608.1,UPI
TXN_20240902141,2024-09-19,CUST_0223,PRD_S403,Priority Settlement Annual Plan,Software & Services,"Store-101 (Connaught Place, Delhi)",NEW,1,1999.0,0.0,1999.0,Credit Card
TXN_20240902142,2024-09-19,CUST_0219,PRD_M303,Cash Drawer 4-Slot Auto-Open,Merchant Essentials,"Store-101 (Connaught Place, Delhi)",NEW,3,2299.0,1034.55,5862.45,Net Banking
TXN_20240902143,2024-09-19,CUST_0029,PRD_A201,Soundbox Replacement Battery,Accessories,"Store-102 (Indiranagar, Bengaluru)",RETURNING,1,499.0,24.95,474.05,Debit Card
TXN_20240902144,2024-09-19,CUST_0391,PRD_E101,Paytm Soundbox 4.0 Pro,Electronics,"Store-102 (Indiranagar, Bengaluru)",NEW,1,1499.0,0.0,1499.0,Paytm Wallet
TXN_20240902145,2024-09-19,CUST_0109,PRD_E102,Paytm Card POS Terminal Neo,Electronics,"Store-102 (Indiranagar, Bengaluru)",RETURNING,2,4999.0,0.0,9998.0,UPI
TXN_20240902146,2024-09-19,CUST_0221,PRD_A201,Soundbox Replacement Battery,Accessories,"Store-102 (Indiranagar, Bengaluru)",RETURNING,2,499.0,49.9,948.1,UPI
TXN_20240902147,2024-09-19,CUST_0391,PRD_A202,POS Charging Cradle Dock,Accessories,"Store-102 (Indiranagar, Bengaluru)",NEW,1,699.0,104.85,594.15,Debit Card
TXN_20240902148,2024-09-19,CUST_0149,PRD_M302,Voice Box Mounting Bracket,Merchant Essentials,"Store-101 (Connaught Place, Delhi)",RETURNING,1,249.0,12.45,236.55,Debit Card
TXN_20240902149,2024-09-19,CUST_0230,PRD_M303,Cash Drawer 4-Slot Auto-Open,Merchant Essentials,"Store-103 (BKC, Mumbai)",NEW,1,2299.0,114.95,2184.05,Credit Card
TXN_20240902150,2024-09-19,CUST_0282,PRD_M302,Voice Box Mounting Bracket,Merchant Essentials,"Store-105 (Park Street, Kolkata)",RETURNING,2,249.0,0.0,498.0,UPI
TXN_20240902151,2024-09-19,CUST_0371,PRD_E102,Paytm Card POS Terminal Neo,Electronics,"Store-101 (Connaught Place, Delhi)",NEW,1,4999.0,249.95,4749.05,Credit Card
TXN_20240902152,2024-09-19,CUST_0311,PRD_M303,Cash Drawer 4-Slot Auto-Open,Merchant Essentials,"Store-105 (Park Street, Kolkata)",NEW,1,2299.0,114.95,2184.05,Credit Card
TXN_20240902153,2024-09-19,CUST_0412,PRD_E103,Paytm Smart All-in-One POS,Electronics,"Store-105 (Park Street, Kolkata)",NEW,1,8499.0,0.0,8499.0,Paytm Wallet
TXN_20240902154,2024-09-19,CUST_0131,PRD_A203,Thermal Receipt Rolls (Pack of 10),Accessories,"Store-102 (Indiranagar, Bengaluru)",NEW,1,299.0,14.95,284.05,Credit Card
TXN_20240902155,2024-09-19,CUST_0483,PRD_A205,Bluetooth Audio Dongle Mini,Accessories,"Store-105 (Park Street, Kolkata)",RETURNING,1,399.0,39.9,359.1,UPI
TXN_20240902156,2024-09-19,CUST_0283,PRD_A205,Bluetooth Audio Dongle Mini,Accessories,"Store-105 (Park Street, Kolkata)",NEW,1,399.0,19.95,379.05,Debit Card
TXN_20240902157,2024-09-19,CUST_0438,PRD_E105,Dynamic Display QR Standee,Electronics,"Store-105 (Park Street, Kolkata)",RETURNING,1,1299.0,0.0,1299.0,UPI
TXN_20240902158,2024-09-19,CUST_0488,PRD_A203,Thermal Receipt Rolls (Pack of 10),Accessories,"Store-102 (Indiranagar, Bengaluru)",RETURNING,2,299.0,0.0,598.0,UPI
TXN_20240902159,2024-09-19,CUST_0159,PRD_A203,Thermal Receipt Rolls (Pack of 10),Accessories,"Store-102 (Indiranagar, Bengaluru)",RETURNING,3,299.0,0.0,897.0,Debit Card
TXN_20240902160,2024-09-19,CUST_0414,PRD_M303,Cash Drawer 4-Slot Auto-Open,Merchant Essentials,"Store-103 (BKC, Mumbai)",NEW,2,2299.0,459.8,4138.2,UPI
TXN_20240902161,2024-09-19,CUST_0289,PRD_A202,POS Charging Cradle Dock,Accessories,"Store-101 (Connaught Place, Delhi)",NEW,1,699.0,34.95,664.05,Paytm Wallet
TXN_20240902162,2024-09-19,CUST_0243,PRD_E102,Paytm Card POS Terminal Neo,Electronics,"Store-101 (Connaught Place, Delhi)",NEW,1,4999.0,0.0,4999.0,Net Banking
TXN_20240902163,2024-09-19,CUST_0329,PRD_E105,Dynamic Display QR Standee,Electronics,"Store-102 (Indiranagar, Bengaluru)",NEW,1,1299.0,194.85,1104.15,Credit Card
TXN_20240902164,2024-09-19,CUST_0267,PRD_A204,Heavy Duty POS Lanyard Strap,Accessories,"Store-103 (BKC, Mumbai)",RETURNING,1,149.0,0.0,149.0,UPI
TXN_20240902165,2024-09-19,CUST_0487,PRD_A201,Soundbox Replacement Battery,Accessories,"Store-105 (Park Street, Kolkata)",RETURNING,2,499.0,149.7,848.3,Debit Card
TXN_20240902166,2024-09-19,CUST_0460,PRD_E104,Wireless Barcode Scanner BT,Electronics,"Store-104 (Banjara Hills, Hyderabad)",RETURNING,3,1899.0,0.0,5697.0,Credit Card
TXN_20240902167,2024-09-19,CUST_0313,PRD_E105,Dynamic Display QR Standee,Electronics,"Store-101 (Connaught Place, Delhi)",RETURNING,1,1299.0,0.0,1299.0,Credit Card
TXN_20240902168,2024-09-19,CUST_0184,PRD_A202,POS Charging Cradle Dock,Accessories,"Store-102 (Indiranagar, Bengaluru)",NEW,1,699.0,0.0,699.0,Debit Card
TXN_20240902169,2024-09-19,CUST_0196,PRD_A203,Thermal Receipt Rolls (Pack of 10),Accessories,"Store-103 (BKC, Mumbai)",NEW,1,299.0,0.0,299.0,Debit Card
TXN_20240902170,2024-09-19,CUST_0008,PRD_A203,Thermal Receipt Rolls (Pack of 10),Accessories,"Store-104 (Banjara Hills, Hyderabad)",NEW,1,299.0,29.9,269.1,Net Banking
TXN_20240902171,2024-09-19,CUST_0393,PRD_E102,Paytm Card POS Terminal Neo,Electronics,"Store-105 (Park Street, Kolkata)",RETURNING,1,4999.0,749.85,4249.15,UPI
TXN_20240902172,2024-09-19,CUST_0432,PRD_E102,Paytm Card POS Terminal Neo,Electronics,"Store-103 (BKC, Mumbai)",RETURNING,2,4999.0,499.9,9498.1,Debit Card
TXN_20240902173,2024-09-19,CUST_0436,PRD_A201,Soundbox Replacement Battery,Accessories,"Store-101 (Connaught Place, Delhi)",NEW,2,499.0,99.8,898.2,UPI
TXN_20240902174,2024-09-19,CUST_0386,PRD_E103,Paytm Smart All-in-One POS,Electronics,"Store-101 (Connaught Place, Delhi)",RETURNING,1,8499.0,424.95,8074.05,Net Banking
TXN_20240902175,2024-09-19,CUST_0200,PRD_E101,Paytm Soundbox 4.0 Pro,Electronics,"Store-101 (Connaught Place, Delhi)",RETURNING,1,1499.0,0.0,1499.0,UPI
TXN_20240902176,2024-09-19,CUST_0042,PRD_M301,Acrylic QR Standee - Dual Bank,Merchant Essentials,"Store-105 (Park Street, Kolkata)",RETURNING,1,349.0,34.9,314.1,UPI
TXN_20240902177,2024-09-19,CUST_0034,PRD_E104,Wireless Barcode Scanner BT,Electronics,"Store-101 (Connaught Place, Delhi)",NEW,1,1899.0,0.0,1899.0,UPI
TXN_20240902178,2024-09-19,CUST_0311,PRD_E101,Paytm Soundbox 4.0 Pro,Electronics,"Store-103 (BKC, Mumbai)",NEW,1,1499.0,0.0,1499.0,UPI
TXN_20240902179,2024-09-19,CUST_0323,PRD_A201,Soundbox Replacement Battery,Accessories,"Store-105 (Park Street, Kolkata)",RETURNING,3,499.0,74.85,1422.15,UPI
TXN_20240902180,2024-09-19,CUST_0189,PRD_E103,Paytm Smart All-in-One POS,Electronics,"Store-103 (BKC, Mumbai)",NEW,1,8499.0,849.9,7649.1,UPI
TXN_20240902181,2024-09-19,CUST_0307,PRD_E103,Paytm Smart All-in-One POS,Electronics,"Store-102 (Indiranagar, Bengaluru)",NEW,1,8499.0,1274.85,7224.15,Net Banking
TXN_20240902182,2024-09-19,CUST_0372,PRD_E105,Dynamic Display QR Standee,Electronics,"Store-104 (Banjara Hills, Hyderabad)",NEW,1,1299.0,64.95,1234.05,UPI
TXN_20240902183,2024-09-19,CUST_0285,PRD_M303,Cash Drawer 4-Slot Auto-Open,Merchant Essentials,"Store-104 (Banjara Hills, Hyderabad)",NEW,1,2299.0,229.9,2069.1,Paytm Wallet
TXN_20240902184,2024-09-19,CUST_0473,PRD_E101,Paytm Soundbox 4.0 Pro,Electronics,"Store-102 (Indiranagar, Bengaluru)",RETURNING,1,1499.0,0.0,1499.0,Debit Card
TXN_20240902185,2024-09-19,CUST_0012,PRD_E104,Wireless Barcode Scanner BT,Electronics,"Store-105 (Park Street, Kolkata)",RETURNING,1,1899.0,284.85,1614.15,UPI
TXN_20240902186,2024-09-19,CUST_0233,PRD_E103,Paytm Smart All-in-One POS,Electronics,"Store-102 (Indiranagar, Bengaluru)",RETURNING,3,8499.0,1274.85,24222.15,UPI
TXN_20240902187,2024-09-19,CUST_0177,PRD_S401,Paytm Business Prime Subscription,Software & Services,"Store-104 (Banjara Hills, Hyderabad)",RETURNING,1,999.0,0.0,999.0,UPI
TXN_20240902188,2024-09-20,CUST_0461,PRD_S401,Paytm Business Prime Subscription,Software & Services,"Store-101 (Connaught Place, Delhi)",RETURNING,2,999.0,0.0,1998.0,UPI
TXN_20240902189,2024-09-20,CUST_0217,PRD_E103,Paytm Smart All-in-One POS,Electronics,"Store-105 (Park Street, Kolkata)",NEW,3,8499.0,0.0,25497.0,UPI
TXN_20240902190,2024-09-20,CUST_0280,PRD_A203,Thermal Receipt Rolls (Pack of 10),Accessories,"Store-103 (BKC, Mumbai)",RETURNING,2,299.0,0.0,598.0,Net Banking
TXN_20240902191,2024-09-20,CUST_0280,PRD_E103,Paytm Smart All-in-One POS,Electronics,"Store-103 (BKC, Mumbai)",RETURNING,1,8499.0,0.0,8499.0,Credit Card
TXN_20240902192,2024-09-20,CUST_0025,PRD_E102,Paytm Card POS Terminal Neo,Electronics,"Store-104 (Banjara Hills, Hyderabad)",NEW,1,4999.0,0.0,4999.0,Debit Card
TXN_20240902193,2024-09-20,CUST_0221,PRD_E103,Paytm Smart All-in-One POS,Electronics,"Store-101 (Connaught Place, Delhi)",RETURNING,2,8499.0,0.0,16998.0,UPI
TXN_20240902194,2024-09-20,CUST_0241,PRD_A202,POS Charging Cradle Dock,Accessories,"Store-102 (Indiranagar, Bengaluru)",RETURNING,2,699.0,69.9,1328.1,UPI
TXN_20240902195,2024-09-20,CUST_0469,PRD_E102,Paytm Card POS Terminal Neo,Electronics,"Store-101 (Connaught Place, Delhi)",RETURNING,2,4999.0,999.8,8998.2,Net Banking
TXN_20240902196,2024-09-20,CUST_0302,PRD_A202,POS Charging Cradle Dock,Accessories,"Store-102 (Indiranagar, Bengaluru)",NEW,1,699.0,0.0,699.0,UPI
TXN_20240902197,2024-09-20,CUST_0499,PRD_E105,Dynamic Display QR Standee,Electronics,"Store-105 (Park Street, Kolkata)",NEW,1,1299.0,64.95,1234.05,UPI
TXN_20240902198,2024-09-20,CUST_0375,PRD_M301,Acrylic QR Standee - Dual Bank,Merchant Essentials,"Store-104 (Banjara Hills, Hyderabad)",NEW,1,349.0,0.0,349.0,Debit Card
TXN_20240902199,2024-09-20,CUST_0448,PRD_M303,Cash Drawer 4-Slot Auto-Open,Merchant Essentials,"Store-102 (Indiranagar, Bengaluru)",NEW,2,2299.0,459.8,4138.2,UPI
TXN_20240902200,2024-09-20,CUST_0349,PRD_S403,Priority Settlement Annual Plan,Software & Services,"Store-104 (Banjara Hills, Hyderabad)",RETURNING,2,1999.0,399.8,3598.2,Paytm Wallet
TXN_20240902201,2024-09-20,CUST_0012,PRD_E105,Dynamic Display QR Standee,Electronics,"Store-105 (Park Street, Kolkata)",RETURNING,1,1299.0,0.0,1299.0,Paytm Wallet
TXN_20240902202,2024-09-20,CUST_0061,PRD_E105,Dynamic Display QR Standee,Electronics,"Store-101 (Connaught Place, Delhi)",NEW,1,1299.0,194.85,1104.15,UPI
TXN_20240902203,2024-09-20,CUST_0208,PRD_A201,Soundbox Replacement Battery,Accessories,"Store-102 (Indiranagar, Bengaluru)",RETURNING,3,499.0,149.7,1347.3,UPI
TXN_20240902204,2024-09-20,CUST_0074,PRD_E101,Paytm Soundbox 4.0 Pro,Electronics,"Store-102 (Indiranagar, Bengaluru)",NEW,1,1499.0,74.95,1424.05,UPI
TXN_20240902205,2024-09-20,CUST_0082,PRD_E101,Paytm Soundbox 4.0 Pro,Electronics,"Store-104 (Banjara Hills, Hyderabad)",NEW,1,1499.0,74.95,1424.05,UPI
TXN_20240902206,2024-09-20,CUST_0172,PRD_A202,POS Charging Cradle Dock,Accessories,"Store-104 (Banjara Hills, Hyderabad)",NEW,3,699.0,104.85,1992.15,UPI
TXN_20240902207,2024-09-20,CUST_0077,PRD_M302,Voice Box Mounting Bracket,Merchant Essentials,"Store-105 (Park Street, Kolkata)",RETURNING,1,249.0,0.0,249.0,Credit Card
TXN_20240902208,2024-09-20,CUST_0168,PRD_A203,Thermal Receipt Rolls (Pack of 10),Accessories,"Store-104 (Banjara Hills, Hyderabad)",RETURNING,2,299.0,29.9,568.1,UPI
TXN_20240902209,2024-09-20,CUST_0350,PRD_E103,Paytm Smart All-in-One POS,Electronics,"Store-104 (Banjara Hills, Hyderabad)",RETURNING,1,8499.0,849.9,7649.1,Debit Card
TXN_20240902210,2024-09-20,CUST_0488,PRD_E102,Paytm Card POS Terminal Neo,Electronics,"Store-101 (Connaught Place, Delhi)",RETURNING,2,4999.0,1499.7,8498.3,Credit Card
TXN_20240902211,2024-09-20,CUST_0118,PRD_M301,Acrylic QR Standee - Dual Bank,Merchant Essentials,"Store-105 (Park Street, Kolkata)",RETURNING,1,349.0,17.45,331.55,UPI
TXN_20240902212,2024-09-20,CUST_0497,PRD_E103,Paytm Smart All-in-One POS,Electronics,"Store-102 (Indiranagar, Bengaluru)",RETURNING,1,8499.0,849.9,7649.1,Credit Card
TXN_20240902213,2024-09-20,CUST_0284,PRD_A205,Bluetooth Audio Dongle Mini,Accessories,"Store-101 (Connaught Place, Delhi)",NEW,1,399.0,19.95,379.05,UPI
TXN_20240902214,2024-09-20,CUST_0235,PRD_S403,Priority Settlement Annual Plan,Software & Services,"Store-101 (Connaught Place, Delhi)",RETURNING,1,1999.0,0.0,1999.0,UPI
TXN_20240902215,2024-09-20,CUST_0459,PRD_A202,POS Charging Cradle Dock,Accessories,"Store-104 (Banjara Hills, Hyderabad)",RETURNING,2,699.0,139.8,1258.2,Credit Card
TXN_20240902216,2024-09-20,CUST_0014,PRD_S402,Automated Tally Accounting Sync,Software & Services,"Store-104 (Banjara Hills, Hyderabad)",RETURNING,1,1499.0,224.85,1274.15,UPI
TXN_20240902217,2024-09-20,CUST_0322,PRD_M301,Acrylic QR Standee - Dual Bank,Merchant Essentials,"Store-104 (Banjara Hills, Hyderabad)",RETURNING,1,349.0,0.0,349.0,UPI
TXN_20240902218,2024-09-20,CUST_0320,PRD_A203,Thermal Receipt Rolls (Pack of 10),Accessories,"Store-104 (Banjara Hills, Hyderabad)",RETURNING,1,299.0,0.0,299.0,Debit Card
TXN_20240902219,2024-09-20,CUST_0164,PRD_A201,Soundbox Replacement Battery,Accessories,"Store-102 (Indiranagar, Bengaluru)",NEW,1,499.0,24.95,474.05,Debit Card
TXN_20240902220,2024-09-20,CUST_0273,PRD_E104,Wireless Barcode Scanner BT,Electronics,"Store-105 (Park Street, Kolkata)",RETURNING,1,1899.0,94.95,1804.05,Debit Card
TXN_20240902221,2024-09-20,CUST_0189,PRD_E101,Paytm Soundbox 4.0 Pro,Electronics,"Store-103 (BKC, Mumbai)",NEW,2,1499.0,149.9,2848.1,Debit Card
TXN_20240902222,2024-09-20,CUST_0387,PRD_S403,Priority Settlement Annual Plan,Software & Services,"Store-104 (Banjara Hills, Hyderabad)",NEW,1,1999.0,0.0,1999.0,UPI
TXN_20240902223,2024-09-20,CUST_0020,PRD_E101,Paytm Soundbox 4.0 Pro,Electronics,"Store-101 (Connaught Place, Delhi)",NEW,1,1499.0,149.9,1349.1,UPI
TXN_20240902224,2024-09-20,CUST_0383,PRD_E104,Wireless Barcode Scanner BT,Electronics,"Store-103 (BKC, Mumbai)",NEW,1,1899.0,0.0,1899.0,UPI
TXN_20240902225,2024-09-20,CUST_0236,PRD_A203,Thermal Receipt Rolls (Pack of 10),Accessories,"Store-102 (Indiranagar, Bengaluru)",RETURNING,1,299.0,14.95,284.05,UPI
TXN_20240902226,2024-09-20,CUST_0127,PRD_A205,Bluetooth Audio Dongle Mini,Accessories,"Store-102 (Indiranagar, Bengaluru)",RETURNING,1,399.0,39.9,359.1,Debit Card
TXN_20240902227,2024-09-20,CUST_0426,PRD_M304,Merchant Branding Banner Kit,Merchant Essentials,"Store-102 (Indiranagar, Bengaluru)",RETURNING,1,599.0,29.95,569.05,UPI
TXN_20240902228,2024-09-20,CUST_0208,PRD_E102,Paytm Card POS Terminal Neo,Electronics,"Store-101 (Connaught Place, Delhi)",RETURNING,1,4999.0,0.0,4999.0,Debit Card
TXN_20240902229,2024-09-20,CUST_0370,PRD_S403,Priority Settlement Annual Plan,Software & Services,"Store-104 (Banjara Hills, Hyderabad)",RETURNING,1,1999.0,0.0,1999.0,Paytm Wallet
TXN_20240902230,2024-09-20,CUST_0088,PRD_E105,Dynamic Display QR Standee,Electronics,"Store-105 (Park Street, Kolkata)",NEW,1,1299.0,64.95,1234.05,UPI
TXN_20240902231,2024-09-20,CUST_0312,PRD_M303,Cash Drawer 4-Slot Auto-Open,Merchant Essentials,"Store-103 (BKC, Mumbai)",NEW,1,2299.0,229.9,2069.1,Paytm Wallet
TXN_20240902232,2024-09-20,CUST_0055,PRD_A202,POS Charging Cradle Dock,Accessories,"Store-104 (Banjara Hills, Hyderabad)",RETURNING,2,699.0,69.9,1328.1,UPI
TXN_20240902233,2024-09-20,CUST_0490,PRD_E104,Wireless Barcode Scanner BT,Electronics,"Store-105 (Park Street, Kolkata)",RETURNING,1,1899.0,189.9,1709.1,Debit Card
TXN_20240902234,2024-09-20,CUST_0148,PRD_M304,Merchant Branding Banner Kit,Merchant Essentials,"Store-102 (Indiranagar, Bengaluru)",NEW,1,599.0,0.0,599.0,Credit Card
TXN_20240902235,2024-09-20,CUST_0450,PRD_M301,Acrylic QR Standee - Dual Bank,Merchant Essentials,"Store-105 (Park Street, Kolkata)",RETURNING,3,349.0,104.7,942.3,Net Banking
TXN_20240902236,2024-09-20,CUST_0307,PRD_E105,Dynamic Display QR Standee,Electronics,"Store-101 (Connaught Place, Delhi)",NEW,1,1299.0,129.9,1169.1,UPI
TXN_20240902237,2024-09-20,CUST_0121,PRD_E103,Paytm Smart All-in-One POS,Electronics,"Store-101 (Connaught Place, Delhi)",RETURNING,1,8499.0,0.0,8499.0,UPI
TXN_20240902238,2024-09-20,CUST_0151,PRD_E105,Dynamic Display QR Standee,Electronics,"Store-103 (BKC, Mumbai)",RETURNING,3,1299.0,0.0,3897.0,UPI
TXN_20240902239,2024-09-20,CUST_0318,PRD_S401,Paytm Business Prime Subscription,Software & Services,"Store-104 (Banjara Hills, Hyderabad)",NEW,1,999.0,99.9,899.1,UPI
TXN_20240902240,2024-09-20,CUST_0122,PRD_M303,Cash Drawer 4-Slot Auto-Open,Merchant Essentials,"Store-104 (Banjara Hills, Hyderabad)",RETURNING,3,2299.0,1034.55,5862.45,UPI
TXN_20240902241,2024-09-20,CUST_0434,PRD_E102,Paytm Card POS Terminal Neo,Electronics,"Store-101 (Connaught Place, Delhi)",RETURNING,1,4999.0,0.0,4999.0,Debit Card
TXN_20240902242,2024-09-20,CUST_0091,PRD_E105,Dynamic Display QR Standee,Electronics,"Store-105 (Park Street, Kolkata)",RETURNING,1,1299.0,64.95,1234.05,UPI
TXN_20240902243,2024-09-20,CUST_0288,PRD_E101,Paytm Soundbox 4.0 Pro,Electronics,"Store-102 (Indiranagar, Bengaluru)",RETURNING,3,1499.0,0.0,4497.0,UPI
TXN_20240902244,2024-09-20,CUST_0264,PRD_A201,Soundbox Replacement Battery,Accessories,"Store-103 (BKC, Mumbai)",NEW,1,499.0,49.9,449.1,Paytm Wallet
TXN_20240902245,2024-09-20,CUST_0286,PRD_M303,Cash Drawer 4-Slot Auto-Open,Merchant Essentials,"Store-104 (Banjara Hills, Hyderabad)",RETURNING,1,2299.0,229.9,2069.1,Credit Card
TXN_20240902246,2024-09-20,CUST_0213,PRD_M303,Cash Drawer 4-Slot Auto-Open,Merchant Essentials,"Store-104 (Banjara Hills, Hyderabad)",NEW,1,2299.0,0.0,2299.0,Debit Card
TXN_20240902247,2024-09-20,CUST_0071,PRD_E105,Dynamic Display QR Standee,Electronics,"Store-103 (BKC, Mumbai)",RETURNING,1,1299.0,129.9,1169.1,UPI
TXN_20240902248,2024-09-20,CUST_0324,PRD_E104,Wireless Barcode Scanner BT,Electronics,"Store-105 (Park Street, Kolkata)",NEW,1,1899.0,0.0,1899.0,Debit Card
TXN_20240902249,2024-09-20,CUST_0404,PRD_M301,Acrylic QR Standee - Dual Bank,Merchant Essentials,"Store-105 (Park Street, Kolkata)",RETURNING,1,349.0,0.0,349.0,Credit Card
TXN_20240902250,2024-09-20,CUST_0061,PRD_S403,Priority Settlement Annual Plan,Software & Services,"Store-104 (Banjara Hills, Hyderabad)",NEW,5,1999.0,0.0,9995.0,Paytm Wallet
TXN_20240902251,2024-09-20,CUST_0004,PRD_S401,Paytm Business Prime Subscription,Software & Services,"Store-101 (Connaught Place, Delhi)",RETURNING,1,999.0,49.95,949.05,Credit Card
TXN_20240902252,2024-09-20,CUST_0450,PRD_E103,Paytm Smart All-in-One POS,Electronics,"Store-102 (Indiranagar, Bengaluru)",RETURNING,1,8499.0,849.9,7649.1,Debit Card
TXN_20240902253,2024-09-20,CUST_0410,PRD_E104,Wireless Barcode Scanner BT,Electronics,"Store-103 (BKC, Mumbai)",NEW,1,1899.0,0.0,1899.0,UPI
TXN_20240902254,2024-09-20,CUST_0018,PRD_A201,Soundbox Replacement Battery,Accessories,"Store-104 (Banjara Hills, Hyderabad)",RETURNING,2,499.0,0.0,998.0,UPI
TXN_20240902255,2024-09-20,CUST_0436,PRD_A201,Soundbox Replacement Battery,Accessories,"Store-105 (Park Street, Kolkata)",NEW,1,499.0,24.95,474.05,Paytm Wallet
TXN_20240902256,2024-09-20,CUST_0252,PRD_E102,Paytm Card POS Terminal Neo,Electronics,"Store-102 (Indiranagar, Bengaluru)",NEW,1,4999.0,499.9,4499.1,Debit Card
TXN_20240902257,2024-09-20,CUST_0369,PRD_S402,Automated Tally Accounting Sync,Software & Services,"Store-104 (Banjara Hills, Hyderabad)",RETURNING,2,1499.0,0.0,2998.0,UPI
TXN_20240902258,2024-09-20,CUST_0379,PRD_M301,Acrylic QR Standee - Dual Bank,Merchant Essentials,"Store-103 (BKC, Mumbai)",RETURNING,1,349.0,0.0,349.0,UPI
TXN_20240902259,2024-09-20,CUST_0417,PRD_E102,Paytm Card POS Terminal Neo,Electronics,"Store-105 (Park Street, Kolkata)",NEW,2,4999.0,0.0,9998.0,UPI
TXN_20240902260,2024-09-20,CUST_0429,PRD_E101,Paytm Soundbox 4.0 Pro,Electronics,"Store-102 (Indiranagar, Bengaluru)",RETURNING,1,1499.0,74.95,1424.05,Credit Card
TXN_20240902261,2024-09-20,CUST_0320,PRD_E101,Paytm Soundbox 4.0 Pro,Electronics,"Store-104 (Banjara Hills, Hyderabad)",RETURNING,1,1499.0,74.95,1424.05,UPI
TXN_20240902262,2024-09-20,CUST_0251,PRD_E102,Paytm Card POS Terminal Neo,Electronics,"Store-105 (Park Street, Kolkata)",RETURNING,2,4999.0,0.0,9998.0,UPI
TXN_20240902263,2024-09-20,CUST_0266,PRD_M301,Acrylic QR Standee - Dual Bank,Merchant Essentials,"Store-104 (Banjara Hills, Hyderabad)",RETURNING,2,349.0,0.0,698.0,UPI
TXN_20240902264,2024-09-20,CUST_0134,PRD_M302,Voice Box Mounting Bracket,Merchant Essentials,"Store-103 (BKC, Mumbai)",RETURNING,1,249.0,0.0,249.0,UPI
TXN_20240902265,2024-09-20,CUST_0293,PRD_S402,Automated Tally Accounting Sync,Software & Services,"Store-103 (BKC, Mumbai)",RETURNING,2,1499.0,299.8,2698.2,Debit Card
TXN_20240902266,2024-09-20,CUST_0380,PRD_E105,Dynamic Display QR Standee,Electronics,"Store-105 (Park Street, Kolkata)",RETURNING,2,1299.0,0.0,2598.0,Debit Card
TXN_20240902267,2024-09-20,CUST_0368,PRD_E105,Dynamic Display QR Standee,Electronics,"Store-101 (Connaught Place, Delhi)",RETURNING,2,1299.0,129.9,2468.1,UPI
TXN_20240902268,2024-09-20,CUST_0227,PRD_M303,Cash Drawer 4-Slot Auto-Open,Merchant Essentials,"Store-102 (Indiranagar, Bengaluru)",NEW,2,2299.0,229.9,4368.1,Paytm Wallet
TXN_20240902269,2024-09-20,CUST_0490,PRD_M304,Merchant Branding Banner Kit,Merchant Essentials,"Store-101 (Connaught Place, Delhi)",RETURNING,2,599.0,59.9,1138.1,Credit Card
TXN_20240902270,2024-09-20,CUST_0315,PRD_E103,Paytm Smart All-in-One POS,Electronics,"Store-104 (Banjara Hills, Hyderabad)",NEW,2,8499.0,2549.7,14448.3,Credit Card
TXN_20240902271,2024-09-20,CUST_0410,PRD_E104,Wireless Barcode Scanner BT,Electronics,"Store-105 (Park Street, Kolkata)",NEW,1,1899.0,0.0,1899.0,Credit Card
TXN_20240902272,2024-09-20,CUST_0074,PRD_E103,Paytm Smart All-in-One POS,Electronics,"Store-102 (Indiranagar, Bengaluru)",NEW,1,8499.0,0.0,8499.0,Paytm Wallet
TXN_20240902273,2024-09-20,CUST_0405,PRD_A203,Thermal Receipt Rolls (Pack of 10),Accessories,"Store-105 (Park Street, Kolkata)",RETURNING,1,299.0,0.0,299.0,UPI
TXN_20240902274,2024-09-20,CUST_0251,PRD_M302,Voice Box Mounting Bracket,Merchant Essentials,"Store-104 (Banjara Hills, Hyderabad)",RETURNING,1,249.0,0.0,249.0,Debit Card
TXN_20240902275,2024-09-20,CUST_0149,PRD_E103,Paytm Smart All-in-One POS,Electronics,"Store-101 (Connaught Place, Delhi)",RETURNING,1,8499.0,0.0,8499.0,Debit Card
TXN_20240902276,2024-09-20,CUST_0397,PRD_A201,Soundbox Replacement Battery,Accessories,"Store-101 (Connaught Place, Delhi)",NEW,1,499.0,0.0,499.0,Debit Card
TXN_20240902277,2024-09-20,CUST_0441,PRD_A203,Thermal Receipt Rolls (Pack of 10),Accessories,"Store-101 (Connaught Place, Delhi)",RETURNING,2,299.0,0.0,598.0,UPI
TXN_20240902278,2024-09-20,CUST_0127,PRD_M301,Acrylic QR Standee - Dual Bank,Merchant Essentials,"Store-105 (Park Street, Kolkata)",RETURNING,1,349.0,17.45,331.55,UPI
TXN_20240902279,2024-09-20,CUST_0252,PRD_M301,Acrylic QR Standee - Dual Bank,Merchant Essentials,"Store-103 (BKC, Mumbai)",NEW,1,349.0,52.35,296.65,Paytm Wallet
TXN_20240902280,2024-09-20,CUST_0266,PRD_E103,Paytm Smart All-in-One POS,Electronics,"Store-102 (Indiranagar, Bengaluru)",RETURNING,1,8499.0,1274.85,7224.15,UPI
TXN_20240902281,2024-09-20,CUST_0187,PRD_E104,Wireless Barcode Scanner BT,Electronics,"Store-101 (Connaught Place, Delhi)",RETURNING,2,1899.0,379.8,3418.2,UPI
TXN_20240902282,2024-09-20,CUST_0284,PRD_E105,Dynamic Display QR Standee,Electronics,"Store-104 (Banjara Hills, Hyderabad)",NEW,1,1299.0,64.95,1234.05,Credit Card
TXN_20240902283,2024-09-20,CUST_0179,PRD_M301,Acrylic QR Standee - Dual Bank,Merchant Essentials,"Store-103 (BKC, Mumbai)",NEW,1,349.0,0.0,349.0,UPI
TXN_20240902284,2024-09-20,CUST_0274,PRD_E104,Wireless Barcode Scanner BT,Electronics,"Store-101 (Connaught Place, Delhi)",NEW,2,1899.0,569.7,3228.3,Debit Card
TXN_20240902285,2024-09-20,CUST_0417,PRD_M302,Voice Box Mounting Bracket,Merchant Essentials,"Store-102 (Indiranagar, Bengaluru)",NEW,1,249.0,37.35,211.65,UPI
TXN_20240902286,2024-09-20,CUST_0199,PRD_A205,Bluetooth Audio Dongle Mini,Accessories,"Store-105 (Park Street, Kolkata)",RETURNING,2,399.0,0.0,798.0,UPI
TXN_20240902287,2024-09-20,CUST_0428,PRD_M304,Merchant Branding Banner Kit,Merchant Essentials,"Store-102 (Indiranagar, Bengaluru)",NEW,2,599.0,59.9,1138.1,Paytm Wallet
TXN_20240902288,2024-09-20,CUST_0048,PRD_E101,Paytm Soundbox 4.0 Pro,Electronics,"Store-102 (Indiranagar, Bengaluru)",RETURNING,2,1499.0,449.7,2548.3,Paytm Wallet
TXN_20240902289,2024-09-20,CUST_0384,PRD_E104,Wireless Barcode Scanner BT,Electronics,"Store-101 (Connaught Place, Delhi)",RETURNING,2,1899.0,0.0,3798.0,Debit Card
TXN_20240902290,2024-09-20,CUST_0262,PRD_E102,Paytm Card POS Terminal Neo,Electronics,"Store-105 (Park Street, Kolkata)",RETURNING,2,4999.0,499.9,9498.1,Paytm Wallet
TXN_20240902291,2024-09-20,CUST_0043,PRD_E103,Paytm Smart All-in-One POS,Electronics,"Store-105 (Park Street, Kolkata)",RETURNING,1,8499.0,0.0,8499.0,UPI
TXN_20240902292,2024-09-20,CUST_0325,PRD_E102,Paytm Card POS Terminal Neo,Electronics,"Store-102 (Indiranagar, Bengaluru)",RETURNING,2,4999.0,999.8,8998.2,Paytm Wallet
TXN_20240902293,2024-09-20,CUST_0492,PRD_E105,Dynamic Display QR Standee,Electronics,"Store-104 (Banjara Hills, Hyderabad)",NEW,2,1299.0,0.0,2598.0,UPI
TXN_20240902294,2024-09-20,CUST_0395,PRD_M302,Voice Box Mounting Bracket,Merchant Essentials,"Store-101 (Connaught Place, Delhi)",RETURNING,1,249.0,0.0,249.0,Net Banking
TXN_20240902295,2024-09-20,CUST_0022,PRD_E102,Paytm Card POS Terminal Neo,Electronics,"Store-101 (Connaught Place, Delhi)",NEW,1,4999.0,249.95,4749.05,Credit Card
TXN_20240902296,2024-09-20,CUST_0474,PRD_A201,Soundbox Replacement Battery,Accessories,"Store-104 (Banjara Hills, Hyderabad)",NEW,3,499.0,0.0,1497.0,Credit Card
TXN_20240902297,2024-09-20,CUST_0374,PRD_E103,Paytm Smart All-in-One POS,Electronics,"Store-103 (BKC, Mumbai)",RETURNING,1,8499.0,0.0,8499.0,UPI
TXN_20240902298,2024-09-20,CUST_0339,PRD_E102,Paytm Card POS Terminal Neo,Electronics,"Store-103 (BKC, Mumbai)",NEW,2,4999.0,0.0,9998.0,Debit Card
TXN_20240902299,2024-09-20,CUST_0145,PRD_E102,Paytm Card POS Terminal Neo,Electronics,"Store-101 (Connaught Place, Delhi)",RETURNING,1,4999.0,249.95,4749.05,Credit Card
TXN_20240902300,2024-09-20,CUST_0072,PRD_S402,Automated Tally Accounting Sync,Software & Services,"Store-101 (Connaught Place, Delhi)",RETURNING,1,1499.0,0.0,1499.0,Credit Card
TXN_20240902301,2024-09-20,CUST_0193,PRD_E102,Paytm Card POS Terminal Neo,Electronics,"Store-105 (Park Street, Kolkata)",RETURNING,1,4999.0,749.85,4249.15,UPI
TXN_20240902302,2024-09-20,CUST_0195,PRD_M304,Merchant Branding Banner Kit,Merchant Essentials,"Store-101 (Connaught Place, Delhi)",NEW,2,599.0,59.9,1138.1,UPI
TXN_20240902303,2024-09-20,CUST_0477,PRD_E103,Paytm Smart All-in-One POS,Electronics,"Store-105 (Park Street, Kolkata)",RETURNING,2,8499.0,849.9,16148.1,UPI
TXN_20240902304,2024-09-20,CUST_0009,PRD_M303,Cash Drawer 4-Slot Auto-Open,Merchant Essentials,"Store-102 (Indiranagar, Bengaluru)",RETURNING,4,2299.0,0.0,9196.0,UPI
TXN_20240902305,2024-09-20,CUST_0184,PRD_A202,POS Charging Cradle Dock,Accessories,"Store-105 (Park Street, Kolkata)",NEW,1,699.0,0.0,699.0,Paytm Wallet
TXN_20240902306,2024-09-20,CUST_0109,PRD_M304,Merchant Branding Banner Kit,Merchant Essentials,"Store-103 (BKC, Mumbai)",RETURNING,3,599.0,179.7,1617.3,UPI
TXN_20240902307,2024-09-20,CUST_0247,PRD_S402,Automated Tally Accounting Sync,Software & Services,"Store-104 (Banjara Hills, Hyderabad)",RETURNING,1,1499.0,74.95,1424.05,Credit Card
TXN_20240902308,2024-09-20,CUST_0143,PRD_E101,Paytm Soundbox 4.0 Pro,Electronics,"Store-105 (Park Street, Kolkata)",RETURNING,1,1499.0,74.95,1424.05,UPI
TXN_20240902309,2024-09-20,CUST_0219,PRD_M304,Merchant Branding Banner Kit,Merchant Essentials,"Store-101 (Connaught Place, Delhi)",NEW,1,599.0,0.0,599.0,Debit Card
TXN_20240902310,2024-09-21,CUST_0333,PRD_S402,Automated Tally Accounting Sync,Software & Services,"Store-101 (Connaught Place, Delhi)",RETURNING,1,1499.0,149.9,1349.1,Debit Card
TXN_20240902311,2024-09-21,CUST_0351,PRD_A205,Bluetooth Audio Dongle Mini,Accessories,"Store-101 (Connaught Place, Delhi)",NEW,1,399.0,19.95,379.05,UPI
TXN_20240902312,2024-09-21,CUST_0128,PRD_E101,Paytm Soundbox 4.0 Pro,Electronics,"Store-101 (Connaught Place, Delhi)",NEW,1,1499.0,224.85,1274.15,UPI
TXN_20240902313,2024-09-21,CUST_0255,PRD_A203,Thermal Receipt Rolls (Pack of 10),Accessories,"Store-104 (Banjara Hills, Hyderabad)",RETURNING,1,299.0,0.0,299.0,UPI
TXN_20240902314,2024-09-21,CUST_0227,PRD_A203,Thermal Receipt Rolls (Pack of 10),Accessories,"Store-103 (BKC, Mumbai)",NEW,1,299.0,0.0,299.0,UPI
TXN_20240902315,2024-09-21,CUST_0127,PRD_E103,Paytm Smart All-in-One POS,Electronics,"Store-101 (Connaught Place, Delhi)",RETURNING,1,8499.0,424.95,8074.05,UPI
TXN_20240902316,2024-09-21,CUST_0023,PRD_A202,POS Charging Cradle Dock,Accessories,"Store-101 (Connaught Place, Delhi)",RETURNING,2,699.0,0.0,1398.0,UPI
TXN_20240902317,2024-09-21,CUST_0467,PRD_M302,Voice Box Mounting Bracket,Merchant Essentials,"Store-104 (Banjara Hills, Hyderabad)",NEW,1,249.0,0.0,249.0,UPI
TXN_20240902318,2024-09-21,CUST_0391,PRD_S402,Automated Tally Accounting Sync,Software & Services,"Store-104 (Banjara Hills, Hyderabad)",NEW,1,1499.0,74.95,1424.05,UPI
TXN_20240902319,2024-09-21,CUST_0265,PRD_E101,Paytm Soundbox 4.0 Pro,Electronics,"Store-103 (BKC, Mumbai)",NEW,1,1499.0,0.0,1499.0,UPI
TXN_20240902320,2024-09-21,CUST_0369,PRD_E102,Paytm Card POS Terminal Neo,Electronics,"Store-103 (BKC, Mumbai)",RETURNING,1,4999.0,0.0,4999.0,UPI
TXN_20240902321,2024-09-21,CUST_0232,PRD_E102,Paytm Card POS Terminal Neo,Electronics,"Store-101 (Connaught Place, Delhi)",RETURNING,2,4999.0,0.0,9998.0,UPI
TXN_20240902322,2024-09-21,CUST_0446,PRD_E103,Paytm Smart All-in-One POS,Electronics,"Store-105 (Park Street, Kolkata)",RETURNING,3,8499.0,0.0,25497.0,UPI
TXN_20240902323,2024-09-21,CUST_0059,PRD_M301,Acrylic QR Standee - Dual Bank,Merchant Essentials,"Store-101 (Connaught Place, Delhi)",RETURNING,1,349.0,0.0,349.0,Debit Card
TXN_20240902324,2024-09-21,CUST_0347,PRD_E104,Wireless Barcode Scanner BT,Electronics,"Store-104 (Banjara Hills, Hyderabad)",RETURNING,1,1899.0,94.95,1804.05,UPI
TXN_20240902325,2024-09-21,CUST_0288,PRD_E101,Paytm Soundbox 4.0 Pro,Electronics,"Store-102 (Indiranagar, Bengaluru)",RETURNING,5,1499.0,749.5,6745.5,Credit Card
TXN_20240902326,2024-09-21,CUST_0081,PRD_M303,Cash Drawer 4-Slot Auto-Open,Merchant Essentials,"Store-104 (Banjara Hills, Hyderabad)",NEW,2,2299.0,459.8,4138.2,Net Banking
TXN_20240902327,2024-09-21,CUST_0224,PRD_M303,Cash Drawer 4-Slot Auto-Open,Merchant Essentials,"Store-101 (Connaught Place, Delhi)",NEW,1,2299.0,0.0,2299.0,UPI
TXN_20240902328,2024-09-21,CUST_0071,PRD_M301,Acrylic QR Standee - Dual Bank,Merchant Essentials,"Store-104 (Banjara Hills, Hyderabad)",RETURNING,2,349.0,0.0,698.0,UPI
TXN_20240902329,2024-09-21,CUST_0052,PRD_E104,Wireless Barcode Scanner BT,Electronics,"Store-103 (BKC, Mumbai)",NEW,1,1899.0,0.0,1899.0,UPI
TXN_20240902330,2024-09-21,CUST_0060,PRD_E101,Paytm Soundbox 4.0 Pro,Electronics,"Store-105 (Park Street, Kolkata)",RETURNING,1,1499.0,224.85,1274.15,UPI
TXN_20240902331,2024-09-21,CUST_0384,PRD_A205,Bluetooth Audio Dongle Mini,Accessories,"Store-105 (Park Street, Kolkata)",RETURNING,1,399.0,19.95,379.05,Debit Card
TXN_20240902332,2024-09-21,CUST_0289,PRD_M302,Voice Box Mounting Bracket,Merchant Essentials,"Store-103 (BKC, Mumbai)",NEW,1,249.0,0.0,249.0,Credit Card
TXN_20240902333,2024-09-21,CUST_0363,PRD_E101,Paytm Soundbox 4.0 Pro,Electronics,"Store-102 (Indiranagar, Bengaluru)",RETURNING,1,1499.0,74.95,1424.05,Debit Card
TXN_20240902334,2024-09-21,CUST_0153,PRD_A205,Bluetooth Audio Dongle Mini,Accessories,"Store-105 (Park Street, Kolkata)",RETURNING,2,399.0,0.0,798.0,Credit Card
TXN_20240902335,2024-09-21,CUST_0253,PRD_A205,Bluetooth Audio Dongle Mini,Accessories,"Store-101 (Connaught Place, Delhi)",RETURNING,1,399.0,19.95,379.05,Debit Card
TXN_20240902336,2024-09-21,CUST_0196,PRD_A204,Heavy Duty POS Lanyard Strap,Accessories,"Store-103 (BKC, Mumbai)",NEW,1,149.0,22.35,126.65,Paytm Wallet
TXN_20240902337,2024-09-21,CUST_0077,PRD_E103,Paytm Smart All-in-One POS,Electronics,"Store-103 (BKC, Mumbai)",RETURNING,3,8499.0,1274.85,24222.15,UPI
TXN_20240902338,2024-09-21,CUST_0426,PRD_E102,Paytm Card POS Terminal Neo,Electronics,"Store-103 (BKC, Mumbai)",RETURNING,2,4999.0,499.9,9498.1,UPI
TXN_20240902339,2024-09-21,CUST_0303,PRD_A204,Heavy Duty POS Lanyard Strap,Accessories,"Store-105 (Park Street, Kolkata)",RETURNING,2,149.0,14.9,283.1,Debit Card
TXN_20240902340,2024-09-21,CUST_0035,PRD_M301,Acrylic QR Standee - Dual Bank,Merchant Essentials,"Store-103 (BKC, Mumbai)",NEW,1,349.0,0.0,349.0,Paytm Wallet
TXN_20240902341,2024-09-21,CUST_0339,PRD_E102,Paytm Card POS Terminal Neo,Electronics,"Store-102 (Indiranagar, Bengaluru)",NEW,1,4999.0,249.95,4749.05,Debit Card
TXN_20240902342,2024-09-21,CUST_0277,PRD_M304,Merchant Branding Banner Kit,Merchant Essentials,"Store-101 (Connaught Place, Delhi)",NEW,1,599.0,0.0,599.0,UPI
TXN_20240902343,2024-09-21,CUST_0341,PRD_M301,Acrylic QR Standee - Dual Bank,Merchant Essentials,"Store-103 (BKC, Mumbai)",RETURNING,1,349.0,52.35,296.65,Paytm Wallet
TXN_20240902344,2024-09-21,CUST_0410,PRD_E101,Paytm Soundbox 4.0 Pro,Electronics,"Store-103 (BKC, Mumbai)",NEW,1,1499.0,149.9,1349.1,Credit Card
TXN_20240902345,2024-09-21,CUST_0305,PRD_A201,Soundbox Replacement Battery,Accessories,"Store-105 (Park Street, Kolkata)",RETURNING,2,499.0,0.0,998.0,Paytm Wallet
TXN_20240902346,2024-09-21,CUST_0493,PRD_E101,Paytm Soundbox 4.0 Pro,Electronics,"Store-105 (Park Street, Kolkata)",NEW,1,1499.0,74.95,1424.05,UPI
TXN_20240902347,2024-09-21,CUST_0339,PRD_A201,Soundbox Replacement Battery,Accessories,"Store-101 (Connaught Place, Delhi)",NEW,3,499.0,224.55,1272.45,Net Banking
TXN_20240902348,2024-09-21,CUST_0156,PRD_A202,POS Charging Cradle Dock,Accessories,"Store-102 (Indiranagar, Bengaluru)",NEW,2,699.0,69.9,1328.1,Net Banking
TXN_20240902349,2024-09-21,CUST_0183,PRD_A201,Soundbox Replacement Battery,Accessories,"Store-102 (Indiranagar, Bengaluru)",RETURNING,1,499.0,24.95,474.05,UPI
TXN_20240902350,2024-09-21,CUST_0006,PRD_A202,POS Charging Cradle Dock,Accessories,"Store-101 (Connaught Place, Delhi)",RETURNING,2,699.0,0.0,1398.0,UPI
TXN_20240902351,2024-09-21,CUST_0243,PRD_M301,Acrylic QR Standee - Dual Bank,Merchant Essentials,"Store-102 (Indiranagar, Bengaluru)",NEW,2,349.0,0.0,698.0,UPI
TXN_20240902352,2024-09-21,CUST_0305,PRD_E105,Dynamic Display QR Standee,Electronics,"Store-101 (Connaught Place, Delhi)",RETURNING,3,1299.0,194.85,3702.15,Debit Card
TXN_20240902353,2024-09-21,CUST_0139,PRD_M303,Cash Drawer 4-Slot Auto-Open,Merchant Essentials,"Store-105 (Park Street, Kolkata)",NEW,1,2299.0,114.95,2184.05,UPI
TXN_20240902354,2024-09-21,CUST_0238,PRD_M302,Voice Box Mounting Bracket,Merchant Essentials,"Store-104 (Banjara Hills, Hyderabad)",RETURNING,1,249.0,37.35,211.65,UPI
TXN_20240902355,2024-09-21,CUST_0326,PRD_E101,Paytm Soundbox 4.0 Pro,Electronics,"Store-101 (Connaught Place, Delhi)",RETURNING,2,1499.0,0.0,2998.0,Net Banking
TXN_20240902356,2024-09-21,CUST_0046,PRD_M303,Cash Drawer 4-Slot Auto-Open,Merchant Essentials,"Store-104 (Banjara Hills, Hyderabad)",NEW,1,2299.0,0.0,2299.0,UPI
TXN_20240902357,2024-09-21,CUST_0283,PRD_A205,Bluetooth Audio Dongle Mini,Accessories,"Store-102 (Indiranagar, Bengaluru)",NEW,1,399.0,19.95,379.05,Debit Card
TXN_20240902358,2024-09-21,CUST_0284,PRD_A202,POS Charging Cradle Dock,Accessories,"Store-103 (BKC, Mumbai)",NEW,1,699.0,0.0,699.0,Debit Card
TXN_20240902359,2024-09-21,CUST_0236,PRD_A203,Thermal Receipt Rolls (Pack of 10),Accessories,"Store-104 (Banjara Hills, Hyderabad)",RETURNING,1,299.0,29.9,269.1,Paytm Wallet
TXN_20240902360,2024-09-21,CUST_0360,PRD_A205,Bluetooth Audio Dongle Mini,Accessories,"Store-105 (Park Street, Kolkata)",RETURNING,1,399.0,19.95,379.05,Paytm Wallet
TXN_20240902361,2024-09-21,CUST_0220,PRD_E101,Paytm Soundbox 4.0 Pro,Electronics,"Store-104 (Banjara Hills, Hyderabad)",RETURNING,2,1499.0,0.0,2998.0,UPI
TXN_20240902362,2024-09-21,CUST_0174,PRD_E102,Paytm Card POS Terminal Neo,Electronics,"Store-102 (Indiranagar, Bengaluru)",NEW,1,4999.0,749.85,4249.15,Credit Card
TXN_20240902363,2024-09-21,CUST_0125,PRD_M304,Merchant Branding Banner Kit,Merchant Essentials,"Store-104 (Banjara Hills, Hyderabad)",RETURNING,1,599.0,0.0,599.0,Paytm Wallet
TXN_20240902364,2024-09-21,CUST_0492,PRD_M303,Cash Drawer 4-Slot Auto-Open,Merchant Essentials,"Store-102 (Indiranagar, Bengaluru)",NEW,1,2299.0,0.0,2299.0,Credit Card
TXN_20240902365,2024-09-21,CUST_0117,PRD_A204,Heavy Duty POS Lanyard Strap,Accessories,"Store-104 (Banjara Hills, Hyderabad)",RETURNING,1,149.0,7.45,141.55,Paytm Wallet
TXN_20240902366,2024-09-21,CUST_0386,PRD_A201,Soundbox Replacement Battery,Accessories,"Store-105 (Park Street, Kolkata)",RETURNING,1,499.0,24.95,474.05,UPI
TXN_20240902367,2024-09-21,CUST_0154,PRD_E101,Paytm Soundbox 4.0 Pro,Electronics,"Store-101 (Connaught Place, Delhi)",RETURNING,1,1499.0,74.95,1424.05,UPI
TXN_20240902368,2024-09-21,CUST_0387,PRD_S403,Priority Settlement Annual Plan,Software & Services,"Store-102 (Indiranagar, Bengaluru)",NEW,5,1999.0,999.5,8995.5,Credit Card
TXN_20240902369,2024-09-21,CUST_0056,PRD_E103,Paytm Smart All-in-One POS,Electronics,"Store-104 (Banjara Hills, Hyderabad)",RETURNING,1,8499.0,0.0,8499.0,Paytm Wallet
TXN_20240902370,2024-09-21,CUST_0023,PRD_S401,Paytm Business Prime Subscription,Software & Services,"Store-103 (BKC, Mumbai)",RETURNING,2,999.0,0.0,1998.0,Debit Card
TXN_20240902371,2024-09-21,CUST_0012,PRD_S401,Paytm Business Prime Subscription,Software & Services,"Store-103 (BKC, Mumbai)",RETURNING,2,999.0,0.0,1998.0,UPI
TXN_20240902372,2024-09-21,CUST_0064,PRD_A204,Heavy Duty POS Lanyard Strap,Accessories,"Store-104 (Banjara Hills, Hyderabad)",NEW,1,149.0,0.0,149.0,UPI
TXN_20240902373,2024-09-21,CUST_0149,PRD_E103,Paytm Smart All-in-One POS,Electronics,"Store-105 (Park Street, Kolkata)",RETURNING,1,8499.0,424.95,8074.05,Credit Card
TXN_20240902374,2024-09-21,CUST_0460,PRD_S401,Paytm Business Prime Subscription,Software & Services,"Store-101 (Connaught Place, Delhi)",RETURNING,3,999.0,0.0,2997.0,UPI
TXN_20240902375,2024-09-21,CUST_0386,PRD_A202,POS Charging Cradle Dock,Accessories,"Store-101 (Connaught Place, Delhi)",RETURNING,1,699.0,34.95,664.05,Debit Card
TXN_20240902376,2024-09-21,CUST_0237,PRD_M304,Merchant Branding Banner Kit,Merchant Essentials,"Store-102 (Indiranagar, Bengaluru)",NEW,1,599.0,0.0,599.0,UPI
TXN_20240902377,2024-09-21,CUST_0265,PRD_M304,Merchant Branding Banner Kit,Merchant Essentials,"Store-101 (Connaught Place, Delhi)",NEW,2,599.0,119.8,1078.2,Credit Card
TXN_20240902378,2024-09-21,CUST_0471,PRD_E104,Wireless Barcode Scanner BT,Electronics,"Store-104 (Banjara Hills, Hyderabad)",RETURNING,3,1899.0,284.85,5412.15,UPI
TXN_20240902379,2024-09-21,CUST_0413,PRD_S401,Paytm Business Prime Subscription,Software & Services,"Store-105 (Park Street, Kolkata)",RETURNING,1,999.0,0.0,999.0,Paytm Wallet
TXN_20240902380,2024-09-21,CUST_0196,PRD_A203,Thermal Receipt Rolls (Pack of 10),Accessories,"Store-101 (Connaught Place, Delhi)",NEW,1,299.0,14.95,284.05,Paytm Wallet
TXN_20240902381,2024-09-21,CUST_0412,PRD_M301,Acrylic QR Standee - Dual Bank,Merchant Essentials,"Store-101 (Connaught Place, Delhi)",NEW,1,349.0,0.0,349.0,Credit Card
TXN_20240902382,2024-09-21,CUST_0093,PRD_E101,Paytm Soundbox 4.0 Pro,Electronics,"Store-104 (Banjara Hills, Hyderabad)",NEW,5,1499.0,0.0,7495.0,Paytm Wallet
TXN_20240902383,2024-09-21,CUST_0456,PRD_M301,Acrylic QR Standee - Dual Bank,Merchant Essentials,"Store-103 (BKC, Mumbai)",NEW,1,349.0,17.45,331.55,UPI
TXN_20240902384,2024-09-21,CUST_0373,PRD_E101,Paytm Soundbox 4.0 Pro,Electronics,"Store-105 (Park Street, Kolkata)",NEW,1,1499.0,149.9,1349.1,Debit Card
TXN_20240902385,2024-09-21,CUST_0107,PRD_E105,Dynamic Display QR Standee,Electronics,"Store-102 (Indiranagar, Bengaluru)",RETURNING,1,1299.0,0.0,1299.0,UPI
TXN_20240902386,2024-09-21,CUST_0134,PRD_E104,Wireless Barcode Scanner BT,Electronics,"Store-105 (Park Street, Kolkata)",RETURNING,1,1899.0,0.0,1899.0,Credit Card
TXN_20240902387,2024-09-21,CUST_0334,PRD_A203,Thermal Receipt Rolls (Pack of 10),Accessories,"Store-102 (Indiranagar, Bengaluru)",RETURNING,1,299.0,0.0,299.0,UPI
TXN_20240902388,2024-09-21,CUST_0472,PRD_E104,Wireless Barcode Scanner BT,Electronics,"Store-104 (Banjara Hills, Hyderabad)",NEW,1,1899.0,0.0,1899.0,Net Banking
TXN_20240902389,2024-09-21,CUST_0442,PRD_A202,POS Charging Cradle Dock,Accessories,"Store-104 (Banjara Hills, Hyderabad)",RETURNING,1,699.0,0.0,699.0,UPI
TXN_20240902390,2024-09-21,CUST_0083,PRD_E101,Paytm Soundbox 4.0 Pro,Electronics,"Store-103 (BKC, Mumbai)",NEW,1,1499.0,149.9,1349.1,UPI
TXN_20240902391,2024-09-21,CUST_0227,PRD_E104,Wireless Barcode Scanner BT,Electronics,"Store-101 (Connaught Place, Delhi)",NEW,1,1899.0,189.9,1709.1,UPI
TXN_20240902392,2024-09-21,CUST_0164,PRD_S403,Priority Settlement Annual Plan,Software & Services,"Store-102 (Indiranagar, Bengaluru)",NEW,2,1999.0,399.8,3598.2,UPI
TXN_20240902393,2024-09-21,CUST_0067,PRD_E103,Paytm Smart All-in-One POS,Electronics,"Store-103 (BKC, Mumbai)",NEW,1,8499.0,0.0,8499.0,UPI
TXN_20240902394,2024-09-21,CUST_0067,PRD_M304,Merchant Branding Banner Kit,Merchant Essentials,"Store-102 (Indiranagar, Bengaluru)",NEW,2,599.0,0.0,1198.0,UPI
TXN_20240902395,2024-09-21,CUST_0056,PRD_E104,Wireless Barcode Scanner BT,Electronics,"Store-103 (BKC, Mumbai)",RETURNING,1,1899.0,284.85,1614.15,UPI
TXN_20240902396,2024-09-21,CUST_0478,PRD_M301,Acrylic QR Standee - Dual Bank,Merchant Essentials,"Store-102 (Indiranagar, Bengaluru)",RETURNING,3,349.0,0.0,1047.0,UPI
TXN_20240902397,2024-09-21,CUST_0391,PRD_M303,Cash Drawer 4-Slot Auto-Open,Merchant Essentials,"Store-104 (Banjara Hills, Hyderabad)",NEW,3,2299.0,344.85,6552.15,Credit Card
TXN_20240902398,2024-09-21,CUST_0160,PRD_E105,Dynamic Display QR Standee,Electronics,"Store-103 (BKC, Mumbai)",NEW,1,1299.0,0.0,1299.0,UPI
TXN_20240902399,2024-09-21,CUST_0091,PRD_E103,Paytm Smart All-in-One POS,Electronics,"Store-101 (Connaught Place, Delhi)",RETURNING,1,8499.0,849.9,7649.1,Debit Card
TXN_20240902400,2024-09-21,CUST_0129,PRD_A202,POS Charging Cradle Dock,Accessories,"Store-105 (Park Street, Kolkata)",NEW,1,699.0,104.85,594.15,UPI
TXN_20240902401,2024-09-21,CUST_0464,PRD_S403,Priority Settlement Annual Plan,Software & Services,"Store-101 (Connaught Place, Delhi)",RETURNING,1,1999.0,299.85,1699.15,UPI
TXN_20240902402,2024-09-21,CUST_0254,PRD_S403,Priority Settlement Annual Plan,Software & Services,"Store-102 (Indiranagar, Bengaluru)",RETURNING,2,1999.0,199.9,3798.1,Net Banking
TXN_20240902403,2024-09-21,CUST_0184,PRD_E105,Dynamic Display QR Standee,Electronics,"Store-101 (Connaught Place, Delhi)",NEW,3,1299.0,0.0,3897.0,UPI
TXN_20240902404,2024-09-21,CUST_0368,PRD_E105,Dynamic Display QR Standee,Electronics,"Store-103 (BKC, Mumbai)",RETURNING,2,1299.0,0.0,2598.0,UPI
TXN_20240902405,2024-09-21,CUST_0057,PRD_S401,Paytm Business Prime Subscription,Software & Services,"Store-101 (Connaught Place, Delhi)",NEW,1,999.0,0.0,999.0,Credit Card
TXN_20240902406,2024-09-21,CUST_0453,PRD_E105,Dynamic Display QR Standee,Electronics,"Store-102 (Indiranagar, Bengaluru)",NEW,1,1299.0,64.95,1234.05,Credit Card
TXN_20240902407,2024-09-21,CUST_0444,PRD_M302,Voice Box Mounting Bracket,Merchant Essentials,"Store-101 (Connaught Place, Delhi)",RETURNING,1,249.0,24.9,224.1,UPI
TXN_20240902408,2024-09-21,CUST_0136,PRD_S402,Automated Tally Accounting Sync,Software & Services,"Store-102 (Indiranagar, Bengaluru)",RETURNING,2,1499.0,149.9,2848.1,Debit Card
TXN_20240902409,2024-09-21,CUST_0258,PRD_E104,Wireless Barcode Scanner BT,Electronics,"Store-103 (BKC, Mumbai)",NEW,1,1899.0,189.9,1709.1,Paytm Wallet
TXN_20240902410,2024-09-21,CUST_0025,PRD_E101,Paytm Soundbox 4.0 Pro,Electronics,"Store-104 (Banjara Hills, Hyderabad)",NEW,1,1499.0,74.95,1424.05,UPI
TXN_20240902411,2024-09-21,CUST_0240,PRD_E104,Wireless Barcode Scanner BT,Electronics,"Store-102 (Indiranagar, Bengaluru)",NEW,2,1899.0,379.8,3418.2,UPI
TXN_20240902412,2024-09-21,CUST_0072,PRD_S402,Automated Tally Accounting Sync,Software & Services,"Store-102 (Indiranagar, Bengaluru)",RETURNING,3,1499.0,0.0,4497.0,UPI
TXN_20240902413,2024-09-21,CUST_0392,PRD_M302,Voice Box Mounting Bracket,Merchant Essentials,"Store-104 (Banjara Hills, Hyderabad)",RETURNING,1,249.0,24.9,224.1,UPI
TXN_20240902414,2024-09-21,CUST_0225,PRD_S401,Paytm Business Prime Subscription,Software & Services,"Store-104 (Banjara Hills, Hyderabad)",RETURNING,3,999.0,0.0,2997.0,Credit Card
TXN_20240902415,2024-09-21,CUST_0381,PRD_E102,Paytm Card POS Terminal Neo,Electronics,"Store-102 (Indiranagar, Bengaluru)",NEW,1,4999.0,499.9,4499.1,Credit Card
TXN_20240902416,2024-09-21,CUST_0195,PRD_M301,Acrylic QR Standee - Dual Bank,Merchant Essentials,"Store-101 (Connaught Place, Delhi)",NEW,2,349.0,0.0,698.0,UPI
TXN_20240902417,2024-09-21,CUST_0278,PRD_E101,Paytm Soundbox 4.0 Pro,Electronics,"Store-101 (Connaught Place, Delhi)",RETURNING,1,1499.0,0.0,1499.0,UPI
TXN_20240902418,2024-09-21,CUST_0169,PRD_M302,Voice Box Mounting Bracket,Merchant Essentials,"Store-102 (Indiranagar, Bengaluru)",NEW,1,249.0,12.45,236.55,Debit Card
TXN_20240902419,2024-09-21,CUST_0118,PRD_E104,Wireless Barcode Scanner BT,Electronics,"Store-105 (Park Street, Kolkata)",RETURNING,2,1899.0,189.9,3608.1,UPI
TXN_20240902420,2024-09-21,CUST_0435,PRD_E103,Paytm Smart All-in-One POS,Electronics,"Store-103 (BKC, Mumbai)",NEW,1,8499.0,849.9,7649.1,Debit Card
TXN_20240902421,2024-09-21,CUST_0404,PRD_A205,Bluetooth Audio Dongle Mini,Accessories,"Store-101 (Connaught Place, Delhi)",RETURNING,1,399.0,0.0,399.0,UPI
TXN_20240902422,2024-09-21,CUST_0147,PRD_A201,Soundbox Replacement Battery,Accessories,"Store-101 (Connaught Place, Delhi)",RETURNING,2,499.0,0.0,998.0,UPI
TXN_20240902423,2024-09-21,CUST_0470,PRD_M301,Acrylic QR Standee - Dual Bank,Merchant Essentials,"Store-103 (BKC, Mumbai)",NEW,1,349.0,0.0,349.0,Debit Card
TXN_20240902424,2024-09-21,CUST_0108,PRD_M303,Cash Drawer 4-Slot Auto-Open,Merchant Essentials,"Store-103 (BKC, Mumbai)",RETURNING,1,2299.0,114.95,2184.05,UPI
TXN_20240902425,2024-09-21,CUST_0402,PRD_A202,POS Charging Cradle Dock,Accessories,"Store-101 (Connaught Place, Delhi)",RETURNING,1,699.0,104.85,594.15,Credit Card
TXN_20240902426,2024-09-21,CUST_0165,PRD_E103,Paytm Smart All-in-One POS,Electronics,"Store-105 (Park Street, Kolkata)",RETURNING,1,8499.0,1274.85,7224.15,UPI
TXN_20240902427,2024-09-21,CUST_0131,PRD_M304,Merchant Branding Banner Kit,Merchant Essentials,"Store-104 (Banjara Hills, Hyderabad)",NEW,2,599.0,59.9,1138.1,UPI
TXN_20240902428,2024-09-21,CUST_0301,PRD_A201,Soundbox Replacement Battery,Accessories,"Store-102 (Indiranagar, Bengaluru)",RETURNING,2,499.0,49.9,948.1,UPI
TXN_20240902429,2024-09-21,CUST_0162,PRD_E105,Dynamic Display QR Standee,Electronics,"Store-102 (Indiranagar, Bengaluru)",NEW,2,1299.0,0.0,2598.0,Debit Card
TXN_20240902430,2024-09-21,CUST_0349,PRD_E102,Paytm Card POS Terminal Neo,Electronics,"Store-104 (Banjara Hills, Hyderabad)",RETURNING,1,4999.0,499.9,4499.1,Paytm Wallet
TXN_20240902431,2024-09-21,CUST_0277,PRD_M302,Voice Box Mounting Bracket,Merchant Essentials,"Store-104 (Banjara Hills, Hyderabad)",NEW,1,249.0,0.0,249.0,UPI
TXN_20240902432,2024-09-21,CUST_0105,PRD_M304,Merchant Branding Banner Kit,Merchant Essentials,"Store-102 (Indiranagar, Bengaluru)",NEW,1,599.0,0.0,599.0,UPI
TXN_20240902433,2024-09-21,CUST_0291,PRD_M303,Cash Drawer 4-Slot Auto-Open,Merchant Essentials,"Store-102 (Indiranagar, Bengaluru)",RETURNING,3,2299.0,344.85,6552.15,UPI
TXN_20240902434,2024-09-21,CUST_0201,PRD_S401,Paytm Business Prime Subscription,Software & Services,"Store-102 (Indiranagar, Bengaluru)",RETURNING,3,999.0,449.55,2547.45,UPI
TXN_20240902435,2024-09-21,CUST_0264,PRD_S402,Automated Tally Accounting Sync,Software & Services,"Store-105 (Park Street, Kolkata)",NEW,1,1499.0,0.0,1499.0,UPI
TXN_20240902436,2024-09-21,CUST_0023,PRD_M303,Cash Drawer 4-Slot Auto-Open,Merchant Essentials,"Store-101 (Connaught Place, Delhi)",RETURNING,2,2299.0,0.0,4598.0,UPI
TXN_20240902437,2024-09-21,CUST_0268,PRD_E104,Wireless Barcode Scanner BT,Electronics,"Store-104 (Banjara Hills, Hyderabad)",RETURNING,2,1899.0,0.0,3798.0,Debit Card
TXN_20240902438,2024-09-21,CUST_0306,PRD_M301,Acrylic QR Standee - Dual Bank,Merchant Essentials,"Store-105 (Park Street, Kolkata)",RETURNING,2,349.0,34.9,663.1,UPI
TXN_20240902439,2024-09-21,CUST_0281,PRD_E101,Paytm Soundbox 4.0 Pro,Electronics,"Store-103 (BKC, Mumbai)",NEW,1,1499.0,0.0,1499.0,UPI
TXN_20240902440,2024-09-21,CUST_0032,PRD_S401,Paytm Business Prime Subscription,Software & Services,"Store-102 (Indiranagar, Bengaluru)",NEW,2,999.0,0.0,1998.0,UPI
TXN_20240902441,2024-09-21,CUST_0125,PRD_A205,Bluetooth Audio Dongle Mini,Accessories,"Store-101 (Connaught Place, Delhi)",RETURNING,1,399.0,39.9,359.1,UPI
TXN_20240902442,2024-09-21,CUST_0401,PRD_M302,Voice Box Mounting Bracket,Merchant Essentials,"Store-105 (Park Street, Kolkata)",RETURNING,2,249.0,0.0,498.0,Debit Card
TXN_20240902443,2024-09-21,CUST_0302,PRD_E104,Wireless Barcode Scanner BT,Electronics,"Store-101 (Connaught Place, Delhi)",NEW,1,1899.0,0.0,1899.0,Debit Card
TXN_20240902444,2024-09-21,CUST_0009,PRD_E105,Dynamic Display QR Standee,Electronics,"Store-104 (Banjara Hills, Hyderabad)",RETURNING,3,1299.0,389.7,3507.3,UPI
TXN_20240902445,2024-09-21,CUST_0169,PRD_S402,Automated Tally Accounting Sync,Software & Services,"Store-105 (Park Street, Kolkata)",NEW,1,1499.0,149.9,1349.1,UPI
TXN_20240902446,2024-09-21,CUST_0463,PRD_M301,Acrylic QR Standee - Dual Bank,Merchant Essentials,"Store-104 (Banjara Hills, Hyderabad)",RETURNING,1,349.0,0.0,349.0,UPI
TXN_20240902447,2024-09-21,CUST_0038,PRD_E101,Paytm Soundbox 4.0 Pro,Electronics,"Store-104 (Banjara Hills, Hyderabad)",RETURNING,2,1499.0,0.0,2998.0,UPI
TXN_20240902448,2024-09-21,CUST_0431,PRD_S401,Paytm Business Prime Subscription,Software & Services,"Store-102 (Indiranagar, Bengaluru)",RETURNING,6,999.0,0.0,5994.0,UPI
TXN_20240902449,2024-09-21,CUST_0205,PRD_A204,Heavy Duty POS Lanyard Strap,Accessories,"Store-105 (Park Street, Kolkata)",NEW,1,149.0,7.45,141.55,UPI
TXN_20240902450,2024-09-21,CUST_0315,PRD_E101,Paytm Soundbox 4.0 Pro,Electronics,"Store-105 (Park Street, Kolkata)",NEW,2,1499.0,0.0,2998.0,UPI
TXN_20240902451,2024-09-21,CUST_0151,PRD_A202,POS Charging Cradle Dock,Accessories,"Store-104 (Banjara Hills, Hyderabad)",RETURNING,1,699.0,34.95,664.05,UPI
TXN_20240902452,2024-09-21,CUST_0311,PRD_E105,Dynamic Display QR Standee,Electronics,"Store-101 (Connaught Place, Delhi)",NEW,1,1299.0,64.95,1234.05,Credit Card
TXN_20240902453,2024-09-21,CUST_0267,PRD_S401,Paytm Business Prime Subscription,Software & Services,"Store-105 (Park Street, Kolkata)",RETURNING,1,999.0,49.95,949.05,Credit Card
TXN_20240902454,2024-09-21,CUST_0401,PRD_A204,Heavy Duty POS Lanyard Strap,Accessories,"Store-103 (BKC, Mumbai)",RETURNING,1,149.0,0.0,149.0,UPI
TXN_20240902455,2024-09-21,CUST_0433,PRD_E101,Paytm Soundbox 4.0 Pro,Electronics,"Store-104 (Banjara Hills, Hyderabad)",NEW,2,1499.0,0.0,2998.0,Credit Card
TXN_20240902456,2024-09-21,CUST_0065,PRD_E101,Paytm Soundbox 4.0 Pro,Electronics,"Store-101 (Connaught Place, Delhi)",RETURNING,1,1499.0,149.9,1349.1,UPI
TXN_20240902457,2024-09-21,CUST_0435,PRD_S403,Priority Settlement Annual Plan,Software & Services,"Store-105 (Park Street, Kolkata)",NEW,1,1999.0,199.9,1799.1,UPI
TXN_20240902458,2024-09-21,CUST_0008,PRD_E104,Wireless Barcode Scanner BT,Electronics,"Store-101 (Connaught Place, Delhi)",NEW,1,1899.0,0.0,1899.0,Paytm Wallet
TXN_20240902459,2024-09-21,CUST_0460,PRD_A203,Thermal Receipt Rolls (Pack of 10),Accessories,"Store-102 (Indiranagar, Bengaluru)",RETURNING,3,299.0,0.0,897.0,UPI
TXN_20240902460,2024-09-21,CUST_0498,PRD_S402,Automated Tally Accounting Sync,Software & Services,"Store-104 (Banjara Hills, Hyderabad)",RETURNING,1,1499.0,0.0,1499.0,Credit Card
TXN_20240902461,2024-09-21,CUST_0250,PRD_E103,Paytm Smart All-in-One POS,Electronics,"Store-105 (Park Street, Kolkata)",NEW,1,8499.0,0.0,8499.0,UPI
TXN_20240902462,2024-09-21,CUST_0409,PRD_M304,Merchant Branding Banner Kit,Merchant Essentials,"Store-105 (Park Street, Kolkata)",NEW,1,599.0,0.0,599.0,Credit Card
TXN_20240902463,2024-09-22,CUST_0482,PRD_E102,Paytm Card POS Terminal Neo,Electronics,"Store-103 (BKC, Mumbai)",RETURNING,2,4999.0,5998.8,3999.2,UPI
TXN_20240902464,2024-09-22,CUST_0039,PRD_E105,Dynamic Display QR Standee,Electronics,"Store-103 (BKC, Mumbai)",RETURNING,1,1299.0,584.55,714.45,Debit Card
TXN_20240902465,2024-09-22,CUST_0178,PRD_M301,Acrylic QR Standee - Dual Bank,Merchant Essentials,"Store-103 (BKC, Mumbai)",NEW,1,349.0,34.9,314.1,UPI
TXN_20240902466,2024-09-22,CUST_0400,PRD_A201,Soundbox Replacement Battery,Accessories,"Store-101 (Connaught Place, Delhi)",NEW,2,499.0,0.0,998.0,Debit Card
TXN_20240902467,2024-09-22,CUST_0188,PRD_E105,Dynamic Display QR Standee,Electronics,"Store-101 (Connaught Place, Delhi)",NEW,1,1299.0,844.35,454.65,UPI
TXN_20240902468,2024-09-22,CUST_0324,PRD_E105,Dynamic Display QR Standee,Electronics,"Store-103 (BKC, Mumbai)",NEW,1,1299.0,779.4,519.6,UPI
TXN_20240902469,2024-09-22,CUST_0424,PRD_E102,Paytm Card POS Terminal Neo,Electronics,"Store-104 (Banjara Hills, Hyderabad)",NEW,5,4999.0,16246.75,8748.25,Credit Card
TXN_20240902470,2024-09-22,CUST_0455,PRD_M302,Voice Box Mounting Bracket,Merchant Essentials,"Store-103 (BKC, Mumbai)",RETURNING,2,249.0,24.9,473.1,Paytm Wallet
TXN_20240902471,2024-09-22,CUST_0419,PRD_A201,Soundbox Replacement Battery,Accessories,"Store-102 (Indiranagar, Bengaluru)",NEW,1,499.0,24.95,474.05,UPI
TXN_20240902472,2024-09-22,CUST_0070,PRD_S403,Priority Settlement Annual Plan,Software & Services,"Store-101 (Connaught Place, Delhi)",RETURNING,1,1999.0,299.85,1699.15,Debit Card
TXN_20240902473,2024-09-22,CUST_0192,PRD_E101,Paytm Soundbox 4.0 Pro,Electronics,"Store-101 (Connaught Place, Delhi)",NEW,1,1499.0,974.35,524.65,Credit Card
TXN_20240902474,2024-09-22,CUST_0386,PRD_S402,Automated Tally Accounting Sync,Software & Services,"Store-101 (Connaught Place, Delhi)",RETURNING,1,1499.0,0.0,1499.0,UPI
TXN_20240902475,2024-09-22,CUST_0238,PRD_S401,Paytm Business Prime Subscription,Software & Services,"Store-101 (Connaught Place, Delhi)",RETURNING,5,999.0,0.0,4995.0,UPI
TXN_20240902476,2024-09-22,CUST_0383,PRD_M304,Merchant Branding Banner Kit,Merchant Essentials,"Store-103 (BKC, Mumbai)",NEW,1,599.0,59.9,539.1,Debit Card
TXN_20240902477,2024-09-22,CUST_0028,PRD_M303,Cash Drawer 4-Slot Auto-Open,Merchant Essentials,"Store-102 (Indiranagar, Bengaluru)",RETURNING,2,2299.0,0.0,4598.0,UPI
TXN_20240902478,2024-09-22,CUST_0161,PRD_M301,Acrylic QR Standee - Dual Bank,Merchant Essentials,"Store-101 (Connaught Place, Delhi)",RETURNING,3,349.0,52.35,994.65,Paytm Wallet
TXN_20240902479,2024-09-22,CUST_0045,PRD_M304,Merchant Branding Banner Kit,Merchant Essentials,"Store-105 (Park Street, Kolkata)",RETURNING,2,599.0,0.0,1198.0,UPI
TXN_20240902480,2024-09-22,CUST_0416,PRD_A205,Bluetooth Audio Dongle Mini,Accessories,"Store-105 (Park Street, Kolkata)",RETURNING,1,399.0,19.95,379.05,UPI
TXN_20240902481,2024-09-22,CUST_0440,PRD_E105,Dynamic Display QR Standee,Electronics,"Store-102 (Indiranagar, Bengaluru)",RETURNING,1,1299.0,584.55,714.45,UPI
TXN_20240902482,2024-09-22,CUST_0376,PRD_E101,Paytm Soundbox 4.0 Pro,Electronics,"Store-105 (Park Street, Kolkata)",RETURNING,2,1499.0,1798.8,1199.2,UPI
TXN_20240902483,2024-09-22,CUST_0160,PRD_M303,Cash Drawer 4-Slot Auto-Open,Merchant Essentials,"Store-101 (Connaught Place, Delhi)",NEW,1,2299.0,229.9,2069.1,Debit Card
TXN_20240902484,2024-09-22,CUST_0019,PRD_E103,Paytm Smart All-in-One POS,Electronics,"Store-101 (Connaught Place, Delhi)",RETURNING,1,8499.0,5099.4,3399.6,UPI
TXN_20240902485,2024-09-22,CUST_0094,PRD_E101,Paytm Soundbox 4.0 Pro,Electronics,"Store-103 (BKC, Mumbai)",RETURNING,1,1499.0,899.4,599.6,UPI
TXN_20240902486,2024-09-22,CUST_0269,PRD_M302,Voice Box Mounting Bracket,Merchant Essentials,"Store-102 (Indiranagar, Bengaluru)",NEW,1,249.0,37.35,211.65,UPI
TXN_20240902487,2024-09-22,CUST_0031,PRD_E105,Dynamic Display QR Standee,Electronics,"Store-103 (BKC, Mumbai)",NEW,3,1299.0,2533.05,1363.95,UPI
TXN_20240902488,2024-09-22,CUST_0100,PRD_A203,Thermal Receipt Rolls (Pack of 10),Accessories,"Store-102 (Indiranagar, Bengaluru)",RETURNING,5,299.0,149.5,1345.5,Paytm Wallet
TXN_20240902489,2024-09-22,CUST_0258,PRD_E102,Paytm Card POS Terminal Neo,Electronics,"Store-103 (BKC, Mumbai)",NEW,3,4999.0,6748.65,8248.35,UPI
TXN_20240902490,2024-09-22,CUST_0409,PRD_S401,Paytm Business Prime Subscription,Software & Services,"Store-103 (BKC, Mumbai)",NEW,1,999.0,0.0,999.0,UPI
TXN_20240902491,2024-09-22,CUST_0172,PRD_E101,Paytm Soundbox 4.0 Pro,Electronics,"Store-104 (Banjara Hills, Hyderabad)",NEW,2,1499.0,1798.8,1199.2,UPI
TXN_20240902492,2024-09-22,CUST_0318,PRD_E104,Wireless Barcode Scanner BT,Electronics,"Store-101 (Connaught Place, Delhi)",NEW,1,1899.0,854.55,1044.45,Credit Card
TXN_20240902493,2024-09-22,CUST_0374,PRD_M303,Cash Drawer 4-Slot Auto-Open,Merchant Essentials,"Store-105 (Park Street, Kolkata)",RETURNING,1,2299.0,344.85,1954.15,UPI
TXN_20240902494,2024-09-22,CUST_0022,PRD_E105,Dynamic Display QR Standee,Electronics,"Store-103 (BKC, Mumbai)",NEW,1,1299.0,844.35,454.65,UPI
TXN_20240902495,2024-09-22,CUST_0120,PRD_E102,Paytm Card POS Terminal Neo,Electronics,"Store-101 (Connaught Place, Delhi)",NEW,5,4999.0,16246.75,8748.25,Paytm Wallet
TXN_20240902496,2024-09-22,CUST_0049,PRD_A204,Heavy Duty POS Lanyard Strap,Accessories,"Store-101 (Connaught Place, Delhi)",RETURNING,1,149.0,7.45,141.55,UPI
TXN_20240902497,2024-09-22,CUST_0200,PRD_E101,Paytm Soundbox 4.0 Pro,Electronics,"Store-102 (Indiranagar, Bengaluru)",RETURNING,2,1499.0,1798.8,1199.2,Net Banking
TXN_20240902498,2024-09-22,CUST_0162,PRD_M303,Cash Drawer 4-Slot Auto-Open,Merchant Essentials,"Store-103 (BKC, Mumbai)",NEW,1,2299.0,0.0,2299.0,UPI
TXN_20240902499,2024-09-22,CUST_0001,PRD_S401,Paytm Business Prime Subscription,Software & Services,"Store-102 (Indiranagar, Bengaluru)",NEW,1,999.0,149.85,849.15,Debit Card
TXN_20240902500,2024-09-22,CUST_0461,PRD_A203,Thermal Receipt Rolls (Pack of 10),Accessories,"Store-101 (Connaught Place, Delhi)",RETURNING,1,299.0,29.9,269.1,Credit Card
TXN_20240902501,2024-09-22,CUST_0026,PRD_E101,Paytm Soundbox 4.0 Pro,Electronics,"Store-101 (Connaught Place, Delhi)",RETURNING,1,1499.0,899.4,599.6,Paytm Wallet
TXN_20240902502,2024-09-22,CUST_0336,PRD_M301,Acrylic QR Standee - Dual Bank,Merchant Essentials,"Store-105 (Park Street, Kolkata)",NEW,1,349.0,17.45,331.55,Credit Card
TXN_20240902503,2024-09-22,CUST_0017,PRD_E105,Dynamic Display QR Standee,Electronics,"Store-101 (Connaught Place, Delhi)",RETURNING,3,1299.0,2533.05,1363.95,UPI
TXN_20240902504,2024-09-22,CUST_0067,PRD_E105,Dynamic Display QR Standee,Electronics,"Store-105 (Park Street, Kolkata)",NEW,1,1299.0,844.35,454.65,Credit Card
TXN_20240902505,2024-09-22,CUST_0188,PRD_A205,Bluetooth Audio Dongle Mini,Accessories,"Store-102 (Indiranagar, Bengaluru)",NEW,1,399.0,39.9,359.1,UPI
TXN_20240902506,2024-09-22,CUST_0202,PRD_E103,Paytm Smart All-in-One POS,Electronics,"Store-105 (Park Street, Kolkata)",RETURNING,1,8499.0,3824.55,4674.45,Credit Card
TXN_20240902507,2024-09-22,CUST_0297,PRD_E102,Paytm Card POS Terminal Neo,Electronics,"Store-103 (BKC, Mumbai)",RETURNING,1,4999.0,2999.4,1999.6,UPI
TXN_20240902508,2024-09-22,CUST_0314,PRD_M301,Acrylic QR Standee - Dual Bank,Merchant Essentials,"Store-103 (BKC, Mumbai)",NEW,1,349.0,17.45,331.55,Credit Card
TXN_20240902509,2024-09-22,CUST_0466,PRD_E101,Paytm Soundbox 4.0 Pro,Electronics,"Store-102 (Indiranagar, Bengaluru)",RETURNING,5,1499.0,3372.75,4122.25,Paytm Wallet
TXN_20240902510,2024-09-22,CUST_0184,PRD_E104,Wireless Barcode Scanner BT,Electronics,"Store-102 (Indiranagar, Bengaluru)",NEW,2,1899.0,2278.8,1519.2,UPI
TXN_20240902511,2024-09-22,CUST_0186,PRD_E104,Wireless Barcode Scanner BT,Electronics,"Store-101 (Connaught Place, Delhi)",NEW,1,1899.0,1234.35,664.65,Paytm Wallet
TXN_20240902512,2024-09-22,CUST_0007,PRD_A205,Bluetooth Audio Dongle Mini,Accessories,"Store-104 (Banjara Hills, Hyderabad)",RETURNING,1,399.0,59.85,339.15,UPI
TXN_20240902513,2024-09-22,CUST_0038,PRD_A202,POS Charging Cradle Dock,Accessories,"Store-104 (Banjara Hills, Hyderabad)",RETURNING,2,699.0,69.9,1328.1,UPI
TXN_20240902514,2024-09-22,CUST_0246,PRD_A201,Soundbox Replacement Battery,Accessories,"Store-102 (Indiranagar, Bengaluru)",RETURNING,1,499.0,24.95,474.05,Credit Card
TXN_20240902515,2024-09-22,CUST_0148,PRD_E104,Wireless Barcode Scanner BT,Electronics,"Store-103 (BKC, Mumbai)",NEW,2,1899.0,2278.8,1519.2,UPI
TXN_20240902516,2024-09-22,CUST_0194,PRD_M302,Voice Box Mounting Bracket,Merchant Essentials,"Store-102 (Indiranagar, Bengaluru)",RETURNING,2,249.0,0.0,498.0,UPI
TXN_20240902517,2024-09-22,CUST_0006,PRD_E101,Paytm Soundbox 4.0 Pro,Electronics,"Store-102 (Indiranagar, Bengaluru)",RETURNING,5,1499.0,4497.0,2998.0,UPI
TXN_20240902518,2024-09-22,CUST_0055,PRD_E105,Dynamic Display QR Standee,Electronics,"Store-103 (BKC, Mumbai)",RETURNING,2,1299.0,1688.7,909.3,Credit Card
TXN_20240902519,2024-09-22,CUST_0077,PRD_E103,Paytm Smart All-in-One POS,Electronics,"Store-102 (Indiranagar, Bengaluru)",RETURNING,1,8499.0,5524.35,2974.65,Debit Card
TXN_20240902520,2024-09-22,CUST_0293,PRD_E101,Paytm Soundbox 4.0 Pro,Electronics,"Store-104 (Banjara Hills, Hyderabad)",RETURNING,3,1499.0,2923.05,1573.95,Debit Card
TXN_20240902521,2024-09-22,CUST_0277,PRD_A202,POS Charging Cradle Dock,Accessories,"Store-104 (Banjara Hills, Hyderabad)",NEW,1,699.0,0.0,699.0,UPI
TXN_20240902522,2024-09-22,CUST_0463,PRD_E102,Paytm Card POS Terminal Neo,Electronics,"Store-104 (Banjara Hills, Hyderabad)",RETURNING,2,4999.0,4499.1,5498.9,UPI
TXN_20240902523,2024-09-22,CUST_0348,PRD_E104,Wireless Barcode Scanner BT,Electronics,"Store-104 (Banjara Hills, Hyderabad)",RETURNING,1,1899.0,1234.35,664.65,UPI
TXN_20240902524,2024-09-22,CUST_0439,PRD_A203,Thermal Receipt Rolls (Pack of 10),Accessories,"Store-102 (Indiranagar, Bengaluru)",NEW,1,299.0,14.95,284.05,Credit Card
TXN_20240902525,2024-09-22,CUST_0217,PRD_E104,Wireless Barcode Scanner BT,Electronics,"Store-104 (Banjara Hills, Hyderabad)",NEW,1,1899.0,854.55,1044.45,UPI
TXN_20240902526,2024-09-22,CUST_0412,PRD_S401,Paytm Business Prime Subscription,Software & Services,"Store-101 (Connaught Place, Delhi)",NEW,2,999.0,0.0,1998.0,UPI
TXN_20240902527,2024-09-22,CUST_0267,PRD_E102,Paytm Card POS Terminal Neo,Electronics,"Store-103 (BKC, Mumbai)",RETURNING,1,4999.0,3249.35,1749.65,UPI
TXN_20240902528,2024-09-22,CUST_0465,PRD_E105,Dynamic Display QR Standee,Electronics,"Store-101 (Connaught Place, Delhi)",NEW,2,1299.0,1169.1,1428.9,Credit Card
TXN_20240902529,2024-09-22,CUST_0282,PRD_E101,Paytm Soundbox 4.0 Pro,Electronics,"Store-102 (Indiranagar, Bengaluru)",RETURNING,1,1499.0,974.35,524.65,Credit Card
TXN_20240902530,2024-09-22,CUST_0088,PRD_E101,Paytm Soundbox 4.0 Pro,Electronics,"Store-105 (Park Street, Kolkata)",NEW,2,1499.0,1798.8,1199.2,Credit Card
TXN_20240902531,2024-09-22,CUST_0352,PRD_E104,Wireless Barcode Scanner BT,Electronics,"Store-101 (Connaught Place, Delhi)",RETURNING,1,1899.0,854.55,1044.45,UPI
TXN_20240902532,2024-09-22,CUST_0171,PRD_A202,POS Charging Cradle Dock,Accessories,"Store-101 (Connaught Place, Delhi)",NEW,1,699.0,69.9,629.1,Credit Card
TXN_20240902533,2024-09-22,CUST_0238,PRD_M301,Acrylic QR Standee - Dual Bank,Merchant Essentials,"Store-104 (Banjara Hills, Hyderabad)",RETURNING,1,349.0,0.0,349.0,UPI
TXN_20240902534,2024-09-22,CUST_0363,PRD_E101,Paytm Soundbox 4.0 Pro,Electronics,"Store-103 (BKC, Mumbai)",RETURNING,2,1499.0,1948.7,1049.3,Credit Card
TXN_20240902535,2024-09-22,CUST_0111,PRD_E101,Paytm Soundbox 4.0 Pro,Electronics,"Store-104 (Banjara Hills, Hyderabad)",RETURNING,2,1499.0,1798.8,1199.2,Net Banking
TXN_20240902536,2024-09-22,CUST_0412,PRD_A201,Soundbox Replacement Battery,Accessories,"Store-103 (BKC, Mumbai)",NEW,3,499.0,0.0,1497.0,UPI
TXN_20240902537,2024-09-22,CUST_0050,PRD_S403,Priority Settlement Annual Plan,Software & Services,"Store-102 (Indiranagar, Bengaluru)",RETURNING,1,1999.0,0.0,1999.0,UPI
TXN_20240902538,2024-09-22,CUST_0283,PRD_E103,Paytm Smart All-in-One POS,Electronics,"Store-103 (BKC, Mumbai)",NEW,1,8499.0,3824.55,4674.45,UPI
TXN_20240902539,2024-09-22,CUST_0485,PRD_E102,Paytm Card POS Terminal Neo,Electronics,"Store-103 (BKC, Mumbai)",RETURNING,1,4999.0,3249.35,1749.65,UPI
TXN_20240902540,2024-09-22,CUST_0068,PRD_S402,Automated Tally Accounting Sync,Software & Services,"Store-105 (Park Street, Kolkata)",NEW,1,1499.0,0.0,1499.0,Paytm Wallet
TXN_20240902541,2024-09-22,CUST_0490,PRD_E104,Wireless Barcode Scanner BT,Electronics,"Store-105 (Park Street, Kolkata)",RETURNING,1,1899.0,1234.35,664.65,Credit Card
TXN_20240902542,2024-09-22,CUST_0007,PRD_E102,Paytm Card POS Terminal Neo,Electronics,"Store-102 (Indiranagar, Bengaluru)",RETURNING,3,4999.0,6748.65,8248.35,UPI
TXN_20240902543,2024-09-22,CUST_0068,PRD_E102,Paytm Card POS Terminal Neo,Electronics,"Store-104 (Banjara Hills, Hyderabad)",NEW,1,4999.0,2249.55,2749.45,Credit Card
TXN_20240902544,2024-09-22,CUST_0053,PRD_E103,Paytm Smart All-in-One POS,Electronics,"Store-102 (Indiranagar, Bengaluru)",RETURNING,1,8499.0,3824.55,4674.45,UPI
TXN_20240902545,2024-09-22,CUST_0454,PRD_E101,Paytm Soundbox 4.0 Pro,Electronics,"Store-103 (BKC, Mumbai)",NEW,1,1499.0,674.55,824.45,UPI
TXN_20240902546,2024-09-22,CUST_0407,PRD_A204,Heavy Duty POS Lanyard Strap,Accessories,"Store-104 (Banjara Hills, Hyderabad)",RETURNING,1,149.0,22.35,126.65,UPI
TXN_20240902547,2024-09-22,CUST_0276,PRD_E103,Paytm Smart All-in-One POS,Electronics,"Store-101 (Connaught Place, Delhi)",RETURNING,1,8499.0,3824.55,4674.45,UPI
TXN_20240902548,2024-09-22,CUST_0453,PRD_M303,Cash Drawer 4-Slot Auto-Open,Merchant Essentials,"Store-101 (Connaught Place, Delhi)",NEW,1,2299.0,0.0,2299.0,Credit Card
TXN_20240902549,2024-09-22,CUST_0441,PRD_S402,Automated Tally Accounting Sync,Software & Services,"Store-105 (Park Street, Kolkata)",RETURNING,1,1499.0,0.0,1499.0,Debit Card
TXN_20240902550,2024-09-22,CUST_0135,PRD_E103,Paytm Smart All-in-One POS,Electronics,"Store-105 (Park Street, Kolkata)",RETURNING,3,8499.0,11473.65,14023.35,UPI
TXN_20240902551,2024-09-22,CUST_0042,PRD_M303,Cash Drawer 4-Slot Auto-Open,Merchant Essentials,"Store-102 (Indiranagar, Bengaluru)",RETURNING,3,2299.0,0.0,6897.0,UPI
TXN_20240902552,2024-09-22,CUST_0208,PRD_A202,POS Charging Cradle Dock,Accessories,"Store-103 (BKC, Mumbai)",RETURNING,3,699.0,314.55,1782.45,UPI
TXN_20240902553,2024-09-22,CUST_0489,PRD_M302,Voice Box Mounting Bracket,Merchant Essentials,"Store-101 (Connaught Place, Delhi)",NEW,1,249.0,12.45,236.55,Paytm Wallet
TXN_20240902554,2024-09-22,CUST_0044,PRD_A203,Thermal Receipt Rolls (Pack of 10),Accessories,"Store-104 (Banjara Hills, Hyderabad)",RETURNING,2,299.0,29.9,568.1,Debit Card
TXN_20240902555,2024-09-22,CUST_0402,PRD_E103,Paytm Smart All-in-One POS,Electronics,"Store-101 (Connaught Place, Delhi)",RETURNING,1,8499.0,5524.35,2974.65,UPI
TXN_20240902556,2024-09-22,CUST_0395,PRD_E102,Paytm Card POS Terminal Neo,Electronics,"Store-102 (Indiranagar, Bengaluru)",RETURNING,1,4999.0,3249.35,1749.65,UPI
TXN_20240902557,2024-09-22,CUST_0233,PRD_E102,Paytm Card POS Terminal Neo,Electronics,"Store-102 (Indiranagar, Bengaluru)",RETURNING,1,4999.0,2249.55,2749.45,UPI
TXN_20240902558,2024-09-22,CUST_0076,PRD_E103,Paytm Smart All-in-One POS,Electronics,"Store-104 (Banjara Hills, Hyderabad)",NEW,1,8499.0,5524.35,2974.65,UPI
TXN_20240902559,2024-09-22,CUST_0336,PRD_A202,POS Charging Cradle Dock,Accessories,"Store-103 (BKC, Mumbai)",NEW,1,699.0,0.0,699.0,Credit Card
TXN_20240902560,2024-09-22,CUST_0436,PRD_A201,Soundbox Replacement Battery,Accessories,"Store-101 (Connaught Place, Delhi)",NEW,1,499.0,24.95,474.05,Paytm Wallet
TXN_20240902561,2024-09-22,CUST_0487,PRD_M301,Acrylic QR Standee - Dual Bank,Merchant Essentials,"Store-101 (Connaught Place, Delhi)",RETURNING,1,349.0,0.0,349.0,UPI
TXN_20240902562,2024-09-22,CUST_0160,PRD_S401,Paytm Business Prime Subscription,Software & Services,"Store-101 (Connaught Place, Delhi)",NEW,1,999.0,49.95,949.05,UPI
TXN_20240902563,2024-09-22,CUST_0113,PRD_E103,Paytm Smart All-in-One POS,Electronics,"Store-103 (BKC, Mumbai)",RETURNING,2,8499.0,10198.8,6799.2,Paytm Wallet
TXN_20240902564,2024-09-22,CUST_0499,PRD_S402,Automated Tally Accounting Sync,Software & Services,"Store-103 (BKC, Mumbai)",NEW,1,1499.0,0.0,1499.0,UPI
TXN_20240902565,2024-09-22,CUST_0126,PRD_E103,Paytm Smart All-in-One POS,Electronics,"Store-102 (Indiranagar, Bengaluru)",NEW,3,8499.0,16573.05,8923.95,UPI
TXN_20240902566,2024-09-22,CUST_0041,PRD_M301,Acrylic QR Standee - Dual Bank,Merchant Essentials,"Store-103 (BKC, Mumbai)",RETURNING,2,349.0,0.0,698.0,UPI
TXN_20240902567,2024-09-22,CUST_0369,PRD_E103,Paytm Smart All-in-One POS,Electronics,"Store-104 (Banjara Hills, Hyderabad)",RETURNING,2,8499.0,11048.7,5949.3,UPI
TXN_20240902568,2024-09-22,CUST_0170,PRD_M303,Cash Drawer 4-Slot Auto-Open,Merchant Essentials,"Store-104 (Banjara Hills, Hyderabad)",RETURNING,1,2299.0,229.9,2069.1,UPI
TXN_20240902569,2024-09-22,CUST_0396,PRD_S402,Automated Tally Accounting Sync,Software & Services,"Store-103 (BKC, Mumbai)",RETURNING,3,1499.0,0.0,4497.0,UPI
TXN_20240902570,2024-09-22,CUST_0242,PRD_S403,Priority Settlement Annual Plan,Software & Services,"Store-103 (BKC, Mumbai)",NEW,1,1999.0,299.85,1699.15,Credit Card
TXN_20240902571,2024-09-22,CUST_0258,PRD_E104,Wireless Barcode Scanner BT,Electronics,"Store-101 (Connaught Place, Delhi)",NEW,1,1899.0,854.55,1044.45,UPI
TXN_20240902572,2024-09-22,CUST_0176,PRD_E103,Paytm Smart All-in-One POS,Electronics,"Store-101 (Connaught Place, Delhi)",RETURNING,1,8499.0,5524.35,2974.65,Net Banking
TXN_20240902573,2024-09-22,CUST_0157,PRD_A201,Soundbox Replacement Battery,Accessories,"Store-103 (BKC, Mumbai)",RETURNING,1,499.0,0.0,499.0,Debit Card
TXN_20240902574,2024-09-22,CUST_0191,PRD_A203,Thermal Receipt Rolls (Pack of 10),Accessories,"Store-104 (Banjara Hills, Hyderabad)",NEW,1,299.0,0.0,299.0,UPI
TXN_20240902575,2024-09-22,CUST_0473,PRD_E103,Paytm Smart All-in-One POS,Electronics,"Store-104 (Banjara Hills, Hyderabad)",RETURNING,2,8499.0,11048.7,5949.3,Credit Card
TXN_20240902576,2024-09-22,CUST_0061,PRD_E103,Paytm Smart All-in-One POS,Electronics,"Store-104 (Banjara Hills, Hyderabad)",NEW,1,8499.0,3824.55,4674.45,Paytm Wallet
TXN_20240902577,2024-09-22,CUST_0489,PRD_E103,Paytm Smart All-in-One POS,Electronics,"Store-105 (Park Street, Kolkata)",NEW,1,8499.0,3824.55,4674.45,Paytm Wallet
TXN_20240902578,2024-09-22,CUST_0419,PRD_E102,Paytm Card POS Terminal Neo,Electronics,"Store-103 (BKC, Mumbai)",NEW,2,4999.0,4499.1,5498.9,UPI
TXN_20240902579,2024-09-22,CUST_0212,PRD_E103,Paytm Smart All-in-One POS,Electronics,"Store-104 (Banjara Hills, Hyderabad)",RETURNING,1,8499.0,3824.55,4674.45,UPI
TXN_20240902580,2024-09-22,CUST_0331,PRD_M301,Acrylic QR Standee - Dual Bank,Merchant Essentials,"Store-101 (Connaught Place, Delhi)",NEW,1,349.0,17.45,331.55,UPI
TXN_20240902581,2024-09-22,CUST_0086,PRD_E102,Paytm Card POS Terminal Neo,Electronics,"Store-101 (Connaught Place, Delhi)",RETURNING,1,4999.0,3249.35,1749.65,UPI
TXN_20240902582,2024-09-22,CUST_0081,PRD_E103,Paytm Smart All-in-One POS,Electronics,"Store-103 (BKC, Mumbai)",NEW,1,8499.0,5524.35,2974.65,Debit Card
TXN_20240902583,2024-09-22,CUST_0133,PRD_E103,Paytm Smart All-in-One POS,Electronics,"Store-104 (Banjara Hills, Hyderabad)",RETURNING,1,8499.0,3824.55,4674.45,Debit Card
TXN_20240902584,2024-09-22,CUST_0479,PRD_M303,Cash Drawer 4-Slot Auto-Open,Merchant Essentials,"Store-101 (Connaught Place, Delhi)",RETURNING,1,2299.0,0.0,2299.0,Credit Card
TXN_20240902585,2024-09-22,CUST_0076,PRD_E103,Paytm Smart All-in-One POS,Electronics,"Store-104 (Banjara Hills, Hyderabad)",NEW,1,8499.0,5099.4,3399.6,UPI
TXN_20240902586,2024-09-22,CUST_0166,PRD_E105,Dynamic Display QR Standee,Electronics,"Store-102 (Indiranagar, Bengaluru)",RETURNING,2,1299.0,1688.7,909.3,Debit Card
TXN_20240902587,2024-09-22,CUST_0474,PRD_M302,Voice Box Mounting Bracket,Merchant Essentials,"Store-103 (BKC, Mumbai)",NEW,2,249.0,49.8,448.2,Paytm Wallet
TXN_20240902588,2024-09-22,CUST_0033,PRD_E101,Paytm Soundbox 4.0 Pro,Electronics,"Store-103 (BKC, Mumbai)",RETURNING,1,1499.0,674.55,824.45,UPI
TXN_20240902589,2024-09-22,CUST_0078,PRD_E105,Dynamic Display QR Standee,Electronics,"Store-102 (Indiranagar, Bengaluru)",RETURNING,2,1299.0,1558.8,1039.2,Credit Card
TXN_20240902590,2024-09-22,CUST_0485,PRD_E102,Paytm Card POS Terminal Neo,Electronics,"Store-104 (Banjara Hills, Hyderabad)",RETURNING,1,4999.0,3249.35,1749.65,Debit Card
TXN_20240902591,2024-09-22,CUST_0394,PRD_S401,Paytm Business Prime Subscription,Software & Services,"Store-104 (Banjara Hills, Hyderabad)",RETURNING,1,999.0,0.0,999.0,Paytm Wallet
TXN_20240902592,2024-09-22,CUST_0466,PRD_E101,Paytm Soundbox 4.0 Pro,Electronics,"Store-101 (Connaught Place, Delhi)",RETURNING,1,1499.0,674.55,824.45,UPI
TXN_20240902593,2024-09-22,CUST_0201,PRD_E102,Paytm Card POS Terminal Neo,Electronics,"Store-101 (Connaught Place, Delhi)",RETURNING,2,4999.0,5998.8,3999.2,Debit Card
TXN_20240902594,2024-09-22,CUST_0177,PRD_E102,Paytm Card POS Terminal Neo,Electronics,"Store-103 (BKC, Mumbai)",RETURNING,3,4999.0,9748.05,5248.95,Credit Card
TXN_20240902595,2024-09-22,CUST_0466,PRD_E103,Paytm Smart All-in-One POS,Electronics,"Store-102 (Indiranagar, Bengaluru)",RETURNING,1,8499.0,3824.55,4674.45,Credit Card
TXN_20240902596,2024-09-22,CUST_0098,PRD_S401,Paytm Business Prime Subscription,Software & Services,"Store-105 (Park Street, Kolkata)",RETURNING,2,999.0,0.0,1998.0,UPI
TXN_20240902597,2024-09-22,CUST_0356,PRD_M304,Merchant Branding Banner Kit,Merchant Essentials,"Store-102 (Indiranagar, Bengaluru)",RETURNING,3,599.0,0.0,1797.0,UPI
TXN_20240902598,2024-09-22,CUST_0260,PRD_E104,Wireless Barcode Scanner BT,Electronics,"Store-101 (Connaught Place, Delhi)",RETURNING,2,1899.0,2278.8,1519.2,UPI
TXN_20240902599,2024-09-22,CUST_0096,PRD_E104,Wireless Barcode Scanner BT,Electronics,"Store-104 (Banjara Hills, Hyderabad)",RETURNING,3,1899.0,2563.65,3133.35,Debit Card
TXN_20240902600,2024-09-22,CUST_0103,PRD_E104,Wireless Barcode Scanner BT,Electronics,"Store-101 (Connaught Place, Delhi)",NEW,1,1899.0,1139.4,759.6,UPI
TXN_20240902601,2024-09-22,CUST_0331,PRD_M304,Merchant Branding Banner Kit,Merchant Essentials,"Store-105 (Park Street, Kolkata)",NEW,1,599.0,89.85,509.15,Credit Card
TXN_20240902602,2024-09-22,CUST_0324,PRD_S403,Priority Settlement Annual Plan,Software & Services,"Store-101 (Connaught Place, Delhi)",NEW,3,1999.0,299.85,5697.15,Debit Card
TXN_20240902603,2024-09-22,CUST_0323,PRD_E105,Dynamic Display QR Standee,Electronics,"Store-103 (BKC, Mumbai)",RETURNING,1,1299.0,584.55,714.45,UPI
TXN_20240902604,2024-09-22,CUST_0386,PRD_E103,Paytm Smart All-in-One POS,Electronics,"Store-102 (Indiranagar, Bengaluru)",RETURNING,1,8499.0,5524.35,2974.65,Paytm Wallet
TXN_20240902605,2024-09-22,CUST_0073,PRD_S402,Automated Tally Accounting Sync,Software & Services,"Store-105 (Park Street, Kolkata)",RETURNING,2,1499.0,149.9,2848.1,UPI
TXN_20240902606,2024-09-22,CUST_0079,PRD_E104,Wireless Barcode Scanner BT,Electronics,"Store-105 (Park Street, Kolkata)",RETURNING,1,1899.0,1234.35,664.65,Debit Card
TXN_20240902607,2024-09-22,CUST_0092,PRD_M302,Voice Box Mounting Bracket,Merchant Essentials,"Store-103 (BKC, Mumbai)",RETURNING,1,249.0,24.9,224.1,Credit Card
TXN_20240902608,2024-09-23,CUST_0109,PRD_E104,Wireless Barcode Scanner BT,Electronics,"Store-101 (Connaught Place, Delhi)",RETURNING,3,1899.0,569.7,5127.3,Debit Card
TXN_20240902609,2024-09-23,CUST_0246,PRD_M304,Merchant Branding Banner Kit,Merchant Essentials,"Store-102 (Indiranagar, Bengaluru)",RETURNING,1,599.0,29.95,569.05,UPI
TXN_20240902610,2024-09-23,CUST_0351,PRD_M303,Cash Drawer 4-Slot Auto-Open,Merchant Essentials,"Store-103 (BKC, Mumbai)",NEW,1,2299.0,0.0,2299.0,UPI
TXN_20240902611,2024-09-23,CUST_0162,PRD_E103,Paytm Smart All-in-One POS,Electronics,"Store-105 (Park Street, Kolkata)",NEW,3,8499.0,2549.7,22947.3,Credit Card
TXN_20240902612,2024-09-23,CUST_0166,PRD_E102,Paytm Card POS Terminal Neo,Electronics,"Store-101 (Connaught Place, Delhi)",RETURNING,1,4999.0,0.0,4999.0,UPI
TXN_20240902613,2024-09-23,CUST_0402,PRD_E103,Paytm Smart All-in-One POS,Electronics,"Store-104 (Banjara Hills, Hyderabad)",RETURNING,1,8499.0,424.95,8074.05,UPI
TXN_20240902614,2024-09-23,CUST_0033,PRD_E104,Wireless Barcode Scanner BT,Electronics,"Store-103 (BKC, Mumbai)",RETURNING,3,1899.0,0.0,5697.0,Credit Card
TXN_20240902615,2024-09-23,CUST_0410,PRD_E102,Paytm Card POS Terminal Neo,Electronics,"Store-101 (Connaught Place, Delhi)",NEW,1,4999.0,0.0,4999.0,Credit Card
TXN_20240902616,2024-09-23,CUST_0037,PRD_E101,Paytm Soundbox 4.0 Pro,Electronics,"Store-103 (BKC, Mumbai)",RETURNING,1,1499.0,74.95,1424.05,Credit Card
TXN_20240902617,2024-09-23,CUST_0296,PRD_M302,Voice Box Mounting Bracket,Merchant Essentials,"Store-105 (Park Street, Kolkata)",RETURNING,5,249.0,62.25,1182.75,UPI
TXN_20240902618,2024-09-23,CUST_0413,PRD_E102,Paytm Card POS Terminal Neo,Electronics,"Store-104 (Banjara Hills, Hyderabad)",RETURNING,2,4999.0,0.0,9998.0,UPI
TXN_20240902619,2024-09-23,CUST_0500,PRD_E102,Paytm Card POS Terminal Neo,Electronics,"Store-101 (Connaught Place, Delhi)",RETURNING,1,4999.0,249.95,4749.05,UPI
TXN_20240902620,2024-09-23,CUST_0339,PRD_E101,Paytm Soundbox 4.0 Pro,Electronics,"Store-103 (BKC, Mumbai)",NEW,1,1499.0,0.0,1499.0,UPI
TXN_20240902621,2024-09-23,CUST_0367,PRD_E105,Dynamic Display QR Standee,Electronics,"Store-105 (Park Street, Kolkata)",NEW,1,1299.0,64.95,1234.05,Credit Card
TXN_20240902622,2024-09-23,CUST_0208,PRD_E101,Paytm Soundbox 4.0 Pro,Electronics,"Store-105 (Park Street, Kolkata)",RETURNING,2,1499.0,0.0,2998.0,Net Banking
TXN_20240902623,2024-09-23,CUST_0119,PRD_E101,Paytm Soundbox 4.0 Pro,Electronics,"Store-105 (Park Street, Kolkata)",RETURNING,6,1499.0,0.0,8994.0,UPI
TXN_20240902624,2024-09-23,CUST_0392,PRD_E101,Paytm Soundbox 4.0 Pro,Electronics,"Store-103 (BKC, Mumbai)",RETURNING,1,1499.0,74.95,1424.05,UPI
TXN_20240902625,2024-09-23,CUST_0279,PRD_E105,Dynamic Display QR Standee,Electronics,"Store-102 (Indiranagar, Bengaluru)",NEW,2,1299.0,389.7,2208.3,Paytm Wallet
TXN_20240902626,2024-09-23,CUST_0351,PRD_A203,Thermal Receipt Rolls (Pack of 10),Accessories,"Store-103 (BKC, Mumbai)",NEW,1,299.0,14.95,284.05,Credit Card
TXN_20240902627,2024-09-23,CUST_0196,PRD_E104,Wireless Barcode Scanner BT,Electronics,"Store-102 (Indiranagar, Bengaluru)",NEW,1,1899.0,94.95,1804.05,Credit Card
TXN_20240902628,2024-09-23,CUST_0297,PRD_A205,Bluetooth Audio Dongle Mini,Accessories,"Store-102 (Indiranagar, Bengaluru)",RETURNING,2,399.0,0.0,798.0,Credit Card
TXN_20240902629,2024-09-23,CUST_0181,PRD_M304,Merchant Branding Banner Kit,Merchant Essentials,"Store-103 (BKC, Mumbai)",RETURNING,1,599.0,89.85,509.15,Credit Card
TXN_20240902630,2024-09-23,CUST_0234,PRD_M303,Cash Drawer 4-Slot Auto-Open,Merchant Essentials,"Store-103 (BKC, Mumbai)",RETURNING,1,2299.0,0.0,2299.0,UPI
TXN_20240902631,2024-09-23,CUST_0288,PRD_E105,Dynamic Display QR Standee,Electronics,"Store-103 (BKC, Mumbai)",RETURNING,1,1299.0,0.0,1299.0,UPI
TXN_20240902632,2024-09-23,CUST_0294,PRD_E105,Dynamic Display QR Standee,Electronics,"Store-104 (Banjara Hills, Hyderabad)",RETURNING,2,1299.0,0.0,2598.0,Debit Card
TXN_20240902633,2024-09-23,CUST_0198,PRD_S401,Paytm Business Prime Subscription,Software & Services,"Store-104 (Banjara Hills, Hyderabad)",NEW,1,999.0,0.0,999.0,Debit Card
TXN_20240902634,2024-09-23,CUST_0017,PRD_E101,Paytm Soundbox 4.0 Pro,Electronics,"Store-102 (Indiranagar, Bengaluru)",RETURNING,1,1499.0,74.95,1424.05,UPI
TXN_20240902635,2024-09-23,CUST_0379,PRD_E104,Wireless Barcode Scanner BT,Electronics,"Store-103 (BKC, Mumbai)",RETURNING,1,1899.0,284.85,1614.15,UPI
TXN_20240902636,2024-09-23,CUST_0057,PRD_S401,Paytm Business Prime Subscription,Software & Services,"Store-105 (Park Street, Kolkata)",NEW,1,999.0,0.0,999.0,Credit Card
TXN_20240902637,2024-09-23,CUST_0115,PRD_E104,Wireless Barcode Scanner BT,Electronics,"Store-101 (Connaught Place, Delhi)",NEW,1,1899.0,94.95,1804.05,Credit Card
TXN_20240902638,2024-09-23,CUST_0092,PRD_E104,Wireless Barcode Scanner BT,Electronics,"Store-101 (Connaught Place, Delhi)",RETURNING,2,1899.0,0.0,3798.0,UPI
TXN_20240902639,2024-09-23,CUST_0154,PRD_E103,Paytm Smart All-in-One POS,Electronics,"Store-101 (Connaught Place, Delhi)",RETURNING,2,8499.0,2549.7,14448.3,Credit Card
TXN_20240902640,2024-09-23,CUST_0287,PRD_M304,Merchant Branding Banner Kit,Merchant Essentials,"Store-103 (BKC, Mumbai)",RETURNING,1,599.0,0.0,599.0,Credit Card
TXN_20240902641,2024-09-23,CUST_0127,PRD_E103,Paytm Smart All-in-One POS,Electronics,"Store-103 (BKC, Mumbai)",RETURNING,2,8499.0,2549.7,14448.3,UPI
TXN_20240902642,2024-09-23,CUST_0114,PRD_E104,Wireless Barcode Scanner BT,Electronics,"Store-103 (BKC, Mumbai)",NEW,2,1899.0,379.8,3418.2,UPI
TXN_20240902643,2024-09-23,CUST_0063,PRD_E104,Wireless Barcode Scanner BT,Electronics,"Store-105 (Park Street, Kolkata)",RETURNING,1,1899.0,0.0,1899.0,Credit Card
TXN_20240902644,2024-09-23,CUST_0440,PRD_E103,Paytm Smart All-in-One POS,Electronics,"Store-105 (Park Street, Kolkata)",RETURNING,2,8499.0,1699.8,15298.2,Net Banking
TXN_20240902645,2024-09-23,CUST_0136,PRD_E101,Paytm Soundbox 4.0 Pro,Electronics,"Store-105 (Park Street, Kolkata)",RETURNING,2,1499.0,149.9,2848.1,UPI
TXN_20240902646,2024-09-23,CUST_0066,PRD_A204,Heavy Duty POS Lanyard Strap,Accessories,"Store-104 (Banjara Hills, Hyderabad)",RETURNING,2,149.0,14.9,283.1,Debit Card
TXN_20240902647,2024-09-23,CUST_0329,PRD_M303,Cash Drawer 4-Slot Auto-Open,Merchant Essentials,"Store-105 (Park Street, Kolkata)",NEW,1,2299.0,344.85,1954.15,UPI
TXN_20240902648,2024-09-23,CUST_0081,PRD_E102,Paytm Card POS Terminal Neo,Electronics,"Store-101 (Connaught Place, Delhi)",NEW,5,4999.0,2499.5,22495.5,UPI
TXN_20240902649,2024-09-23,CUST_0032,PRD_M301,Acrylic QR Standee - Dual Bank,Merchant Essentials,"Store-101 (Connaught Place, Delhi)",NEW,2,349.0,69.8,628.2,UPI
TXN_20240902650,2024-09-23,CUST_0155,PRD_S401,Paytm Business Prime Subscription,Software & Services,"Store-105 (Park Street, Kolkata)",RETURNING,1,999.0,49.95,949.05,UPI
TXN_20240902651,2024-09-23,CUST_0173,PRD_E105,Dynamic Display QR Standee,Electronics,"Store-105 (Park Street, Kolkata)",RETURNING,1,1299.0,0.0,1299.0,UPI
TXN_20240902652,2024-09-23,CUST_0155,PRD_E103,Paytm Smart All-in-One POS,Electronics,"Store-104 (Banjara Hills, Hyderabad)",RETURNING,2,8499.0,0.0,16998.0,Credit Card
TXN_20240902653,2024-09-23,CUST_0115,PRD_A203,Thermal Receipt Rolls (Pack of 10),Accessories,"Store-101 (Connaught Place, Delhi)",NEW,1,299.0,14.95,284.05,UPI
TXN_20240902654,2024-09-23,CUST_0070,PRD_M303,Cash Drawer 4-Slot Auto-Open,Merchant Essentials,"Store-102 (Indiranagar, Bengaluru)",RETURNING,1,2299.0,229.9,2069.1,Debit Card
TXN_20240902655,2024-09-23,CUST_0271,PRD_M301,Acrylic QR Standee - Dual Bank,Merchant Essentials,"Store-104 (Banjara Hills, Hyderabad)",RETURNING,1,349.0,17.45,331.55,Debit Card
TXN_20240902656,2024-09-23,CUST_0494,PRD_E101,Paytm Soundbox 4.0 Pro,Electronics,"Store-104 (Banjara Hills, Hyderabad)",RETURNING,4,1499.0,299.8,5696.2,UPI
TXN_20240902657,2024-09-23,CUST_0036,PRD_E103,Paytm Smart All-in-One POS,Electronics,"Store-103 (BKC, Mumbai)",RETURNING,2,8499.0,849.9,16148.1,UPI
TXN_20240902658,2024-09-23,CUST_0114,PRD_E101,Paytm Soundbox 4.0 Pro,Electronics,"Store-102 (Indiranagar, Bengaluru)",NEW,3,1499.0,224.85,4272.15,UPI
TXN_20240902659,2024-09-23,CUST_0105,PRD_E103,Paytm Smart All-in-One POS,Electronics,"Store-102 (Indiranagar, Bengaluru)",NEW,1,8499.0,0.0,8499.0,Paytm Wallet
TXN_20240902660,2024-09-23,CUST_0380,PRD_E102,Paytm Card POS Terminal Neo,Electronics,"Store-102 (Indiranagar, Bengaluru)",RETURNING,1,4999.0,0.0,4999.0,UPI
TXN_20240902661,2024-09-23,CUST_0336,PRD_E102,Paytm Card POS Terminal Neo,Electronics,"Store-103 (BKC, Mumbai)",NEW,1,4999.0,249.95,4749.05,Credit Card
TXN_20240902662,2024-09-23,CUST_0259,PRD_M302,Voice Box Mounting Bracket,Merchant Essentials,"Store-104 (Banjara Hills, Hyderabad)",RETURNING,2,249.0,0.0,498.0,Credit Card
TXN_20240902663,2024-09-23,CUST_0462,PRD_S403,Priority Settlement Annual Plan,Software & Services,"Store-103 (BKC, Mumbai)",NEW,1,1999.0,199.9,1799.1,Credit Card
TXN_20240902664,2024-09-23,CUST_0144,PRD_E104,Wireless Barcode Scanner BT,Electronics,"Store-105 (Park Street, Kolkata)",RETURNING,4,1899.0,759.6,6836.4,UPI
TXN_20240902665,2024-09-23,CUST_0340,PRD_S403,Priority Settlement Annual Plan,Software & Services,"Store-104 (Banjara Hills, Hyderabad)",RETURNING,3,1999.0,0.0,5997.0,Paytm Wallet
TXN_20240902666,2024-09-23,CUST_0155,PRD_E103,Paytm Smart All-in-One POS,Electronics,"Store-103 (BKC, Mumbai)",RETURNING,2,8499.0,1699.8,15298.2,Debit Card
TXN_20240902667,2024-09-23,CUST_0485,PRD_E101,Paytm Soundbox 4.0 Pro,Electronics,"Store-102 (Indiranagar, Bengaluru)",RETURNING,2,1499.0,0.0,2998.0,UPI
TXN_20240902668,2024-09-23,CUST_0093,PRD_E105,Dynamic Display QR Standee,Electronics,"Store-103 (BKC, Mumbai)",NEW,1,1299.0,129.9,1169.1,Debit Card
TXN_20240902669,2024-09-23,CUST_0102,PRD_E103,Paytm Smart All-in-One POS,Electronics,"Store-105 (Park Street, Kolkata)",NEW,5,8499.0,2124.75,40370.25,UPI
TXN_20240902670,2024-09-23,CUST_0070,PRD_E101,Paytm Soundbox 4.0 Pro,Electronics,"Store-103 (BKC, Mumbai)",RETURNING,1,1499.0,0.0,1499.0,Net Banking
TXN_20240902671,2024-09-23,CUST_0118,PRD_E101,Paytm Soundbox 4.0 Pro,Electronics,"Store-102 (Indiranagar, Bengaluru)",RETURNING,1,1499.0,0.0,1499.0,Credit Card
TXN_20240902672,2024-09-23,CUST_0344,PRD_S401,Paytm Business Prime Subscription,Software & Services,"Store-104 (Banjara Hills, Hyderabad)",NEW,1,999.0,99.9,899.1,UPI
TXN_20240902673,2024-09-23,CUST_0219,PRD_E102,Paytm Card POS Terminal Neo,Electronics,"Store-104 (Banjara Hills, Hyderabad)",NEW,1,4999.0,0.0,4999.0,Debit Card
TXN_20240902674,2024-09-23,CUST_0128,PRD_S401,Paytm Business Prime Subscription,Software & Services,"Store-101 (Connaught Place, Delhi)",NEW,1,999.0,49.95,949.05,UPI
TXN_20240902675,2024-09-23,CUST_0041,PRD_S402,Automated Tally Accounting Sync,Software & Services,"Store-102 (Indiranagar, Bengaluru)",RETURNING,2,1499.0,149.9,2848.1,UPI
TXN_20240902676,2024-09-23,CUST_0250,PRD_E102,Paytm Card POS Terminal Neo,Electronics,"Store-101 (Connaught Place, Delhi)",NEW,1,4999.0,249.95,4749.05,Paytm Wallet
TXN_20240902677,2024-09-23,CUST_0068,PRD_E101,Paytm Soundbox 4.0 Pro,Electronics,"Store-105 (Park Street, Kolkata)",NEW,1,1499.0,0.0,1499.0,Paytm Wallet
TXN_20240902678,2024-09-23,CUST_0298,PRD_M303,Cash Drawer 4-Slot Auto-Open,Merchant Essentials,"Store-101 (Connaught Place, Delhi)",NEW,1,2299.0,114.95,2184.05,Paytm Wallet
TXN_20240902679,2024-09-23,CUST_0339,PRD_M303,Cash Drawer 4-Slot Auto-Open,Merchant Essentials,"Store-103 (BKC, Mumbai)",NEW,1,2299.0,0.0,2299.0,UPI
TXN_20240902680,2024-09-23,CUST_0450,PRD_M302,Voice Box Mounting Bracket,Merchant Essentials,"Store-103 (BKC, Mumbai)",RETURNING,1,249.0,12.45,236.55,Paytm Wallet
TXN_20240902681,2024-09-23,CUST_0426,PRD_S401,Paytm Business Prime Subscription,Software & Services,"Store-104 (Banjara Hills, Hyderabad)",RETURNING,1,999.0,0.0,999.0,Debit Card
TXN_20240902682,2024-09-23,CUST_0308,PRD_S402,Automated Tally Accounting Sync,Software & Services,"Store-102 (Indiranagar, Bengaluru)",RETURNING,3,1499.0,0.0,4497.0,UPI
TXN_20240902683,2024-09-23,CUST_0275,PRD_M304,Merchant Branding Banner Kit,Merchant Essentials,"Store-104 (Banjara Hills, Hyderabad)",NEW,1,599.0,29.95,569.05,Credit Card
TXN_20240902684,2024-09-23,CUST_0174,PRD_A201,Soundbox Replacement Battery,Accessories,"Store-101 (Connaught Place, Delhi)",NEW,1,499.0,0.0,499.0,UPI
TXN_20240902685,2024-09-23,CUST_0490,PRD_A203,Thermal Receipt Rolls (Pack of 10),Accessories,"Store-103 (BKC, Mumbai)",RETURNING,1,299.0,0.0,299.0,UPI
TXN_20240902686,2024-09-23,CUST_0260,PRD_M302,Voice Box Mounting Bracket,Merchant Essentials,"Store-102 (Indiranagar, Bengaluru)",RETURNING,3,249.0,37.35,709.65,UPI
TXN_20240902687,2024-09-23,CUST_0394,PRD_S402,Automated Tally Accounting Sync,Software & Services,"Store-102 (Indiranagar, Bengaluru)",RETURNING,2,1499.0,449.7,2548.3,UPI
TXN_20240902688,2024-09-23,CUST_0235,PRD_S403,Priority Settlement Annual Plan,Software & Services,"Store-101 (Connaught Place, Delhi)",RETURNING,1,1999.0,99.95,1899.05,UPI
TXN_20240902689,2024-09-23,CUST_0471,PRD_M302,Voice Box Mounting Bracket,Merchant Essentials,"Store-101 (Connaught Place, Delhi)",RETURNING,1,249.0,24.9,224.1,UPI
TXN_20240902690,2024-09-23,CUST_0026,PRD_M304,Merchant Branding Banner Kit,Merchant Essentials,"Store-104 (Banjara Hills, Hyderabad)",RETURNING,2,599.0,59.9,1138.1,UPI
TXN_20240902691,2024-09-23,CUST_0078,PRD_E104,Wireless Barcode Scanner BT,Electronics,"Store-105 (Park Street, Kolkata)",RETURNING,3,1899.0,284.85,5412.15,UPI
TXN_20240902692,2024-09-23,CUST_0163,PRD_M302,Voice Box Mounting Bracket,Merchant Essentials,"Store-101 (Connaught Place, Delhi)",RETURNING,2,249.0,0.0,498.0,UPI
TXN_20240902693,2024-09-23,CUST_0199,PRD_M302,Voice Box Mounting Bracket,Merchant Essentials,"Store-102 (Indiranagar, Bengaluru)",RETURNING,1,249.0,0.0,249.0,UPI
TXN_20240902694,2024-09-23,CUST_0149,PRD_E102,Paytm Card POS Terminal Neo,Electronics,"Store-101 (Connaught Place, Delhi)",RETURNING,1,4999.0,0.0,4999.0,Debit Card
TXN_20240902695,2024-09-23,CUST_0303,PRD_M304,Merchant Branding Banner Kit,Merchant Essentials,"Store-104 (Banjara Hills, Hyderabad)",RETURNING,3,599.0,0.0,1797.0,Credit Card
TXN_20240902696,2024-09-23,CUST_0355,PRD_A202,POS Charging Cradle Dock,Accessories,"Store-102 (Indiranagar, Bengaluru)",NEW,1,699.0,0.0,699.0,UPI
TXN_20240902697,2024-09-23,CUST_0450,PRD_S401,Paytm Business Prime Subscription,Software & Services,"Store-101 (Connaught Place, Delhi)",RETURNING,1,999.0,49.95,949.05,Credit Card
TXN_20240902698,2024-09-23,CUST_0473,PRD_E104,Wireless Barcode Scanner BT,Electronics,"Store-103 (BKC, Mumbai)",RETURNING,1,1899.0,0.0,1899.0,UPI
TXN_20240902699,2024-09-23,CUST_0350,PRD_E104,Wireless Barcode Scanner BT,Electronics,"Store-105 (Park Street, Kolkata)",RETURNING,2,1899.0,379.8,3418.2,UPI
TXN_20240902700,2024-09-23,CUST_0404,PRD_M301,Acrylic QR Standee - Dual Bank,Merchant Essentials,"Store-104 (Banjara Hills, Hyderabad)",RETURNING,1,349.0,0.0,349.0,UPI
TXN_20240902701,2024-09-23,CUST_0337,PRD_E103,Paytm Smart All-in-One POS,Electronics,"Store-105 (Park Street, Kolkata)",RETURNING,1,8499.0,0.0,8499.0,UPI
TXN_20240902702,2024-09-23,CUST_0255,PRD_E105,Dynamic Display QR Standee,Electronics,"Store-102 (Indiranagar, Bengaluru)",RETURNING,1,1299.0,0.0,1299.0,UPI
TXN_20240902703,2024-09-23,CUST_0454,PRD_E105,Dynamic Display QR Standee,Electronics,"Store-105 (Park Street, Kolkata)",NEW,1,1299.0,129.9,1169.1,UPI
TXN_20240902704,2024-09-23,CUST_0335,PRD_E104,Wireless Barcode Scanner BT,Electronics,"Store-102 (Indiranagar, Bengaluru)",RETURNING,1,1899.0,0.0,1899.0,Paytm Wallet
TXN_20240902705,2024-09-23,CUST_0489,PRD_S402,Automated Tally Accounting Sync,Software & Services,"Store-104 (Banjara Hills, Hyderabad)",NEW,1,1499.0,0.0,1499.0,UPI
TXN_20240902706,2024-09-23,CUST_0388,PRD_M301,Acrylic QR Standee - Dual Bank,Merchant Essentials,"Store-105 (Park Street, Kolkata)",NEW,1,349.0,0.0,349.0,UPI
TXN_20240902707,2024-09-23,CUST_0369,PRD_M303,Cash Drawer 4-Slot Auto-Open,Merchant Essentials,"Store-104 (Banjara Hills, Hyderabad)",RETURNING,1,2299.0,0.0,2299.0,Debit Card
TXN_20240902708,2024-09-23,CUST_0093,PRD_E101,Paytm Soundbox 4.0 Pro,Electronics,"Store-104 (Banjara Hills, Hyderabad)",NEW,1,1499.0,74.95,1424.05,Credit Card
TXN_20240902709,2024-09-23,CUST_0014,PRD_A205,Bluetooth Audio Dongle Mini,Accessories,"Store-105 (Park Street, Kolkata)",RETURNING,2,399.0,39.9,758.1,UPI
TXN_20240902710,2024-09-23,CUST_0276,PRD_M302,Voice Box Mounting Bracket,Merchant Essentials,"Store-101 (Connaught Place, Delhi)",RETURNING,1,249.0,24.9,224.1,UPI
TXN_20240902711,2024-09-23,CUST_0439,PRD_E102,Paytm Card POS Terminal Neo,Electronics,"Store-101 (Connaught Place, Delhi)",NEW,1,4999.0,0.0,4999.0,Paytm Wallet
TXN_20240902712,2024-09-23,CUST_0089,PRD_M303,Cash Drawer 4-Slot Auto-Open,Merchant Essentials,"Store-103 (BKC, Mumbai)",NEW,1,2299.0,114.95,2184.05,Net Banking
TXN_20240902713,2024-09-24,CUST_0365,PRD_E104,Wireless Barcode Scanner BT,Electronics,"Store-102 (Indiranagar, Bengaluru)",NEW,2,1899.0,189.9,3608.1,UPI
TXN_20240902714,2024-09-24,CUST_0206,PRD_E103,Paytm Smart All-in-One POS,Electronics,"Store-101 (Connaught Place, Delhi)",NEW,1,8499.0,424.95,8074.05,UPI
TXN_20240902715,2024-09-24,CUST_0135,PRD_A202,POS Charging Cradle Dock,Accessories,"Store-101 (Connaught Place, Delhi)",RETURNING,1,699.0,69.9,629.1,Debit Card
TXN_20240902716,2024-09-24,CUST_0345,PRD_E101,Paytm Soundbox 4.0 Pro,Electronics,"Store-104 (Banjara Hills, Hyderabad)",RETURNING,1,1499.0,224.85,1274.15,UPI
TXN_20240902717,2024-09-24,CUST_0327,PRD_A201,Soundbox Replacement Battery,Accessories,"Store-102 (Indiranagar, Bengaluru)",NEW,2,499.0,49.9,948.1,Debit Card
TXN_20240902718,2024-09-24,CUST_0492,PRD_E104,Wireless Barcode Scanner BT,Electronics,"Store-104 (Banjara Hills, Hyderabad)",NEW,1,1899.0,189.9,1709.1,Credit Card
TXN_20240902719,2024-09-24,CUST_0397,PRD_M302,Voice Box Mounting Bracket,Merchant Essentials,"Store-105 (Park Street, Kolkata)",NEW,1,249.0,0.0,249.0,UPI
TXN_20240902720,2024-09-24,CUST_0093,PRD_E102,Paytm Card POS Terminal Neo,Electronics,"Store-102 (Indiranagar, Bengaluru)",NEW,1,4999.0,0.0,4999.0,UPI
TXN_20240902721,2024-09-24,CUST_0039,PRD_E102,Paytm Card POS Terminal Neo,Electronics,"Store-101 (Connaught Place, Delhi)",RETURNING,2,4999.0,0.0,9998.0,Credit Card
TXN_20240902722,2024-09-24,CUST_0273,PRD_E103,Paytm Smart All-in-One POS,Electronics,"Store-101 (Connaught Place, Delhi)",RETURNING,1,8499.0,424.95,8074.05,Net Banking
TXN_20240902723,2024-09-24,CUST_0396,PRD_M304,Merchant Branding Banner Kit,Merchant Essentials,"Store-101 (Connaught Place, Delhi)",RETURNING,1,599.0,0.0,599.0,Debit Card
TXN_20240902724,2024-09-24,CUST_0209,PRD_A203,Thermal Receipt Rolls (Pack of 10),Accessories,"Store-105 (Park Street, Kolkata)",NEW,3,299.0,0.0,897.0,Credit Card
TXN_20240902725,2024-09-24,CUST_0050,PRD_A205,Bluetooth Audio Dongle Mini,Accessories,"Store-105 (Park Street, Kolkata)",RETURNING,2,399.0,39.9,758.1,UPI
TXN_20240902726,2024-09-24,CUST_0449,PRD_E105,Dynamic Display QR Standee,Electronics,"Store-104 (Banjara Hills, Hyderabad)",RETURNING,1,1299.0,0.0,1299.0,UPI
TXN_20240902727,2024-09-24,CUST_0003,PRD_E104,Wireless Barcode Scanner BT,Electronics,"Store-102 (Indiranagar, Bengaluru)",RETURNING,1,1899.0,0.0,1899.0,UPI
TXN_20240902728,2024-09-24,CUST_0447,PRD_E101,Paytm Soundbox 4.0 Pro,Electronics,"Store-103 (BKC, Mumbai)",RETURNING,1,1499.0,0.0,1499.0,UPI
TXN_20240902729,2024-09-24,CUST_0272,PRD_S401,Paytm Business Prime Subscription,Software & Services,"Store-105 (Park Street, Kolkata)",RETURNING,1,999.0,49.95,949.05,UPI
TXN_20240902730,2024-09-24,CUST_0214,PRD_M304,Merchant Branding Banner Kit,Merchant Essentials,"Store-105 (Park Street, Kolkata)",RETURNING,1,599.0,59.9,539.1,UPI
TXN_20240902731,2024-09-24,CUST_0231,PRD_E104,Wireless Barcode Scanner BT,Electronics,"Store-104 (Banjara Hills, Hyderabad)",RETURNING,1,1899.0,0.0,1899.0,UPI
TXN_20240902732,2024-09-24,CUST_0117,PRD_E102,Paytm Card POS Terminal Neo,Electronics,"Store-105 (Park Street, Kolkata)",RETURNING,6,4999.0,2999.4,26994.6,Credit Card
TXN_20240902733,2024-09-24,CUST_0198,PRD_M301,Acrylic QR Standee - Dual Bank,Merchant Essentials,"Store-102 (Indiranagar, Bengaluru)",NEW,1,349.0,17.45,331.55,Net Banking
TXN_20240902734,2024-09-24,CUST_0043,PRD_A201,Soundbox Replacement Battery,Accessories,"Store-101 (Connaught Place, Delhi)",RETURNING,2,499.0,149.7,848.3,Debit Card
TXN_20240902735,2024-09-24,CUST_0394,PRD_E105,Dynamic Display QR Standee,Electronics,"Store-104 (Banjara Hills, Hyderabad)",RETURNING,2,1299.0,129.9,2468.1,Paytm Wallet
TXN_20240902736,2024-09-24,CUST_0056,PRD_E101,Paytm Soundbox 4.0 Pro,Electronics,"Store-101 (Connaught Place, Delhi)",RETURNING,1,1499.0,149.9,1349.1,UPI
TXN_20240902737,2024-09-24,CUST_0116,PRD_M302,Voice Box Mounting Bracket,Merchant Essentials,"Store-102 (Indiranagar, Bengaluru)",NEW,1,249.0,12.45,236.55,UPI
TXN_20240902738,2024-09-24,CUST_0498,PRD_E103,Paytm Smart All-in-One POS,Electronics,"Store-102 (Indiranagar, Bengaluru)",RETURNING,1,8499.0,849.9,7649.1,UPI
TXN_20240902739,2024-09-24,CUST_0167,PRD_M301,Acrylic QR Standee - Dual Bank,Merchant Essentials,"Store-101 (Connaught Place, Delhi)",NEW,1,349.0,34.9,314.1,UPI
TXN_20240902740,2024-09-24,CUST_0049,PRD_A205,Bluetooth Audio Dongle Mini,Accessories,"Store-104 (Banjara Hills, Hyderabad)",RETURNING,2,399.0,79.8,718.2,UPI
TXN_20240902741,2024-09-24,CUST_0326,PRD_S401,Paytm Business Prime Subscription,Software & Services,"Store-105 (Park Street, Kolkata)",RETURNING,1,999.0,99.9,899.1,UPI
TXN_20240902742,2024-09-24,CUST_0039,PRD_A204,Heavy Duty POS Lanyard Strap,Accessories,"Store-104 (Banjara Hills, Hyderabad)",RETURNING,1,149.0,0.0,149.0,Net Banking
TXN_20240902743,2024-09-24,CUST_0356,PRD_E102,Paytm Card POS Terminal Neo,Electronics,"Store-105 (Park Street, Kolkata)",RETURNING,1,4999.0,249.95,4749.05,UPI
TXN_20240902744,2024-09-24,CUST_0154,PRD_E104,Wireless Barcode Scanner BT,Electronics,"Store-104 (Banjara Hills, Hyderabad)",RETURNING,1,1899.0,284.85,1614.15,Debit Card
TXN_20240902745,2024-09-24,CUST_0078,PRD_M301,Acrylic QR Standee - Dual Bank,Merchant Essentials,"Store-104 (Banjara Hills, Hyderabad)",RETURNING,1,349.0,0.0,349.0,UPI
TXN_20240902746,2024-09-24,CUST_0088,PRD_A204,Heavy Duty POS Lanyard Strap,Accessories,"Store-103 (BKC, Mumbai)",NEW,1,149.0,0.0,149.0,UPI
TXN_20240902747,2024-09-24,CUST_0105,PRD_E104,Wireless Barcode Scanner BT,Electronics,"Store-105 (Park Street, Kolkata)",NEW,1,1899.0,189.9,1709.1,UPI
TXN_20240902748,2024-09-24,CUST_0167,PRD_E103,Paytm Smart All-in-One POS,Electronics,"Store-103 (BKC, Mumbai)",NEW,1,8499.0,424.95,8074.05,UPI
TXN_20240902749,2024-09-24,CUST_0228,PRD_M302,Voice Box Mounting Bracket,Merchant Essentials,"Store-102 (Indiranagar, Bengaluru)",NEW,1,249.0,12.45,236.55,UPI
TXN_20240902750,2024-09-24,CUST_0322,PRD_E105,Dynamic Display QR Standee,Electronics,"Store-105 (Park Street, Kolkata)",RETURNING,1,1299.0,194.85,1104.15,UPI
TXN_20240902751,2024-09-24,CUST_0225,PRD_A203,Thermal Receipt Rolls (Pack of 10),Accessories,"Store-104 (Banjara Hills, Hyderabad)",RETURNING,1,299.0,14.95,284.05,Credit Card
TXN_20240902752,2024-09-24,CUST_0158,PRD_M301,Acrylic QR Standee - Dual Bank,Merchant Essentials,"Store-104 (Banjara Hills, Hyderabad)",RETURNING,1,349.0,17.45,331.55,Credit Card
TXN_20240902753,2024-09-24,CUST_0208,PRD_E103,Paytm Smart All-in-One POS,Electronics,"Store-105 (Park Street, Kolkata)",RETURNING,1,8499.0,424.95,8074.05,UPI
TXN_20240902754,2024-09-24,CUST_0211,PRD_E105,Dynamic Display QR Standee,Electronics,"Store-103 (BKC, Mumbai)",NEW,2,1299.0,129.9,2468.1,Credit Card
TXN_20240902755,2024-09-24,CUST_0106,PRD_E105,Dynamic Display QR Standee,Electronics,"Store-105 (Park Street, Kolkata)",RETURNING,1,1299.0,194.85,1104.15,UPI
TXN_20240902756,2024-09-24,CUST_0300,PRD_A202,POS Charging Cradle Dock,Accessories,"Store-103 (BKC, Mumbai)",NEW,1,699.0,0.0,699.0,Credit Card
TXN_20240902757,2024-09-24,CUST_0340,PRD_A205,Bluetooth Audio Dongle Mini,Accessories,"Store-104 (Banjara Hills, Hyderabad)",RETURNING,2,399.0,0.0,798.0,Debit Card
TXN_20240902758,2024-09-24,CUST_0017,PRD_E102,Paytm Card POS Terminal Neo,Electronics,"Store-102 (Indiranagar, Bengaluru)",RETURNING,4,4999.0,0.0,19996.0,Credit Card
TXN_20240902759,2024-09-24,CUST_0462,PRD_E101,Paytm Soundbox 4.0 Pro,Electronics,"Store-105 (Park Street, Kolkata)",NEW,1,1499.0,74.95,1424.05,UPI
TXN_20240902760,2024-09-24,CUST_0267,PRD_E102,Paytm Card POS Terminal Neo,Electronics,"Store-102 (Indiranagar, Bengaluru)",RETURNING,1,4999.0,249.95,4749.05,UPI
TXN_20240902761,2024-09-24,CUST_0341,PRD_M303,Cash Drawer 4-Slot Auto-Open,Merchant Essentials,"Store-103 (BKC, Mumbai)",RETURNING,1,2299.0,114.95,2184.05,UPI
TXN_20240902762,2024-09-24,CUST_0305,PRD_M302,Voice Box Mounting Bracket,Merchant Essentials,"Store-103 (BKC, Mumbai)",RETURNING,2,249.0,0.0,498.0,UPI
TXN_20240902763,2024-09-24,CUST_0444,PRD_E103,Paytm Smart All-in-One POS,Electronics,"Store-102 (Indiranagar, Bengaluru)",RETURNING,2,8499.0,0.0,16998.0,UPI
TXN_20240902764,2024-09-24,CUST_0001,PRD_E103,Paytm Smart All-in-One POS,Electronics,"Store-103 (BKC, Mumbai)",NEW,1,8499.0,849.9,7649.1,UPI
TXN_20240902765,2024-09-24,CUST_0304,PRD_S401,Paytm Business Prime Subscription,Software & Services,"Store-105 (Park Street, Kolkata)",NEW,1,999.0,0.0,999.0,Net Banking
TXN_20240902766,2024-09-24,CUST_0487,PRD_E104,Wireless Barcode Scanner BT,Electronics,"Store-103 (BKC, Mumbai)",RETURNING,1,1899.0,94.95,1804.05,Debit Card
TXN_20240902767,2024-09-24,CUST_0278,PRD_M301,Acrylic QR Standee - Dual Bank,Merchant Essentials,"Store-103 (BKC, Mumbai)",RETURNING,1,349.0,17.45,331.55,UPI
TXN_20240902768,2024-09-24,CUST_0370,PRD_S401,Paytm Business Prime Subscription,Software & Services,"Store-101 (Connaught Place, Delhi)",RETURNING,2,999.0,199.8,1798.2,Debit Card
TXN_20240902769,2024-09-24,CUST_0016,PRD_E102,Paytm Card POS Terminal Neo,Electronics,"Store-102 (Indiranagar, Bengaluru)",RETURNING,1,4999.0,0.0,4999.0,UPI
TXN_20240902770,2024-09-24,CUST_0471,PRD_E103,Paytm Smart All-in-One POS,Electronics,"Store-103 (BKC, Mumbai)",RETURNING,1,8499.0,0.0,8499.0,UPI
TXN_20240902771,2024-09-24,CUST_0341,PRD_E104,Wireless Barcode Scanner BT,Electronics,"Store-104 (Banjara Hills, Hyderabad)",RETURNING,1,1899.0,189.9,1709.1,UPI
TXN_20240902772,2024-09-24,CUST_0155,PRD_S402,Automated Tally Accounting Sync,Software & Services,"Store-104 (Banjara Hills, Hyderabad)",RETURNING,1,1499.0,0.0,1499.0,Net Banking
TXN_20240902773,2024-09-24,CUST_0313,PRD_A204,Heavy Duty POS Lanyard Strap,Accessories,"Store-104 (Banjara Hills, Hyderabad)",RETURNING,1,149.0,14.9,134.1,UPI
TXN_20240902774,2024-09-24,CUST_0438,PRD_E102,Paytm Card POS Terminal Neo,Electronics,"Store-105 (Park Street, Kolkata)",RETURNING,2,4999.0,1499.7,8498.3,Credit Card
TXN_20240902775,2024-09-24,CUST_0151,PRD_E105,Dynamic Display QR Standee,Electronics,"Store-101 (Connaught Place, Delhi)",RETURNING,1,1299.0,194.85,1104.15,UPI
TXN_20240902776,2024-09-24,CUST_0148,PRD_M301,Acrylic QR Standee - Dual Bank,Merchant Essentials,"Store-103 (BKC, Mumbai)",NEW,1,349.0,0.0,349.0,UPI
TXN_20240902777,2024-09-24,CUST_0088,PRD_E101,Paytm Soundbox 4.0 Pro,Electronics,"Store-102 (Indiranagar, Bengaluru)",NEW,1,1499.0,0.0,1499.0,UPI
TXN_20240902778,2024-09-24,CUST_0042,PRD_S403,Priority Settlement Annual Plan,Software & Services,"Store-103 (BKC, Mumbai)",RETURNING,1,1999.0,0.0,1999.0,Credit Card
TXN_20240902779,2024-09-24,CUST_0442,PRD_S401,Paytm Business Prime Subscription,Software & Services,"Store-101 (Connaught Place, Delhi)",RETURNING,2,999.0,0.0,1998.0,UPI
TXN_20240902780,2024-09-24,CUST_0047,PRD_S402,Automated Tally Accounting Sync,Software & Services,"Store-101 (Connaught Place, Delhi)",NEW,2,1499.0,299.8,2698.2,UPI
TXN_20240902781,2024-09-24,CUST_0399,PRD_A205,Bluetooth Audio Dongle Mini,Accessories,"Store-104 (Banjara Hills, Hyderabad)",NEW,1,399.0,0.0,399.0,UPI
TXN_20240902782,2024-09-24,CUST_0329,PRD_A202,POS Charging Cradle Dock,Accessories,"Store-102 (Indiranagar, Bengaluru)",NEW,1,699.0,34.95,664.05,Credit Card
TXN_20240902783,2024-09-24,CUST_0165,PRD_A202,POS Charging Cradle Dock,Accessories,"Store-102 (Indiranagar, Bengaluru)",RETURNING,1,699.0,0.0,699.0,Debit Card
TXN_20240902784,2024-09-24,CUST_0072,PRD_M301,Acrylic QR Standee - Dual Bank,Merchant Essentials,"Store-103 (BKC, Mumbai)",RETURNING,2,349.0,34.9,663.1,UPI
TXN_20240902785,2024-09-24,CUST_0315,PRD_E101,Paytm Soundbox 4.0 Pro,Electronics,"Store-101 (Connaught Place, Delhi)",NEW,1,1499.0,224.85,1274.15,UPI
TXN_20240902786,2024-09-24,CUST_0327,PRD_E101,Paytm Soundbox 4.0 Pro,Electronics,"Store-103 (BKC, Mumbai)",NEW,1,1499.0,0.0,1499.0,UPI
TXN_20240902787,2024-09-24,CUST_0138,PRD_E105,Dynamic Display QR Standee,Electronics,"Store-103 (BKC, Mumbai)",RETURNING,1,1299.0,0.0,1299.0,UPI
TXN_20240902788,2024-09-24,CUST_0271,PRD_M302,Voice Box Mounting Bracket,Merchant Essentials,"Store-103 (BKC, Mumbai)",RETURNING,1,249.0,12.45,236.55,UPI
TXN_20240902789,2024-09-24,CUST_0154,PRD_M301,Acrylic QR Standee - Dual Bank,Merchant Essentials,"Store-105 (Park Street, Kolkata)",RETURNING,1,349.0,34.9,314.1,Credit Card
TXN_20240902790,2024-09-24,CUST_0019,PRD_E104,Wireless Barcode Scanner BT,Electronics,"Store-104 (Banjara Hills, Hyderabad)",RETURNING,2,1899.0,0.0,3798.0,UPI
TXN_20240902791,2024-09-24,CUST_0216,PRD_E101,Paytm Soundbox 4.0 Pro,Electronics,"Store-101 (Connaught Place, Delhi)",RETURNING,2,1499.0,149.9,2848.1,Net Banking
TXN_20240902792,2024-09-24,CUST_0094,PRD_E105,Dynamic Display QR Standee,Electronics,"Store-101 (Connaught Place, Delhi)",RETURNING,1,1299.0,129.9,1169.1,Debit Card
TXN_20240902793,2024-09-24,CUST_0286,PRD_E101,Paytm Soundbox 4.0 Pro,Electronics,"Store-102 (Indiranagar, Bengaluru)",RETURNING,1,1499.0,0.0,1499.0,Debit Card
TXN_20240902794,2024-09-24,CUST_0223,PRD_E102,Paytm Card POS Terminal Neo,Electronics,"Store-101 (Connaught Place, Delhi)",NEW,1,4999.0,0.0,4999.0,Credit Card
TXN_20240902795,2024-09-24,CUST_0210,PRD_E104,Wireless Barcode Scanner BT,Electronics,"Store-102 (Indiranagar, Bengaluru)",RETURNING,2,1899.0,189.9,3608.1,Debit Card
TXN_20240902796,2024-09-24,CUST_0263,PRD_E101,Paytm Soundbox 4.0 Pro,Electronics,"Store-105 (Park Street, Kolkata)",RETURNING,2,1499.0,0.0,2998.0,UPI
TXN_20240902797,2024-09-24,CUST_0150,PRD_E103,Paytm Smart All-in-One POS,Electronics,"Store-104 (Banjara Hills, Hyderabad)",RETURNING,1,8499.0,0.0,8499.0,UPI
TXN_20240902798,2024-09-24,CUST_0084,PRD_A203,Thermal Receipt Rolls (Pack of 10),Accessories,"Store-104 (Banjara Hills, Hyderabad)",RETURNING,2,299.0,0.0,598.0,UPI
TXN_20240902799,2024-09-24,CUST_0203,PRD_E102,Paytm Card POS Terminal Neo,Electronics,"Store-105 (Park Street, Kolkata)",RETURNING,1,4999.0,249.95,4749.05,UPI
TXN_20240902800,2024-09-24,CUST_0498,PRD_S401,Paytm Business Prime Subscription,Software & Services,"Store-101 (Connaught Place, Delhi)",RETURNING,1,999.0,99.9,899.1,Credit Card
TXN_20240902801,2024-09-24,CUST_0058,PRD_E101,Paytm Soundbox 4.0 Pro,Electronics,"Store-105 (Park Street, Kolkata)",RETURNING,1,1499.0,74.95,1424.05,UPI
TXN_20240902802,2024-09-24,CUST_0120,PRD_M304,Merchant Branding Banner Kit,Merchant Essentials,"Store-103 (BKC, Mumbai)",NEW,1,599.0,29.95,569.05,UPI
TXN_20240902803,2024-09-24,CUST_0210,PRD_M301,Acrylic QR Standee - Dual Bank,Merchant Essentials,"Store-103 (BKC, Mumbai)",RETURNING,3,349.0,0.0,1047.0,UPI
TXN_20240902804,2024-09-24,CUST_0481,PRD_A201,Soundbox Replacement Battery,Accessories,"Store-105 (Park Street, Kolkata)",RETURNING,1,499.0,74.85,424.15,Credit Card
TXN_20240902805,2024-09-24,CUST_0371,PRD_E105,Dynamic Display QR Standee,Electronics,"Store-103 (BKC, Mumbai)",NEW,1,1299.0,64.95,1234.05,Net Banking
TXN_20240902806,2024-09-24,CUST_0422,PRD_M303,Cash Drawer 4-Slot Auto-Open,Merchant Essentials,"Store-104 (Banjara Hills, Hyderabad)",RETURNING,1,2299.0,0.0,2299.0,UPI
TXN_20240902807,2024-09-24,CUST_0485,PRD_A201,Soundbox Replacement Battery,Accessories,"Store-101 (Connaught Place, Delhi)",RETURNING,3,499.0,0.0,1497.0,UPI
TXN_20240902808,2024-09-24,CUST_0299,PRD_E105,Dynamic Display QR Standee,Electronics,"Store-105 (Park Street, Kolkata)",RETURNING,1,1299.0,129.9,1169.1,Debit Card
TXN_20240902809,2024-09-24,CUST_0420,PRD_E102,Paytm Card POS Terminal Neo,Electronics,"Store-105 (Park Street, Kolkata)",NEW,1,4999.0,249.95,4749.05,Net Banking
TXN_20240902810,2024-09-24,CUST_0232,PRD_S401,Paytm Business Prime Subscription,Software & Services,"Store-104 (Banjara Hills, Hyderabad)",RETURNING,1,999.0,49.95,949.05,UPI
TXN_20240902811,2024-09-25,CUST_0135,PRD_S402,Automated Tally Accounting Sync,Software & Services,"Store-101 (Connaught Place, Delhi)",RETURNING,2,1499.0,0.0,2998.0,UPI
TXN_20240902812,2024-09-25,CUST_0448,PRD_E102,Paytm Card POS Terminal Neo,Electronics,"Store-104 (Banjara Hills, Hyderabad)",NEW,5,4999.0,0.0,24995.0,UPI
TXN_20240902813,2024-09-25,CUST_0112,PRD_A205,Bluetooth Audio Dongle Mini,Accessories,"Store-102 (Indiranagar, Bengaluru)",RETURNING,1,399.0,0.0,399.0,UPI
TXN_20240902814,2024-09-25,CUST_0397,PRD_E101,Paytm Soundbox 4.0 Pro,Electronics,"Store-102 (Indiranagar, Bengaluru)",NEW,1,1499.0,224.85,1274.15,Debit Card
TXN_20240902815,2024-09-25,CUST_0041,PRD_E103,Paytm Smart All-in-One POS,Electronics,"Store-103 (BKC, Mumbai)",RETURNING,1,8499.0,0.0,8499.0,Debit Card
TXN_20240902816,2024-09-25,CUST_0337,PRD_S401,Paytm Business Prime Subscription,Software & Services,"Store-105 (Park Street, Kolkata)",RETURNING,2,999.0,0.0,1998.0,UPI
TXN_20240902817,2024-09-25,CUST_0025,PRD_E104,Wireless Barcode Scanner BT,Electronics,"Store-102 (Indiranagar, Bengaluru)",NEW,1,1899.0,0.0,1899.0,UPI
TXN_20240902818,2024-09-25,CUST_0107,PRD_E103,Paytm Smart All-in-One POS,Electronics,"Store-103 (BKC, Mumbai)",RETURNING,1,8499.0,0.0,8499.0,UPI
TXN_20240902819,2024-09-25,CUST_0385,PRD_E101,Paytm Soundbox 4.0 Pro,Electronics,"Store-104 (Banjara Hills, Hyderabad)",RETURNING,4,1499.0,599.6,5396.4,UPI
TXN_20240902820,2024-09-25,CUST_0065,PRD_M301,Acrylic QR Standee - Dual Bank,Merchant Essentials,"Store-101 (Connaught Place, Delhi)",RETURNING,2,349.0,34.9,663.1,Debit Card
TXN_20240902821,2024-09-25,CUST_0041,PRD_E101,Paytm Soundbox 4.0 Pro,Electronics,"Store-105 (Park Street, Kolkata)",RETURNING,1,1499.0,74.95,1424.05,UPI
TXN_20240902822,2024-09-25,CUST_0444,PRD_E104,Wireless Barcode Scanner BT,Electronics,"Store-101 (Connaught Place, Delhi)",RETURNING,1,1899.0,94.95,1804.05,Credit Card
TXN_20240902823,2024-09-25,CUST_0168,PRD_M304,Merchant Branding Banner Kit,Merchant Essentials,"Store-101 (Connaught Place, Delhi)",RETURNING,2,599.0,0.0,1198.0,UPI
TXN_20240902824,2024-09-25,CUST_0451,PRD_E102,Paytm Card POS Terminal Neo,Electronics,"Store-102 (Indiranagar, Bengaluru)",RETURNING,2,4999.0,0.0,9998.0,UPI
TXN_20240902825,2024-09-25,CUST_0357,PRD_M303,Cash Drawer 4-Slot Auto-Open,Merchant Essentials,"Store-105 (Park Street, Kolkata)",NEW,1,2299.0,0.0,2299.0,UPI
TXN_20240902826,2024-09-25,CUST_0469,PRD_E105,Dynamic Display QR Standee,Electronics,"Store-102 (Indiranagar, Bengaluru)",RETURNING,1,1299.0,64.95,1234.05,Credit Card
TXN_20240902827,2024-09-25,CUST_0108,PRD_E104,Wireless Barcode Scanner BT,Electronics,"Store-105 (Park Street, Kolkata)",RETURNING,2,1899.0,0.0,3798.0,UPI
TXN_20240902828,2024-09-25,CUST_0448,PRD_S403,Priority Settlement Annual Plan,Software & Services,"Store-104 (Banjara Hills, Hyderabad)",NEW,1,1999.0,99.95,1899.05,UPI
TXN_20240902829,2024-09-25,CUST_0341,PRD_E103,Paytm Smart All-in-One POS,Electronics,"Store-103 (BKC, Mumbai)",RETURNING,2,8499.0,0.0,16998.0,UPI
TXN_20240902830,2024-09-25,CUST_0096,PRD_E104,Wireless Barcode Scanner BT,Electronics,"Store-101 (Connaught Place, Delhi)",RETURNING,1,1899.0,0.0,1899.0,Credit Card
TXN_20240902831,2024-09-25,CUST_0022,PRD_M301,Acrylic QR Standee - Dual Bank,Merchant Essentials,"Store-105 (Park Street, Kolkata)",NEW,2,349.0,34.9,663.1,UPI
TXN_20240902832,2024-09-25,CUST_0015,PRD_M304,Merchant Branding Banner Kit,Merchant Essentials,"Store-105 (Park Street, Kolkata)",RETURNING,1,599.0,29.95,569.05,UPI
TXN_20240902833,2024-09-25,CUST_0176,PRD_S401,Paytm Business Prime Subscription,Software & Services,"Store-103 (BKC, Mumbai)",RETURNING,2,999.0,199.8,1798.2,UPI
TXN_20240902834,2024-09-25,CUST_0419,PRD_M301,Acrylic QR Standee - Dual Bank,Merchant Essentials,"Store-104 (Banjara Hills, Hyderabad)",NEW,1,349.0,34.9,314.1,Credit Card
TXN_20240902835,2024-09-25,CUST_0357,PRD_E105,Dynamic Display QR Standee,Electronics,"Store-103 (BKC, Mumbai)",NEW,1,1299.0,0.0,1299.0,UPI
TXN_20240902836,2024-09-25,CUST_0419,PRD_A205,Bluetooth Audio Dongle Mini,Accessories,"Store-103 (BKC, Mumbai)",NEW,1,399.0,0.0,399.0,Paytm Wallet
TXN_20240902837,2024-09-25,CUST_0494,PRD_E102,Paytm Card POS Terminal Neo,Electronics,"Store-102 (Indiranagar, Bengaluru)",RETURNING,1,4999.0,0.0,4999.0,Paytm Wallet
TXN_20240902838,2024-09-25,CUST_0005,PRD_E103,Paytm Smart All-in-One POS,Electronics,"Store-104 (Banjara Hills, Hyderabad)",NEW,1,8499.0,0.0,8499.0,Paytm Wallet
TXN_20240902839,2024-09-25,CUST_0261,PRD_M304,Merchant Branding Banner Kit,Merchant Essentials,"Store-103 (BKC, Mumbai)",RETURNING,1,599.0,29.95,569.05,UPI
TXN_20240902840,2024-09-25,CUST_0297,PRD_E103,Paytm Smart All-in-One POS,Electronics,"Store-103 (BKC, Mumbai)",RETURNING,2,8499.0,849.9,16148.1,Credit Card
TXN_20240902841,2024-09-25,CUST_0023,PRD_E105,Dynamic Display QR Standee,Electronics,"Store-104 (Banjara Hills, Hyderabad)",RETURNING,1,1299.0,194.85,1104.15,Debit Card
TXN_20240902842,2024-09-25,CUST_0321,PRD_S403,Priority Settlement Annual Plan,Software & Services,"Store-101 (Connaught Place, Delhi)",NEW,1,1999.0,0.0,1999.0,UPI
TXN_20240902843,2024-09-25,CUST_0440,PRD_E103,Paytm Smart All-in-One POS,Electronics,"Store-105 (Park Street, Kolkata)",RETURNING,1,8499.0,849.9,7649.1,Debit Card
TXN_20240902844,2024-09-25,CUST_0180,PRD_E102,Paytm Card POS Terminal Neo,Electronics,"Store-102 (Indiranagar, Bengaluru)",RETURNING,2,4999.0,499.9,9498.1,Net Banking
TXN_20240902845,2024-09-25,CUST_0070,PRD_M304,Merchant Branding Banner Kit,Merchant Essentials,"Store-101 (Connaught Place, Delhi)",RETURNING,1,599.0,0.0,599.0,Paytm Wallet
TXN_20240902846,2024-09-25,CUST_0413,PRD_A202,POS Charging Cradle Dock,Accessories,"Store-105 (Park Street, Kolkata)",RETURNING,5,699.0,349.5,3145.5,Debit Card
TXN_20240902847,2024-09-25,CUST_0421,PRD_E103,Paytm Smart All-in-One POS,Electronics,"Store-101 (Connaught Place, Delhi)",NEW,1,8499.0,1274.85,7224.15,Credit Card
TXN_20240902848,2024-09-25,CUST_0390,PRD_A201,Soundbox Replacement Battery,Accessories,"Store-101 (Connaught Place, Delhi)",RETURNING,2,499.0,49.9,948.1,Credit Card
TXN_20240902849,2024-09-25,CUST_0184,PRD_S403,Priority Settlement Annual Plan,Software & Services,"Store-102 (Indiranagar, Bengaluru)",NEW,1,1999.0,0.0,1999.0,UPI
TXN_20240902850,2024-09-25,CUST_0244,PRD_E105,Dynamic Display QR Standee,Electronics,"Store-103 (BKC, Mumbai)",NEW,1,1299.0,64.95,1234.05,Credit Card
TXN_20240902851,2024-09-25,CUST_0319,PRD_S401,Paytm Business Prime Subscription,Software & Services,"Store-103 (BKC, Mumbai)",NEW,1,999.0,99.9,899.1,Net Banking
TXN_20240902852,2024-09-25,CUST_0497,PRD_E101,Paytm Soundbox 4.0 Pro,Electronics,"Store-105 (Park Street, Kolkata)",RETURNING,2,1499.0,0.0,2998.0,UPI
TXN_20240902853,2024-09-25,CUST_0021,PRD_S402,Automated Tally Accounting Sync,Software & Services,"Store-101 (Connaught Place, Delhi)",RETURNING,2,1499.0,299.8,2698.2,Net Banking
TXN_20240902854,2024-09-25,CUST_0313,PRD_E101,Paytm Soundbox 4.0 Pro,Electronics,"Store-103 (BKC, Mumbai)",RETURNING,2,1499.0,0.0,2998.0,UPI
TXN_20240902855,2024-09-25,CUST_0011,PRD_E101,Paytm Soundbox 4.0 Pro,Electronics,"Store-104 (Banjara Hills, Hyderabad)",NEW,1,1499.0,149.9,1349.1,UPI
TXN_20240902856,2024-09-25,CUST_0290,PRD_E103,Paytm Smart All-in-One POS,Electronics,"Store-103 (BKC, Mumbai)",RETURNING,1,8499.0,849.9,7649.1,Credit Card
TXN_20240902857,2024-09-25,CUST_0031,PRD_A204,Heavy Duty POS Lanyard Strap,Accessories,"Store-105 (Park Street, Kolkata)",NEW,1,149.0,22.35,126.65,Paytm Wallet
TXN_20240902858,2024-09-25,CUST_0074,PRD_M302,Voice Box Mounting Bracket,Merchant Essentials,"Store-105 (Park Street, Kolkata)",NEW,3,249.0,0.0,747.0,Credit Card
TXN_20240902859,2024-09-25,CUST_0286,PRD_E105,Dynamic Display QR Standee,Electronics,"Store-104 (Banjara Hills, Hyderabad)",RETURNING,5,1299.0,324.75,6170.25,UPI
TXN_20240902860,2024-09-25,CUST_0091,PRD_E104,Wireless Barcode Scanner BT,Electronics,"Store-104 (Banjara Hills, Hyderabad)",RETURNING,2,1899.0,0.0,3798.0,UPI
TXN_20240902861,2024-09-25,CUST_0427,PRD_S401,Paytm Business Prime Subscription,Software & Services,"Store-102 (Indiranagar, Bengaluru)",RETURNING,2,999.0,99.9,1898.1,Credit Card
TXN_20240902862,2024-09-25,CUST_0019,PRD_E102,Paytm Card POS Terminal Neo,Electronics,"Store-104 (Banjara Hills, Hyderabad)",RETURNING,2,4999.0,0.0,9998.0,UPI
TXN_20240902863,2024-09-25,CUST_0007,PRD_E102,Paytm Card POS Terminal Neo,Electronics,"Store-104 (Banjara Hills, Hyderabad)",RETURNING,1,4999.0,0.0,4999.0,Paytm Wallet
TXN_20240902864,2024-09-25,CUST_0399,PRD_E101,Paytm Soundbox 4.0 Pro,Electronics,"Store-105 (Park Street, Kolkata)",NEW,1,1499.0,149.9,1349.1,UPI
TXN_20240902865,2024-09-25,CUST_0411,PRD_E105,Dynamic Display QR Standee,Electronics,"Store-102 (Indiranagar, Bengaluru)",RETURNING,1,1299.0,0.0,1299.0,UPI
TXN_20240902866,2024-09-25,CUST_0016,PRD_E101,Paytm Soundbox 4.0 Pro,Electronics,"Store-104 (Banjara Hills, Hyderabad)",RETURNING,1,1499.0,0.0,1499.0,UPI
TXN_20240902867,2024-09-25,CUST_0070,PRD_E104,Wireless Barcode Scanner BT,Electronics,"Store-105 (Park Street, Kolkata)",RETURNING,4,1899.0,379.8,7216.2,Credit Card
TXN_20240902868,2024-09-25,CUST_0046,PRD_E102,Paytm Card POS Terminal Neo,Electronics,"Store-101 (Connaught Place, Delhi)",NEW,1,4999.0,0.0,4999.0,UPI
TXN_20240902869,2024-09-25,CUST_0105,PRD_A202,POS Charging Cradle Dock,Accessories,"Store-104 (Banjara Hills, Hyderabad)",NEW,1,699.0,34.95,664.05,UPI
TXN_20240902870,2024-09-25,CUST_0039,PRD_A205,Bluetooth Audio Dongle Mini,Accessories,"Store-104 (Banjara Hills, Hyderabad)",RETURNING,2,399.0,79.8,718.2,UPI
TXN_20240902871,2024-09-25,CUST_0446,PRD_S402,Automated Tally Accounting Sync,Software & Services,"Store-103 (BKC, Mumbai)",RETURNING,1,1499.0,224.85,1274.15,UPI
TXN_20240902872,2024-09-25,CUST_0086,PRD_A202,POS Charging Cradle Dock,Accessories,"Store-101 (Connaught Place, Delhi)",RETURNING,2,699.0,0.0,1398.0,UPI
TXN_20240902873,2024-09-25,CUST_0028,PRD_S403,Priority Settlement Annual Plan,Software & Services,"Store-102 (Indiranagar, Bengaluru)",RETURNING,2,1999.0,0.0,3998.0,Debit Card
TXN_20240902874,2024-09-25,CUST_0463,PRD_E102,Paytm Card POS Terminal Neo,Electronics,"Store-103 (BKC, Mumbai)",RETURNING,1,4999.0,0.0,4999.0,UPI
TXN_20240902875,2024-09-25,CUST_0110,PRD_S401,Paytm Business Prime Subscription,Software & Services,"Store-103 (BKC, Mumbai)",NEW,2,999.0,0.0,1998.0,Credit Card
TXN_20240902876,2024-09-25,CUST_0480,PRD_M301,Acrylic QR Standee - Dual Bank,Merchant Essentials,"Store-101 (Connaught Place, Delhi)",NEW,1,349.0,0.0,349.0,Debit Card
TXN_20240902877,2024-09-25,CUST_0409,PRD_M304,Merchant Branding Banner Kit,Merchant Essentials,"Store-102 (Indiranagar, Bengaluru)",NEW,1,599.0,0.0,599.0,Credit Card
TXN_20240902878,2024-09-25,CUST_0216,PRD_A205,Bluetooth Audio Dongle Mini,Accessories,"Store-103 (BKC, Mumbai)",RETURNING,2,399.0,0.0,798.0,UPI
TXN_20240902879,2024-09-25,CUST_0334,PRD_E105,Dynamic Display QR Standee,Electronics,"Store-103 (BKC, Mumbai)",RETURNING,2,1299.0,389.7,2208.3,UPI
TXN_20240902880,2024-09-25,CUST_0486,PRD_E104,Wireless Barcode Scanner BT,Electronics,"Store-103 (BKC, Mumbai)",NEW,1,1899.0,0.0,1899.0,UPI
TXN_20240902881,2024-09-25,CUST_0068,PRD_E102,Paytm Card POS Terminal Neo,Electronics,"Store-105 (Park Street, Kolkata)",NEW,1,4999.0,0.0,4999.0,Paytm Wallet
TXN_20240902882,2024-09-25,CUST_0298,PRD_S402,Automated Tally Accounting Sync,Software & Services,"Store-101 (Connaught Place, Delhi)",NEW,1,1499.0,0.0,1499.0,Net Banking
TXN_20240902883,2024-09-25,CUST_0388,PRD_M301,Acrylic QR Standee - Dual Bank,Merchant Essentials,"Store-105 (Park Street, Kolkata)",NEW,2,349.0,69.8,628.2,UPI
TXN_20240902884,2024-09-25,CUST_0285,PRD_E105,Dynamic Display QR Standee,Electronics,"Store-105 (Park Street, Kolkata)",NEW,1,1299.0,0.0,1299.0,UPI
TXN_20240902885,2024-09-25,CUST_0031,PRD_S401,Paytm Business Prime Subscription,Software & Services,"Store-105 (Park Street, Kolkata)",NEW,1,999.0,0.0,999.0,UPI
TXN_20240902886,2024-09-25,CUST_0262,PRD_M302,Voice Box Mounting Bracket,Merchant Essentials,"Store-104 (Banjara Hills, Hyderabad)",RETURNING,2,249.0,0.0,498.0,Credit Card
TXN_20240902887,2024-09-25,CUST_0293,PRD_E101,Paytm Soundbox 4.0 Pro,Electronics,"Store-103 (BKC, Mumbai)",RETURNING,1,1499.0,0.0,1499.0,UPI
TXN_20240902888,2024-09-25,CUST_0026,PRD_E105,Dynamic Display QR Standee,Electronics,"Store-105 (Park Street, Kolkata)",RETURNING,3,1299.0,584.55,3312.45,UPI
TXN_20240902889,2024-09-25,CUST_0312,PRD_S403,Priority Settlement Annual Plan,Software & Services,"Store-102 (Indiranagar, Bengaluru)",NEW,2,1999.0,399.8,3598.2,Paytm Wallet
TXN_20240902890,2024-09-25,CUST_0143,PRD_A202,POS Charging Cradle Dock,Accessories,"Store-105 (Park Street, Kolkata)",RETURNING,1,699.0,104.85,594.15,UPI
TXN_20240902891,2024-09-25,CUST_0061,PRD_E103,Paytm Smart All-in-One POS,Electronics,"Store-105 (Park Street, Kolkata)",NEW,1,8499.0,0.0,8499.0,UPI
TXN_20240902892,2024-09-25,CUST_0366,PRD_M304,Merchant Branding Banner Kit,Merchant Essentials,"Store-102 (Indiranagar, Bengaluru)",RETURNING,2,599.0,59.9,1138.1,UPI
TXN_20240902893,2024-09-25,CUST_0481,PRD_M302,Voice Box Mounting Bracket,Merchant Essentials,"Store-101 (Connaught Place, Delhi)",RETURNING,1,249.0,24.9,224.1,Debit Card
TXN_20240902894,2024-09-25,CUST_0002,PRD_E101,Paytm Soundbox 4.0 Pro,Electronics,"Store-101 (Connaught Place, Delhi)",NEW,1,1499.0,0.0,1499.0,Debit Card
TXN_20240902895,2024-09-25,CUST_0381,PRD_M302,Voice Box Mounting Bracket,Merchant Essentials,"Store-104 (Banjara Hills, Hyderabad)",NEW,1,249.0,12.45,236.55,Credit Card
TXN_20240902896,2024-09-25,CUST_0002,PRD_A201,Soundbox Replacement Battery,Accessories,"Store-105 (Park Street, Kolkata)",NEW,2,499.0,49.9,948.1,UPI
TXN_20240902897,2024-09-25,CUST_0130,PRD_E102,Paytm Card POS Terminal Neo,Electronics,"Store-101 (Connaught Place, Delhi)",NEW,1,4999.0,749.85,4249.15,Debit Card
TXN_20240902898,2024-09-25,CUST_0197,PRD_A203,Thermal Receipt Rolls (Pack of 10),Accessories,"Store-102 (Indiranagar, Bengaluru)",RETURNING,3,299.0,44.85,852.15,Paytm Wallet
TXN_20240902899,2024-09-25,CUST_0380,PRD_M304,Merchant Branding Banner Kit,Merchant Essentials,"Store-105 (Park Street, Kolkata)",RETURNING,3,599.0,89.85,1707.15,Credit Card
TXN_20240902900,2024-09-25,CUST_0023,PRD_E104,Wireless Barcode Scanner BT,Electronics,"Store-105 (Park Street, Kolkata)",RETURNING,2,1899.0,189.9,3608.1,Debit Card
TXN_20240902901,2024-09-25,CUST_0043,PRD_S402,Automated Tally Accounting Sync,Software & Services,"Store-105 (Park Street, Kolkata)",RETURNING,1,1499.0,0.0,1499.0,UPI
TXN_20240902902,2024-09-25,CUST_0012,PRD_S402,Automated Tally Accounting Sync,Software & Services,"Store-105 (Park Street, Kolkata)",RETURNING,1,1499.0,0.0,1499.0,UPI
TXN_20240902903,2024-09-25,CUST_0050,PRD_M302,Voice Box Mounting Bracket,Merchant Essentials,"Store-102 (Indiranagar, Bengaluru)",RETURNING,4,249.0,0.0,996.0,Net Banking
TXN_20240902904,2024-09-25,CUST_0163,PRD_E101,Paytm Soundbox 4.0 Pro,Electronics,"Store-105 (Park Street, Kolkata)",RETURNING,1,1499.0,0.0,1499.0,UPI
TXN_20240902905,2024-09-25,CUST_0389,PRD_A203,Thermal Receipt Rolls (Pack of 10),Accessories,"Store-103 (BKC, Mumbai)",RETURNING,2,299.0,29.9,568.1,Debit Card
TXN_20240902906,2024-09-25,CUST_0341,PRD_E101,Paytm Soundbox 4.0 Pro,Electronics,"Store-103 (BKC, Mumbai)",RETURNING,1,1499.0,0.0,1499.0,UPI
TXN_20240902907,2024-09-25,CUST_0229,PRD_E104,Wireless Barcode Scanner BT,Electronics,"Store-105 (Park Street, Kolkata)",RETURNING,1,1899.0,94.95,1804.05,Credit Card
TXN_20240902908,2024-09-25,CUST_0442,PRD_E105,Dynamic Display QR Standee,Electronics,"Store-104 (Banjara Hills, Hyderabad)",RETURNING,2,1299.0,0.0,2598.0,UPI
TXN_20240902909,2024-09-25,CUST_0452,PRD_A205,Bluetooth Audio Dongle Mini,Accessories,"Store-101 (Connaught Place, Delhi)",RETURNING,2,399.0,39.9,758.1,UPI
TXN_20240902910,2024-09-25,CUST_0260,PRD_E102,Paytm Card POS Terminal Neo,Electronics,"Store-102 (Indiranagar, Bengaluru)",RETURNING,1,4999.0,249.95,4749.05,Debit Card
TXN_20240902911,2024-09-25,CUST_0496,PRD_E101,Paytm Soundbox 4.0 Pro,Electronics,"Store-104 (Banjara Hills, Hyderabad)",RETURNING,1,1499.0,74.95,1424.05,UPI
TXN_20240902912,2024-09-25,CUST_0135,PRD_M301,Acrylic QR Standee - Dual Bank,Merchant Essentials,"Store-102 (Indiranagar, Bengaluru)",RETURNING,1,349.0,0.0,349.0,Paytm Wallet
TXN_20240902913,2024-09-25,CUST_0211,PRD_E104,Wireless Barcode Scanner BT,Electronics,"Store-102 (Indiranagar, Bengaluru)",NEW,1,1899.0,94.95,1804.05,UPI
TXN_20240902914,2024-09-25,CUST_0045,PRD_E102,Paytm Card POS Terminal Neo,Electronics,"Store-101 (Connaught Place, Delhi)",RETURNING,5,4999.0,0.0,24995.0,Credit Card
TXN_20240902915,2024-09-25,CUST_0055,PRD_A202,POS Charging Cradle Dock,Accessories,"Store-104 (Banjara Hills, Hyderabad)",RETURNING,3,699.0,209.7,1887.3,Paytm Wallet
TXN_20240902916,2024-09-25,CUST_0178,PRD_A203,Thermal Receipt Rolls (Pack of 10),Accessories,"Store-103 (BKC, Mumbai)",NEW,1,299.0,29.9,269.1,UPI
TXN_20240902917,2024-09-25,CUST_0017,PRD_E101,Paytm Soundbox 4.0 Pro,Electronics,"Store-105 (Park Street, Kolkata)",RETURNING,2,1499.0,0.0,2998.0,UPI
TXN_20240902918,2024-09-25,CUST_0044,PRD_E102,Paytm Card POS Terminal Neo,Electronics,"Store-102 (Indiranagar, Bengaluru)",RETURNING,1,4999.0,0.0,4999.0,Credit Card
TXN_20240902919,2024-09-25,CUST_0382,PRD_S401,Paytm Business Prime Subscription,Software & Services,"Store-102 (Indiranagar, Bengaluru)",NEW,5,999.0,0.0,4995.0,Credit Card
TXN_20240902920,2024-09-25,CUST_0474,PRD_A205,Bluetooth Audio Dongle Mini,Accessories,"Store-101 (Connaught Place, Delhi)",NEW,1,399.0,0.0,399.0,Credit Card
TXN_20240902921,2024-09-25,CUST_0136,PRD_S402,Automated Tally Accounting Sync,Software & Services,"Store-103 (BKC, Mumbai)",RETURNING,1,1499.0,0.0,1499.0,UPI
TXN_20240902922,2024-09-25,CUST_0490,PRD_M303,Cash Drawer 4-Slot Auto-Open,Merchant Essentials,"Store-103 (BKC, Mumbai)",RETURNING,1,2299.0,344.85,1954.15,UPI
TXN_20240902923,2024-09-25,CUST_0091,PRD_S401,Paytm Business Prime Subscription,Software & Services,"Store-104 (Banjara Hills, Hyderabad)",RETURNING,2,999.0,99.9,1898.1,UPI
TXN_20240902924,2024-09-25,CUST_0495,PRD_E101,Paytm Soundbox 4.0 Pro,Electronics,"Store-105 (Park Street, Kolkata)",NEW,1,1499.0,0.0,1499.0,UPI
TXN_20240902925,2024-09-25,CUST_0369,PRD_M302,Voice Box Mounting Bracket,Merchant Essentials,"Store-102 (Indiranagar, Bengaluru)",RETURNING,3,249.0,74.7,672.3,UPI
TXN_20240902926,2024-09-25,CUST_0180,PRD_A202,POS Charging Cradle Dock,Accessories,"Store-104 (Banjara Hills, Hyderabad)",RETURNING,1,699.0,34.95,664.05,UPI
TXN_20240902927,2024-09-25,CUST_0163,PRD_M302,Voice Box Mounting Bracket,Merchant Essentials,"Store-102 (Indiranagar, Bengaluru)",RETURNING,2,249.0,0.0,498.0,UPI
TXN_20240902928,2024-09-25,CUST_0002,PRD_A201,Soundbox Replacement Battery,Accessories,"Store-104 (Banjara Hills, Hyderabad)",NEW,1,499.0,0.0,499.0,UPI
TXN_20240902929,2024-09-25,CUST_0358,PRD_M303,Cash Drawer 4-Slot Auto-Open,Merchant Essentials,"Store-102 (Indiranagar, Bengaluru)",RETURNING,2,2299.0,0.0,4598.0,Paytm Wallet
TXN_20240902930,2024-09-25,CUST_0451,PRD_E105,Dynamic Display QR Standee,Electronics,"Store-104 (Banjara Hills, Hyderabad)",RETURNING,2,1299.0,259.8,2338.2,UPI
TXN_20240902931,2024-09-25,CUST_0320,PRD_E103,Paytm Smart All-in-One POS,Electronics,"Store-104 (Banjara Hills, Hyderabad)",RETURNING,2,8499.0,849.9,16148.1,Credit Card
TXN_20240902932,2024-09-25,CUST_0186,PRD_E101,Paytm Soundbox 4.0 Pro,Electronics,"Store-104 (Banjara Hills, Hyderabad)",NEW,3,1499.0,0.0,4497.0,UPI
TXN_20240902933,2024-09-25,CUST_0257,PRD_A203,Thermal Receipt Rolls (Pack of 10),Accessories,"Store-103 (BKC, Mumbai)",NEW,3,299.0,0.0,897.0,UPI
TXN_20240902934,2024-09-25,CUST_0140,PRD_M303,Cash Drawer 4-Slot Auto-Open,Merchant Essentials,"Store-103 (BKC, Mumbai)",RETURNING,1,2299.0,229.9,2069.1,Debit Card
TXN_20240902935,2024-09-25,CUST_0281,PRD_E102,Paytm Card POS Terminal Neo,Electronics,"Store-101 (Connaught Place, Delhi)",NEW,1,4999.0,0.0,4999.0,Credit Card
TXN_20240902936,2024-09-26,CUST_0130,PRD_A204,Heavy Duty POS Lanyard Strap,Accessories,"Store-103 (BKC, Mumbai)",NEW,1,149.0,0.0,149.0,Debit Card
TXN_20240902937,2024-09-26,CUST_0009,PRD_S403,Priority Settlement Annual Plan,Software & Services,"Store-103 (BKC, Mumbai)",RETURNING,2,1999.0,0.0,3998.0,UPI
TXN_20240902938,2024-09-26,CUST_0344,PRD_M301,Acrylic QR Standee - Dual Bank,Merchant Essentials,"Store-104 (Banjara Hills, Hyderabad)",NEW,2,349.0,34.9,663.1,UPI
TXN_20240902939,2024-09-26,CUST_0076,PRD_E105,Dynamic Display QR Standee,Electronics,"Store-101 (Connaught Place, Delhi)",NEW,2,1299.0,0.0,2598.0,UPI
TXN_20240902940,2024-09-26,CUST_0173,PRD_M301,Acrylic QR Standee - Dual Bank,Merchant Essentials,"Store-103 (BKC, Mumbai)",RETURNING,1,349.0,34.9,314.1,Credit Card
TXN_20240902941,2024-09-26,CUST_0271,PRD_A201,Soundbox Replacement Battery,Accessories,"Store-105 (Park Street, Kolkata)",RETURNING,2,499.0,149.7,848.3,UPI
TXN_20240902942,2024-09-26,CUST_0444,PRD_M303,Cash Drawer 4-Slot Auto-Open,Merchant Essentials,"Store-103 (BKC, Mumbai)",RETURNING,2,2299.0,689.7,3908.3,UPI
TXN_20240902943,2024-09-26,CUST_0083,PRD_M303,Cash Drawer 4-Slot Auto-Open,Merchant Essentials,"Store-103 (BKC, Mumbai)",NEW,1,2299.0,114.95,2184.05,UPI
TXN_20240902944,2024-09-26,CUST_0411,PRD_M302,Voice Box Mounting Bracket,Merchant Essentials,"Store-102 (Indiranagar, Bengaluru)",RETURNING,3,249.0,0.0,747.0,UPI
TXN_20240902945,2024-09-26,CUST_0381,PRD_S402,Automated Tally Accounting Sync,Software & Services,"Store-104 (Banjara Hills, Hyderabad)",NEW,1,1499.0,224.85,1274.15,UPI
TXN_20240902946,2024-09-26,CUST_0052,PRD_M302,Voice Box Mounting Bracket,Merchant Essentials,"Store-105 (Park Street, Kolkata)",NEW,1,249.0,37.35,211.65,UPI
TXN_20240902947,2024-09-26,CUST_0032,PRD_S403,Priority Settlement Annual Plan,Software & Services,"Store-102 (Indiranagar, Bengaluru)",NEW,1,1999.0,0.0,1999.0,Debit Card
TXN_20240902948,2024-09-26,CUST_0319,PRD_A204,Heavy Duty POS Lanyard Strap,Accessories,"Store-101 (Connaught Place, Delhi)",NEW,1,149.0,14.9,134.1,UPI
TXN_20240902949,2024-09-26,CUST_0007,PRD_E103,Paytm Smart All-in-One POS,Electronics,"Store-104 (Banjara Hills, Hyderabad)",RETURNING,3,8499.0,2549.7,22947.3,UPI
TXN_20240902950,2024-09-26,CUST_0051,PRD_A203,Thermal Receipt Rolls (Pack of 10),Accessories,"Store-104 (Banjara Hills, Hyderabad)",RETURNING,2,299.0,0.0,598.0,Credit Card
TXN_20240902951,2024-09-26,CUST_0453,PRD_A205,Bluetooth Audio Dongle Mini,Accessories,"Store-104 (Banjara Hills, Hyderabad)",NEW,2,399.0,0.0,798.0,Paytm Wallet
TXN_20240902952,2024-09-26,CUST_0182,PRD_M301,Acrylic QR Standee - Dual Bank,Merchant Essentials,"Store-105 (Park Street, Kolkata)",NEW,3,349.0,157.05,889.95,Credit Card
TXN_20240902953,2024-09-26,CUST_0133,PRD_E101,Paytm Soundbox 4.0 Pro,Electronics,"Store-103 (BKC, Mumbai)",RETURNING,2,1499.0,299.8,2698.2,UPI
TXN_20240902954,2024-09-26,CUST_0187,PRD_S402,Automated Tally Accounting Sync,Software & Services,"Store-101 (Connaught Place, Delhi)",RETURNING,1,1499.0,0.0,1499.0,UPI
TXN_20240902955,2024-09-26,CUST_0085,PRD_M301,Acrylic QR Standee - Dual Bank,Merchant Essentials,"Store-101 (Connaught Place, Delhi)",RETURNING,2,349.0,34.9,663.1,Debit Card
TXN_20240902956,2024-09-26,CUST_0228,PRD_A201,Soundbox Replacement Battery,Accessories,"Store-101 (Connaught Place, Delhi)",NEW,1,499.0,49.9,449.1,Credit Card
TXN_20240902957,2024-09-26,CUST_0029,PRD_M302,Voice Box Mounting Bracket,Merchant Essentials,"Store-104 (Banjara Hills, Hyderabad)",RETURNING,1,249.0,0.0,249.0,Credit Card
TXN_20240902958,2024-09-26,CUST_0263,PRD_E102,Paytm Card POS Terminal Neo,Electronics,"Store-105 (Park Street, Kolkata)",RETURNING,1,4999.0,0.0,4999.0,UPI
TXN_20240902959,2024-09-26,CUST_0306,PRD_M304,Merchant Branding Banner Kit,Merchant Essentials,"Store-105 (Park Street, Kolkata)",RETURNING,1,599.0,29.95,569.05,Debit Card
TXN_20240902960,2024-09-26,CUST_0275,PRD_E102,Paytm Card POS Terminal Neo,Electronics,"Store-103 (BKC, Mumbai)",NEW,2,4999.0,0.0,9998.0,Net Banking
TXN_20240902961,2024-09-26,CUST_0287,PRD_M304,Merchant Branding Banner Kit,Merchant Essentials,"Store-101 (Connaught Place, Delhi)",RETURNING,1,599.0,0.0,599.0,Credit Card
TXN_20240902962,2024-09-26,CUST_0282,PRD_E104,Wireless Barcode Scanner BT,Electronics,"Store-103 (BKC, Mumbai)",RETURNING,1,1899.0,0.0,1899.0,UPI
TXN_20240902963,2024-09-26,CUST_0132,PRD_M301,Acrylic QR Standee - Dual Bank,Merchant Essentials,"Store-103 (BKC, Mumbai)",RETURNING,1,349.0,0.0,349.0,UPI
TXN_20240902964,2024-09-26,CUST_0096,PRD_E102,Paytm Card POS Terminal Neo,Electronics,"Store-101 (Connaught Place, Delhi)",RETURNING,2,4999.0,1499.7,8498.3,Credit Card
TXN_20240902965,2024-09-26,CUST_0391,PRD_E104,Wireless Barcode Scanner BT,Electronics,"Store-103 (BKC, Mumbai)",NEW,2,1899.0,0.0,3798.0,Credit Card
TXN_20240902966,2024-09-26,CUST_0011,PRD_E104,Wireless Barcode Scanner BT,Electronics,"Store-104 (Banjara Hills, Hyderabad)",NEW,1,1899.0,0.0,1899.0,UPI
TXN_20240902967,2024-09-26,CUST_0354,PRD_E102,Paytm Card POS Terminal Neo,Electronics,"Store-105 (Park Street, Kolkata)",RETURNING,2,4999.0,0.0,9998.0,Credit Card
TXN_20240902968,2024-09-26,CUST_0450,PRD_S402,Automated Tally Accounting Sync,Software & Services,"Store-101 (Connaught Place, Delhi)",RETURNING,1,1499.0,149.9,1349.1,Net Banking
TXN_20240902969,2024-09-26,CUST_0422,PRD_E102,Paytm Card POS Terminal Neo,Electronics,"Store-101 (Connaught Place, Delhi)",RETURNING,1,4999.0,0.0,4999.0,UPI
TXN_20240902970,2024-09-26,CUST_0482,PRD_S402,Automated Tally Accounting Sync,Software & Services,"Store-105 (Park Street, Kolkata)",RETURNING,2,1499.0,0.0,2998.0,Debit Card
TXN_20240902971,2024-09-26,CUST_0360,PRD_M302,Voice Box Mounting Bracket,Merchant Essentials,"Store-101 (Connaught Place, Delhi)",RETURNING,1,249.0,12.45,236.55,UPI
TXN_20240902972,2024-09-26,CUST_0438,PRD_E103,Paytm Smart All-in-One POS,Electronics,"Store-101 (Connaught Place, Delhi)",RETURNING,2,8499.0,2549.7,14448.3,Credit Card
TXN_20240902973,2024-09-26,CUST_0308,PRD_M303,Cash Drawer 4-Slot Auto-Open,Merchant Essentials,"Store-101 (Connaught Place, Delhi)",RETURNING,2,2299.0,0.0,4598.0,UPI
TXN_20240902974,2024-09-26,CUST_0189,PRD_S401,Paytm Business Prime Subscription,Software & Services,"Store-104 (Banjara Hills, Hyderabad)",NEW,1,999.0,0.0,999.0,Debit Card
TXN_20240902975,2024-09-26,CUST_0282,PRD_S403,Priority Settlement Annual Plan,Software & Services,"Store-103 (BKC, Mumbai)",RETURNING,1,1999.0,0.0,1999.0,Debit Card
TXN_20240902976,2024-09-26,CUST_0315,PRD_M304,Merchant Branding Banner Kit,Merchant Essentials,"Store-102 (Indiranagar, Bengaluru)",NEW,1,599.0,0.0,599.0,UPI
TXN_20240902977,2024-09-26,CUST_0009,PRD_M303,Cash Drawer 4-Slot Auto-Open,Merchant Essentials,"Store-103 (BKC, Mumbai)",RETURNING,2,2299.0,459.8,4138.2,UPI
TXN_20240902978,2024-09-26,CUST_0259,PRD_M303,Cash Drawer 4-Slot Auto-Open,Merchant Essentials,"Store-105 (Park Street, Kolkata)",RETURNING,2,2299.0,0.0,4598.0,UPI
TXN_20240902979,2024-09-26,CUST_0283,PRD_E104,Wireless Barcode Scanner BT,Electronics,"Store-101 (Connaught Place, Delhi)",NEW,1,1899.0,189.9,1709.1,Net Banking
TXN_20240902980,2024-09-26,CUST_0465,PRD_E105,Dynamic Display QR Standee,Electronics,"Store-101 (Connaught Place, Delhi)",NEW,1,1299.0,64.95,1234.05,Debit Card
TXN_20240902981,2024-09-26,CUST_0255,PRD_A201,Soundbox Replacement Battery,Accessories,"Store-103 (BKC, Mumbai)",RETURNING,2,499.0,99.8,898.2,Credit Card
TXN_20240902982,2024-09-26,CUST_0391,PRD_M301,Acrylic QR Standee - Dual Bank,Merchant Essentials,"Store-105 (Park Street, Kolkata)",NEW,1,349.0,0.0,349.0,UPI
TXN_20240902983,2024-09-26,CUST_0079,PRD_E103,Paytm Smart All-in-One POS,Electronics,"Store-103 (BKC, Mumbai)",RETURNING,1,8499.0,1274.85,7224.15,Debit Card
TXN_20240902984,2024-09-26,CUST_0217,PRD_M303,Cash Drawer 4-Slot Auto-Open,Merchant Essentials,"Store-104 (Banjara Hills, Hyderabad)",NEW,1,2299.0,0.0,2299.0,UPI
TXN_20240902985,2024-09-26,CUST_0014,PRD_E105,Dynamic Display QR Standee,Electronics,"Store-101 (Connaught Place, Delhi)",RETURNING,2,1299.0,0.0,2598.0,Debit Card
TXN_20240902986,2024-09-26,CUST_0387,PRD_A205,Bluetooth Audio Dongle Mini,Accessories,"Store-105 (Park Street, Kolkata)",NEW,5,399.0,199.5,1795.5,UPI
TXN_20240902987,2024-09-26,CUST_0371,PRD_E101,Paytm Soundbox 4.0 Pro,Electronics,"Store-101 (Connaught Place, Delhi)",NEW,1,1499.0,0.0,1499.0,UPI
TXN_20240902988,2024-09-26,CUST_0009,PRD_M303,Cash Drawer 4-Slot Auto-Open,Merchant Essentials,"Store-104 (Banjara Hills, Hyderabad)",RETURNING,2,2299.0,0.0,4598.0,Debit Card
TXN_20240902989,2024-09-26,CUST_0362,PRD_E105,Dynamic Display QR Standee,Electronics,"Store-102 (Indiranagar, Bengaluru)",NEW,1,1299.0,0.0,1299.0,UPI
TXN_20240902990,2024-09-26,CUST_0133,PRD_M303,Cash Drawer 4-Slot Auto-Open,Merchant Essentials,"Store-104 (Banjara Hills, Hyderabad)",RETURNING,1,2299.0,0.0,2299.0,UPI
TXN_20240902991,2024-09-26,CUST_0285,PRD_A201,Soundbox Replacement Battery,Accessories,"Store-103 (BKC, Mumbai)",NEW,5,499.0,0.0,2495.0,UPI
TXN_20240902992,2024-09-26,CUST_0070,PRD_E101,Paytm Soundbox 4.0 Pro,Electronics,"Store-104 (Banjara Hills, Hyderabad)",RETURNING,2,1499.0,449.7,2548.3,Debit Card
TXN_20240902993,2024-09-26,CUST_0362,PRD_E103,Paytm Smart All-in-One POS,Electronics,"Store-103 (BKC, Mumbai)",NEW,1,8499.0,424.95,8074.05,Paytm Wallet
TXN_20240902994,2024-09-26,CUST_0244,PRD_E105,Dynamic Display QR Standee,Electronics,"Store-102 (Indiranagar, Bengaluru)",NEW,1,1299.0,0.0,1299.0,Net Banking
TXN_20240902995,2024-09-26,CUST_0221,PRD_M302,Voice Box Mounting Bracket,Merchant Essentials,"Store-104 (Banjara Hills, Hyderabad)",RETURNING,1,249.0,12.45,236.55,UPI
TXN_20240902996,2024-09-26,CUST_0135,PRD_A201,Soundbox Replacement Battery,Accessories,"Store-105 (Park Street, Kolkata)",RETURNING,5,499.0,0.0,2495.0,UPI
TXN_20240902997,2024-09-26,CUST_0172,PRD_M303,Cash Drawer 4-Slot Auto-Open,Merchant Essentials,"Store-102 (Indiranagar, Bengaluru)",NEW,1,2299.0,0.0,2299.0,UPI
TXN_20240902998,2024-09-26,CUST_0269,PRD_S402,Automated Tally Accounting Sync,Software & Services,"Store-105 (Park Street, Kolkata)",NEW,2,1499.0,149.9,2848.1,Credit Card
TXN_20240902999,2024-09-26,CUST_0381,PRD_E101,Paytm Soundbox 4.0 Pro,Electronics,"Store-103 (BKC, Mumbai)",NEW,1,1499.0,0.0,1499.0,Paytm Wallet
TXN_20240903000,2024-09-26,CUST_0398,PRD_E101,Paytm Soundbox 4.0 Pro,Electronics,"Store-102 (Indiranagar, Bengaluru)",RETURNING,1,1499.0,0.0,1499.0,UPI
TXN_20240903001,2024-09-26,CUST_0243,PRD_A201,Soundbox Replacement Battery,Accessories,"Store-104 (Banjara Hills, Hyderabad)",NEW,1,499.0,0.0,499.0,UPI
TXN_20240903002,2024-09-26,CUST_0224,PRD_M304,Merchant Branding Banner Kit,Merchant Essentials,"Store-105 (Park Street, Kolkata)",NEW,1,599.0,0.0,599.0,Debit Card
TXN_20240903003,2024-09-26,CUST_0270,PRD_E103,Paytm Smart All-in-One POS,Electronics,"Store-102 (Indiranagar, Bengaluru)",NEW,1,8499.0,849.9,7649.1,Credit Card
TXN_20240903004,2024-09-26,CUST_0067,PRD_E105,Dynamic Display QR Standee,Electronics,"Store-102 (Indiranagar, Bengaluru)",NEW,1,1299.0,64.95,1234.05,UPI
TXN_20240903005,2024-09-26,CUST_0330,PRD_E102,Paytm Card POS Terminal Neo,Electronics,"Store-101 (Connaught Place, Delhi)",RETURNING,2,4999.0,499.9,9498.1,UPI
TXN_20240903006,2024-09-26,CUST_0455,PRD_E105,Dynamic Display QR Standee,Electronics,"Store-105 (Park Street, Kolkata)",RETURNING,1,1299.0,0.0,1299.0,UPI
TXN_20240903007,2024-09-26,CUST_0151,PRD_E102,Paytm Card POS Terminal Neo,Electronics,"Store-105 (Park Street, Kolkata)",RETURNING,1,4999.0,499.9,4499.1,UPI
TXN_20240903008,2024-09-26,CUST_0284,PRD_E103,Paytm Smart All-in-One POS,Electronics,"Store-103 (BKC, Mumbai)",NEW,1,8499.0,0.0,8499.0,UPI
TXN_20240903009,2024-09-26,CUST_0297,PRD_E101,Paytm Soundbox 4.0 Pro,Electronics,"Store-105 (Park Street, Kolkata)",RETURNING,3,1499.0,0.0,4497.0,UPI
TXN_20240903010,2024-09-26,CUST_0212,PRD_S403,Priority Settlement Annual Plan,Software & Services,"Store-105 (Park Street, Kolkata)",RETURNING,3,1999.0,899.55,5097.45,Net Banking
TXN_20240903011,2024-09-26,CUST_0095,PRD_M301,Acrylic QR Standee - Dual Bank,Merchant Essentials,"Store-103 (BKC, Mumbai)",RETURNING,2,349.0,0.0,698.0,UPI
TXN_20240903012,2024-09-26,CUST_0037,PRD_E105,Dynamic Display QR Standee,Electronics,"Store-101 (Connaught Place, Delhi)",RETURNING,2,1299.0,0.0,2598.0,Paytm Wallet
TXN_20240903013,2024-09-26,CUST_0229,PRD_S401,Paytm Business Prime Subscription,Software & Services,"Store-101 (Connaught Place, Delhi)",RETURNING,2,999.0,299.7,1698.3,UPI
TXN_20240903014,2024-09-26,CUST_0102,PRD_E103,Paytm Smart All-in-One POS,Electronics,"Store-104 (Banjara Hills, Hyderabad)",NEW,2,8499.0,0.0,16998.0,Net Banking
TXN_20240903015,2024-09-26,CUST_0193,PRD_A203,Thermal Receipt Rolls (Pack of 10),Accessories,"Store-101 (Connaught Place, Delhi)",RETURNING,2,299.0,29.9,568.1,Debit Card
TXN_20240903016,2024-09-26,CUST_0222,PRD_S403,Priority Settlement Annual Plan,Software & Services,"Store-105 (Park Street, Kolkata)",RETURNING,2,1999.0,199.9,3798.1,Credit Card
TXN_20240903017,2024-09-26,CUST_0388,PRD_S402,Automated Tally Accounting Sync,Software & Services,"Store-103 (BKC, Mumbai)",NEW,1,1499.0,149.9,1349.1,Credit Card
TXN_20240903018,2024-09-26,CUST_0314,PRD_M303,Cash Drawer 4-Slot Auto-Open,Merchant Essentials,"Store-105 (Park Street, Kolkata)",NEW,1,2299.0,114.95,2184.05,UPI
TXN_20240903019,2024-09-26,CUST_0310,PRD_E103,Paytm Smart All-in-One POS,Electronics,"Store-104 (Banjara Hills, Hyderabad)",RETURNING,1,8499.0,424.95,8074.05,UPI
TXN_20240903020,2024-09-26,CUST_0045,PRD_E102,Paytm Card POS Terminal Neo,Electronics,"Store-105 (Park Street, Kolkata)",RETURNING,1,4999.0,0.0,4999.0,UPI
TXN_20240903021,2024-09-26,CUST_0500,PRD_M303,Cash Drawer 4-Slot Auto-Open,Merchant Essentials,"Store-104 (Banjara Hills, Hyderabad)",RETURNING,1,2299.0,114.95,2184.05,UPI
TXN_20240903022,2024-09-26,CUST_0331,PRD_E104,Wireless Barcode Scanner BT,Electronics,"Store-102 (Indiranagar, Bengaluru)",NEW,1,1899.0,0.0,1899.0,Credit Card
TXN_20240903023,2024-09-26,CUST_0183,PRD_S403,Priority Settlement Annual Plan,Software & Services,"Store-105 (Park Street, Kolkata)",RETURNING,1,1999.0,99.95,1899.05,UPI
TXN_20240903024,2024-09-26,CUST_0232,PRD_M302,Voice Box Mounting Bracket,Merchant Essentials,"Store-105 (Park Street, Kolkata)",RETURNING,2,249.0,49.8,448.2,UPI
TXN_20240903025,2024-09-26,CUST_0254,PRD_S403,Priority Settlement Annual Plan,Software & Services,"Store-104 (Banjara Hills, Hyderabad)",RETURNING,3,1999.0,0.0,5997.0,UPI
TXN_20240903026,2024-09-26,CUST_0367,PRD_S402,Automated Tally Accounting Sync,Software & Services,"Store-105 (Park Street, Kolkata)",NEW,3,1499.0,449.7,4047.3,Credit Card
TXN_20240903027,2024-09-26,CUST_0085,PRD_E102,Paytm Card POS Terminal Neo,Electronics,"Store-101 (Connaught Place, Delhi)",RETURNING,2,4999.0,1499.7,8498.3,Net Banking
TXN_20240903028,2024-09-26,CUST_0122,PRD_A204,Heavy Duty POS Lanyard Strap,Accessories,"Store-103 (BKC, Mumbai)",RETURNING,1,149.0,0.0,149.0,UPI
TXN_20240903029,2024-09-26,CUST_0461,PRD_E102,Paytm Card POS Terminal Neo,Electronics,"Store-102 (Indiranagar, Bengaluru)",RETURNING,2,4999.0,1499.7,8498.3,UPI
TXN_20240903030,2024-09-26,CUST_0035,PRD_E101,Paytm Soundbox 4.0 Pro,Electronics,"Store-103 (BKC, Mumbai)",NEW,2,1499.0,299.8,2698.2,UPI
TXN_20240903031,2024-09-26,CUST_0499,PRD_E101,Paytm Soundbox 4.0 Pro,Electronics,"Store-105 (Park Street, Kolkata)",NEW,2,1499.0,0.0,2998.0,UPI
TXN_20240903032,2024-09-26,CUST_0169,PRD_M303,Cash Drawer 4-Slot Auto-Open,Merchant Essentials,"Store-101 (Connaught Place, Delhi)",NEW,1,2299.0,0.0,2299.0,UPI
TXN_20240903033,2024-09-26,CUST_0284,PRD_M303,Cash Drawer 4-Slot Auto-Open,Merchant Essentials,"Store-103 (BKC, Mumbai)",NEW,1,2299.0,0.0,2299.0,UPI
TXN_20240903034,2024-09-26,CUST_0398,PRD_E103,Paytm Smart All-in-One POS,Electronics,"Store-102 (Indiranagar, Bengaluru)",RETURNING,2,8499.0,2549.7,14448.3,Credit Card
TXN_20240903035,2024-09-26,CUST_0068,PRD_E101,Paytm Soundbox 4.0 Pro,Electronics,"Store-105 (Park Street, Kolkata)",NEW,1,1499.0,74.95,1424.05,Credit Card
TXN_20240903036,2024-09-26,CUST_0331,PRD_E103,Paytm Smart All-in-One POS,Electronics,"Store-102 (Indiranagar, Bengaluru)",NEW,2,8499.0,1699.8,15298.2,Debit Card
TXN_20240903037,2024-09-26,CUST_0047,PRD_E102,Paytm Card POS Terminal Neo,Electronics,"Store-105 (Park Street, Kolkata)",NEW,1,4999.0,499.9,4499.1,Debit Card
TXN_20240903038,2024-09-26,CUST_0202,PRD_E104,Wireless Barcode Scanner BT,Electronics,"Store-105 (Park Street, Kolkata)",RETURNING,2,1899.0,0.0,3798.0,UPI
TXN_20240903039,2024-09-26,CUST_0496,PRD_E105,Dynamic Display QR Standee,Electronics,"Store-102 (Indiranagar, Bengaluru)",RETURNING,1,1299.0,64.95,1234.05,UPI
TXN_20240903040,2024-09-26,CUST_0034,PRD_S401,Paytm Business Prime Subscription,Software & Services,"Store-104 (Banjara Hills, Hyderabad)",NEW,1,999.0,99.9,899.1,UPI
TXN_20240903041,2024-09-26,CUST_0048,PRD_A203,Thermal Receipt Rolls (Pack of 10),Accessories,"Store-104 (Banjara Hills, Hyderabad)",RETURNING,1,299.0,0.0,299.0,UPI
TXN_20240903042,2024-09-26,CUST_0203,PRD_E105,Dynamic Display QR Standee,Electronics,"Store-102 (Indiranagar, Bengaluru)",RETURNING,1,1299.0,64.95,1234.05,UPI
TXN_20240903043,2024-09-26,CUST_0217,PRD_M304,Merchant Branding Banner Kit,Merchant Essentials,"Store-103 (BKC, Mumbai)",NEW,1,599.0,0.0,599.0,Debit Card
TXN_20240903044,2024-09-26,CUST_0323,PRD_S401,Paytm Business Prime Subscription,Software & Services,"Store-103 (BKC, Mumbai)",RETURNING,1,999.0,0.0,999.0,UPI
TXN_20240903045,2024-09-26,CUST_0318,PRD_E105,Dynamic Display QR Standee,Electronics,"Store-104 (Banjara Hills, Hyderabad)",NEW,2,1299.0,0.0,2598.0,UPI
TXN_20240903046,2024-09-26,CUST_0304,PRD_E102,Paytm Card POS Terminal Neo,Electronics,"Store-105 (Park Street, Kolkata)",NEW,2,4999.0,0.0,9998.0,UPI
TXN_20240903047,2024-09-26,CUST_0032,PRD_E102,Paytm Card POS Terminal Neo,Electronics,"Store-101 (Connaught Place, Delhi)",NEW,1,4999.0,249.95,4749.05,Debit Card
TXN_20240903048,2024-09-26,CUST_0182,PRD_E101,Paytm Soundbox 4.0 Pro,Electronics,"Store-101 (Connaught Place, Delhi)",NEW,1,1499.0,74.95,1424.05,UPI
TXN_20240903049,2024-09-26,CUST_0298,PRD_A205,Bluetooth Audio Dongle Mini,Accessories,"Store-103 (BKC, Mumbai)",NEW,1,399.0,39.9,359.1,UPI
TXN_20240903050,2024-09-26,CUST_0227,PRD_E105,Dynamic Display QR Standee,Electronics,"Store-105 (Park Street, Kolkata)",NEW,1,1299.0,0.0,1299.0,UPI
TXN_20240903051,2024-09-26,CUST_0499,PRD_E102,Paytm Card POS Terminal Neo,Electronics,"Store-103 (BKC, Mumbai)",NEW,2,4999.0,0.0,9998.0,UPI
TXN_20240903052,2024-09-26,CUST_0280,PRD_E103,Paytm Smart All-in-One POS,Electronics,"Store-103 (BKC, Mumbai)",RETURNING,1,8499.0,424.95,8074.05,UPI
TXN_20240903053,2024-09-26,CUST_0057,PRD_A203,Thermal Receipt Rolls (Pack of 10),Accessories,"Store-101 (Connaught Place, Delhi)",NEW,1,299.0,14.95,284.05,UPI
TXN_20240903054,2024-09-26,CUST_0221,PRD_E105,Dynamic Display QR Standee,Electronics,"Store-104 (Banjara Hills, Hyderabad)",RETURNING,3,1299.0,0.0,3897.0,UPI
TXN_20240903055,2024-09-26,CUST_0088,PRD_A203,Thermal Receipt Rolls (Pack of 10),Accessories,"Store-105 (Park Street, Kolkata)",NEW,1,299.0,0.0,299.0,Net Banking
TXN_20240903056,2024-09-26,CUST_0483,PRD_E101,Paytm Soundbox 4.0 Pro,Electronics,"Store-103 (BKC, Mumbai)",RETURNING,1,1499.0,0.0,1499.0,UPI
TXN_20240903057,2024-09-27,CUST_0453,PRD_A201,Soundbox Replacement Battery,Accessories,"Store-105 (Park Street, Kolkata)",NEW,2,499.0,0.0,998.0,UPI
TXN_20240903058,2024-09-27,CUST_0099,PRD_M304,Merchant Branding Banner Kit,Merchant Essentials,"Store-105 (Park Street, Kolkata)",NEW,1,599.0,59.9,539.1,Credit Card
TXN_20240903059,2024-09-27,CUST_0364,PRD_M303,Cash Drawer 4-Slot Auto-Open,Merchant Essentials,"Store-102 (Indiranagar, Bengaluru)",NEW,1,2299.0,0.0,2299.0,Credit Card
TXN_20240903060,2024-09-27,CUST_0137,PRD_E104,Wireless Barcode Scanner BT,Electronics,"Store-102 (Indiranagar, Bengaluru)",RETURNING,1,1899.0,0.0,1899.0,Paytm Wallet
TXN_20240903061,2024-09-27,CUST_0442,PRD_M303,Cash Drawer 4-Slot Auto-Open,Merchant Essentials,"Store-103 (BKC, Mumbai)",RETURNING,2,2299.0,229.9,4368.1,UPI
TXN_20240903062,2024-09-27,CUST_0082,PRD_E102,Paytm Card POS Terminal Neo,Electronics,"Store-103 (BKC, Mumbai)",NEW,1,4999.0,0.0,4999.0,UPI
TXN_20240903063,2024-09-27,CUST_0374,PRD_M303,Cash Drawer 4-Slot Auto-Open,Merchant Essentials,"Store-104 (Banjara Hills, Hyderabad)",RETURNING,1,2299.0,0.0,2299.0,UPI
TXN_20240903064,2024-09-27,CUST_0211,PRD_E102,Paytm Card POS Terminal Neo,Electronics,"Store-103 (BKC, Mumbai)",NEW,2,4999.0,499.9,9498.1,UPI
TXN_20240903065,2024-09-27,CUST_0485,PRD_E102,Paytm Card POS Terminal Neo,Electronics,"Store-102 (Indiranagar, Bengaluru)",RETURNING,1,4999.0,0.0,4999.0,Credit Card
TXN_20240903066,2024-09-27,CUST_0305,PRD_E101,Paytm Soundbox 4.0 Pro,Electronics,"Store-101 (Connaught Place, Delhi)",RETURNING,1,1499.0,0.0,1499.0,Debit Card
TXN_20240903067,2024-09-27,CUST_0228,PRD_E101,Paytm Soundbox 4.0 Pro,Electronics,"Store-104 (Banjara Hills, Hyderabad)",NEW,1,1499.0,0.0,1499.0,Debit Card
TXN_20240903068,2024-09-27,CUST_0176,PRD_M304,Merchant Branding Banner Kit,Merchant Essentials,"Store-101 (Connaught Place, Delhi)",RETURNING,3,599.0,0.0,1797.0,UPI
TXN_20240903069,2024-09-27,CUST_0429,PRD_E103,Paytm Smart All-in-One POS,Electronics,"Store-101 (Connaught Place, Delhi)",RETURNING,2,8499.0,0.0,16998.0,Credit Card
TXN_20240903070,2024-09-27,CUST_0044,PRD_A203,Thermal Receipt Rolls (Pack of 10),Accessories,"Store-102 (Indiranagar, Bengaluru)",RETURNING,2,299.0,29.9,568.1,UPI
TXN_20240903071,2024-09-27,CUST_0153,PRD_M304,Merchant Branding Banner Kit,Merchant Essentials,"Store-101 (Connaught Place, Delhi)",RETURNING,1,599.0,0.0,599.0,UPI
TXN_20240903072,2024-09-27,CUST_0024,PRD_E105,Dynamic Display QR Standee,Electronics,"Store-101 (Connaught Place, Delhi)",RETURNING,4,1299.0,259.8,4936.2,UPI
TXN_20240903073,2024-09-27,CUST_0205,PRD_E103,Paytm Smart All-in-One POS,Electronics,"Store-101 (Connaught Place, Delhi)",NEW,2,8499.0,849.9,16148.1,Debit Card
TXN_20240903074,2024-09-27,CUST_0029,PRD_E105,Dynamic Display QR Standee,Electronics,"Store-104 (Banjara Hills, Hyderabad)",RETURNING,2,1299.0,0.0,2598.0,UPI
TXN_20240903075,2024-09-27,CUST_0481,PRD_E104,Wireless Barcode Scanner BT,Electronics,"Store-101 (Connaught Place, Delhi)",RETURNING,2,1899.0,0.0,3798.0,UPI
TXN_20240903076,2024-09-27,CUST_0047,PRD_E105,Dynamic Display QR Standee,Electronics,"Store-104 (Banjara Hills, Hyderabad)",NEW,1,1299.0,129.9,1169.1,Credit Card
TXN_20240903077,2024-09-27,CUST_0106,PRD_S403,Priority Settlement Annual Plan,Software & Services,"Store-102 (Indiranagar, Bengaluru)",RETURNING,3,1999.0,299.85,5697.15,Debit Card
TXN_20240903078,2024-09-27,CUST_0133,PRD_E103,Paytm Smart All-in-One POS,Electronics,"Store-101 (Connaught Place, Delhi)",RETURNING,3,8499.0,3824.55,21672.45,Credit Card
TXN_20240903079,2024-09-27,CUST_0200,PRD_E104,Wireless Barcode Scanner BT,Electronics,"Store-103 (BKC, Mumbai)",RETURNING,1,1899.0,94.95,1804.05,UPI
TXN_20240903080,2024-09-27,CUST_0338,PRD_S401,Paytm Business Prime Subscription,Software & Services,"Store-105 (Park Street, Kolkata)",RETURNING,1,999.0,99.9,899.1,Debit Card
TXN_20240903081,2024-09-27,CUST_0217,PRD_M304,Merchant Branding Banner Kit,Merchant Essentials,"Store-102 (Indiranagar, Bengaluru)",NEW,2,599.0,59.9,1138.1,UPI
TXN_20240903082,2024-09-27,CUST_0500,PRD_E101,Paytm Soundbox 4.0 Pro,Electronics,"Store-103 (BKC, Mumbai)",RETURNING,2,1499.0,149.9,2848.1,Debit Card
TXN_20240903083,2024-09-27,CUST_0052,PRD_A201,Soundbox Replacement Battery,Accessories,"Store-104 (Banjara Hills, Hyderabad)",NEW,1,499.0,0.0,499.0,Debit Card
TXN_20240903084,2024-09-27,CUST_0318,PRD_A204,Heavy Duty POS Lanyard Strap,Accessories,"Store-102 (Indiranagar, Bengaluru)",NEW,1,149.0,7.45,141.55,UPI
TXN_20240903085,2024-09-27,CUST_0087,PRD_E103,Paytm Smart All-in-One POS,Electronics,"Store-102 (Indiranagar, Bengaluru)",RETURNING,1,8499.0,0.0,8499.0,Debit Card
TXN_20240903086,2024-09-27,CUST_0087,PRD_E103,Paytm Smart All-in-One POS,Electronics,"Store-103 (BKC, Mumbai)",RETURNING,1,8499.0,0.0,8499.0,Debit Card
TXN_20240903087,2024-09-27,CUST_0294,PRD_E103,Paytm Smart All-in-One POS,Electronics,"Store-105 (Park Street, Kolkata)",RETURNING,3,8499.0,0.0,25497.0,UPI
TXN_20240903088,2024-09-27,CUST_0275,PRD_E104,Wireless Barcode Scanner BT,Electronics,"Store-102 (Indiranagar, Bengaluru)",NEW,1,1899.0,189.9,1709.1,UPI
TXN_20240903089,2024-09-27,CUST_0291,PRD_E101,Paytm Soundbox 4.0 Pro,Electronics,"Store-104 (Banjara Hills, Hyderabad)",RETURNING,1,1499.0,74.95,1424.05,UPI
TXN_20240903090,2024-09-27,CUST_0335,PRD_E101,Paytm Soundbox 4.0 Pro,Electronics,"Store-101 (Connaught Place, Delhi)",RETURNING,2,1499.0,299.8,2698.2,Credit Card
TXN_20240903091,2024-09-27,CUST_0161,PRD_E105,Dynamic Display QR Standee,Electronics,"Store-103 (BKC, Mumbai)",RETURNING,1,1299.0,0.0,1299.0,UPI
TXN_20240903092,2024-09-27,CUST_0303,PRD_A204,Heavy Duty POS Lanyard Strap,Accessories,"Store-101 (Connaught Place, Delhi)",RETURNING,2,149.0,14.9,283.1,UPI
TXN_20240903093,2024-09-27,CUST_0219,PRD_E101,Paytm Soundbox 4.0 Pro,Electronics,"Store-104 (Banjara Hills, Hyderabad)",NEW,2,1499.0,149.9,2848.1,Credit Card
TXN_20240903094,2024-09-27,CUST_0151,PRD_E103,Paytm Smart All-in-One POS,Electronics,"Store-105 (Park Street, Kolkata)",RETURNING,3,8499.0,0.0,25497.0,UPI
TXN_20240903095,2024-09-27,CUST_0203,PRD_M302,Voice Box Mounting Bracket,Merchant Essentials,"Store-101 (Connaught Place, Delhi)",RETURNING,1,249.0,12.45,236.55,Debit Card
TXN_20240903096,2024-09-27,CUST_0450,PRD_E105,Dynamic Display QR Standee,Electronics,"Store-104 (Banjara Hills, Hyderabad)",RETURNING,3,1299.0,389.7,3507.3,Debit Card
TXN_20240903097,2024-09-27,CUST_0207,PRD_A202,POS Charging Cradle Dock,Accessories,"Store-101 (Connaught Place, Delhi)",RETURNING,1,699.0,34.95,664.05,UPI
TXN_20240903098,2024-09-27,CUST_0419,PRD_A201,Soundbox Replacement Battery,Accessories,"Store-105 (Park Street, Kolkata)",NEW,1,499.0,74.85,424.15,UPI
TXN_20240903099,2024-09-27,CUST_0244,PRD_S402,Automated Tally Accounting Sync,Software & Services,"Store-102 (Indiranagar, Bengaluru)",NEW,1,1499.0,0.0,1499.0,Debit Card
TXN_20240903100,2024-09-27,CUST_0158,PRD_E104,Wireless Barcode Scanner BT,Electronics,"Store-104 (Banjara Hills, Hyderabad)",RETURNING,1,1899.0,0.0,1899.0,UPI
TXN_20240903101,2024-09-27,CUST_0121,PRD_E104,Wireless Barcode Scanner BT,Electronics,"Store-104 (Banjara Hills, Hyderabad)",RETURNING,1,1899.0,0.0,1899.0,UPI
TXN_20240903102,2024-09-27,CUST_0137,PRD_S401,Paytm Business Prime Subscription,Software & Services,"Store-105 (Park Street, Kolkata)",RETURNING,2,999.0,0.0,1998.0,Credit Card
TXN_20240903103,2024-09-27,CUST_0341,PRD_E103,Paytm Smart All-in-One POS,Electronics,"Store-104 (Banjara Hills, Hyderabad)",RETURNING,1,8499.0,1274.85,7224.15,UPI
TXN_20240903104,2024-09-27,CUST_0070,PRD_E102,Paytm Card POS Terminal Neo,Electronics,"Store-102 (Indiranagar, Bengaluru)",RETURNING,1,4999.0,249.95,4749.05,Credit Card
TXN_20240903105,2024-09-27,CUST_0144,PRD_M303,Cash Drawer 4-Slot Auto-Open,Merchant Essentials,"Store-105 (Park Street, Kolkata)",RETURNING,1,2299.0,114.95,2184.05,UPI
TXN_20240903106,2024-09-27,CUST_0169,PRD_E103,Paytm Smart All-in-One POS,Electronics,"Store-103 (BKC, Mumbai)",NEW,1,8499.0,849.9,7649.1,UPI
TXN_20240903107,2024-09-27,CUST_0242,PRD_M302,Voice Box Mounting Bracket,Merchant Essentials,"Store-105 (Park Street, Kolkata)",NEW,1,249.0,0.0,249.0,Debit Card
TXN_20240903108,2024-09-27,CUST_0357,PRD_A201,Soundbox Replacement Battery,Accessories,"Store-105 (Park Street, Kolkata)",NEW,2,499.0,49.9,948.1,UPI
TXN_20240903109,2024-09-27,CUST_0205,PRD_E101,Paytm Soundbox 4.0 Pro,Electronics,"Store-103 (BKC, Mumbai)",NEW,2,1499.0,149.9,2848.1,Debit Card
TXN_20240903110,2024-09-27,CUST_0433,PRD_M301,Acrylic QR Standee - Dual Bank,Merchant Essentials,"Store-103 (BKC, Mumbai)",NEW,1,349.0,0.0,349.0,UPI
TXN_20240903111,2024-09-27,CUST_0234,PRD_E101,Paytm Soundbox 4.0 Pro,Electronics,"Store-105 (Park Street, Kolkata)",RETURNING,1,1499.0,0.0,1499.0,Debit Card
TXN_20240903112,2024-09-27,CUST_0350,PRD_M302,Voice Box Mounting Bracket,Merchant Essentials,"Store-101 (Connaught Place, Delhi)",RETURNING,2,249.0,49.8,448.2,Debit Card
TXN_20240903113,2024-09-27,CUST_0206,PRD_M302,Voice Box Mounting Bracket,Merchant Essentials,"Store-105 (Park Street, Kolkata)",NEW,3,249.0,37.35,709.65,Net Banking
TXN_20240903114,2024-09-27,CUST_0243,PRD_E102,Paytm Card POS Terminal Neo,Electronics,"Store-105 (Park Street, Kolkata)",NEW,1,4999.0,499.9,4499.1,UPI
TXN_20240903115,2024-09-27,CUST_0316,PRD_E101,Paytm Soundbox 4.0 Pro,Electronics,"Store-105 (Park Street, Kolkata)",RETURNING,2,1499.0,149.9,2848.1,Credit Card
TXN_20240903116,2024-09-27,CUST_0215,PRD_M301,Acrylic QR Standee - Dual Bank,Merchant Essentials,"Store-102 (Indiranagar, Bengaluru)",NEW,2,349.0,0.0,698.0,UPI
TXN_20240903117,2024-09-27,CUST_0378,PRD_S401,Paytm Business Prime Subscription,Software & Services,"Store-101 (Connaught Place, Delhi)",RETURNING,1,999.0,0.0,999.0,UPI
TXN_20240903118,2024-09-27,CUST_0208,PRD_A203,Thermal Receipt Rolls (Pack of 10),Accessories,"Store-102 (Indiranagar, Bengaluru)",RETURNING,1,299.0,14.95,284.05,Credit Card
TXN_20240903119,2024-09-27,CUST_0341,PRD_E103,Paytm Smart All-in-One POS,Electronics,"Store-101 (Connaught Place, Delhi)",RETURNING,2,8499.0,0.0,16998.0,Credit Card
TXN_20240903120,2024-09-27,CUST_0328,PRD_A204,Heavy Duty POS Lanyard Strap,Accessories,"Store-101 (Connaught Place, Delhi)",NEW,1,149.0,0.0,149.0,Credit Card
TXN_20240903121,2024-09-27,CUST_0215,PRD_E105,Dynamic Display QR Standee,Electronics,"Store-104 (Banjara Hills, Hyderabad)",NEW,1,1299.0,0.0,1299.0,UPI
TXN_20240903122,2024-09-27,CUST_0276,PRD_E105,Dynamic Display QR Standee,Electronics,"Store-101 (Connaught Place, Delhi)",RETURNING,1,1299.0,64.95,1234.05,Paytm Wallet
TXN_20240903123,2024-09-27,CUST_0140,PRD_E103,Paytm Smart All-in-One POS,Electronics,"Store-105 (Park Street, Kolkata)",RETURNING,1,8499.0,849.9,7649.1,Debit Card
TXN_20240903124,2024-09-27,CUST_0358,PRD_E102,Paytm Card POS Terminal Neo,Electronics,"Store-101 (Connaught Place, Delhi)",RETURNING,1,4999.0,0.0,4999.0,UPI
TXN_20240903125,2024-09-27,CUST_0475,PRD_E101,Paytm Soundbox 4.0 Pro,Electronics,"Store-104 (Banjara Hills, Hyderabad)",NEW,3,1499.0,0.0,4497.0,UPI
TXN_20240903126,2024-09-27,CUST_0059,PRD_E104,Wireless Barcode Scanner BT,Electronics,"Store-105 (Park Street, Kolkata)",RETURNING,1,1899.0,284.85,1614.15,UPI
TXN_20240903127,2024-09-27,CUST_0195,PRD_A205,Bluetooth Audio Dongle Mini,Accessories,"Store-103 (BKC, Mumbai)",NEW,2,399.0,39.9,758.1,Credit Card
TXN_20240903128,2024-09-27,CUST_0073,PRD_S401,Paytm Business Prime Subscription,Software & Services,"Store-105 (Park Street, Kolkata)",RETURNING,2,999.0,299.7,1698.3,Debit Card
TXN_20240903129,2024-09-27,CUST_0059,PRD_E105,Dynamic Display QR Standee,Electronics,"Store-105 (Park Street, Kolkata)",RETURNING,3,1299.0,0.0,3897.0,UPI
TXN_20240903130,2024-09-27,CUST_0025,PRD_E103,Paytm Smart All-in-One POS,Electronics,"Store-105 (Park Street, Kolkata)",NEW,1,8499.0,0.0,8499.0,Credit Card
TXN_20240903131,2024-09-27,CUST_0444,PRD_S403,Priority Settlement Annual Plan,Software & Services,"Store-101 (Connaught Place, Delhi)",RETURNING,1,1999.0,99.95,1899.05,Credit Card
TXN_20240903132,2024-09-27,CUST_0213,PRD_A202,POS Charging Cradle Dock,Accessories,"Store-103 (BKC, Mumbai)",NEW,2,699.0,139.8,1258.2,UPI
TXN_20240903133,2024-09-27,CUST_0485,PRD_E101,Paytm Soundbox 4.0 Pro,Electronics,"Store-101 (Connaught Place, Delhi)",RETURNING,1,1499.0,74.95,1424.05,Paytm Wallet
TXN_20240903134,2024-09-27,CUST_0488,PRD_A203,Thermal Receipt Rolls (Pack of 10),Accessories,"Store-104 (Banjara Hills, Hyderabad)",RETURNING,2,299.0,0.0,598.0,UPI
TXN_20240903135,2024-09-27,CUST_0480,PRD_A203,Thermal Receipt Rolls (Pack of 10),Accessories,"Store-101 (Connaught Place, Delhi)",NEW,1,299.0,29.9,269.1,UPI
TXN_20240903136,2024-09-27,CUST_0057,PRD_E102,Paytm Card POS Terminal Neo,Electronics,"Store-104 (Banjara Hills, Hyderabad)",NEW,1,4999.0,0.0,4999.0,Credit Card
TXN_20240903137,2024-09-27,CUST_0272,PRD_E102,Paytm Card POS Terminal Neo,Electronics,"Store-101 (Connaught Place, Delhi)",RETURNING,2,4999.0,0.0,9998.0,Debit Card
TXN_20240903138,2024-09-27,CUST_0090,PRD_S403,Priority Settlement Annual Plan,Software & Services,"Store-104 (Banjara Hills, Hyderabad)",RETURNING,1,1999.0,0.0,1999.0,UPI
TXN_20240903139,2024-09-27,CUST_0167,PRD_M303,Cash Drawer 4-Slot Auto-Open,Merchant Essentials,"Store-104 (Banjara Hills, Hyderabad)",NEW,1,2299.0,0.0,2299.0,UPI
TXN_20240903140,2024-09-27,CUST_0268,PRD_M301,Acrylic QR Standee - Dual Bank,Merchant Essentials,"Store-104 (Banjara Hills, Hyderabad)",RETURNING,3,349.0,0.0,1047.0,Credit Card
TXN_20240903141,2024-09-27,CUST_0415,PRD_M301,Acrylic QR Standee - Dual Bank,Merchant Essentials,"Store-102 (Indiranagar, Bengaluru)",RETURNING,1,349.0,0.0,349.0,UPI
TXN_20240903142,2024-09-27,CUST_0010,PRD_A203,Thermal Receipt Rolls (Pack of 10),Accessories,"Store-102 (Indiranagar, Bengaluru)",RETURNING,3,299.0,0.0,897.0,UPI
TXN_20240903143,2024-09-27,CUST_0466,PRD_E103,Paytm Smart All-in-One POS,Electronics,"Store-104 (Banjara Hills, Hyderabad)",RETURNING,1,8499.0,424.95,8074.05,UPI
TXN_20240903144,2024-09-27,CUST_0193,PRD_A205,Bluetooth Audio Dongle Mini,Accessories,"Store-104 (Banjara Hills, Hyderabad)",RETURNING,1,399.0,0.0,399.0,UPI
TXN_20240903145,2024-09-27,CUST_0069,PRD_M304,Merchant Branding Banner Kit,Merchant Essentials,"Store-103 (BKC, Mumbai)",RETURNING,1,599.0,29.95,569.05,UPI
TXN_20240903146,2024-09-27,CUST_0257,PRD_M302,Voice Box Mounting Bracket,Merchant Essentials,"Store-105 (Park Street, Kolkata)",NEW,2,249.0,49.8,448.2,Debit Card
TXN_20240903147,2024-09-27,CUST_0143,PRD_M301,Acrylic QR Standee - Dual Bank,Merchant Essentials,"Store-102 (Indiranagar, Bengaluru)",RETURNING,2,349.0,0.0,698.0,Net Banking
TXN_20240903148,2024-09-27,CUST_0262,PRD_A202,POS Charging Cradle Dock,Accessories,"Store-101 (Connaught Place, Delhi)",RETURNING,1,699.0,34.95,664.05,UPI
TXN_20240903149,2024-09-27,CUST_0266,PRD_E104,Wireless Barcode Scanner BT,Electronics,"Store-104 (Banjara Hills, Hyderabad)",RETURNING,1,1899.0,284.85,1614.15,UPI
TXN_20240903150,2024-09-27,CUST_0020,PRD_E104,Wireless Barcode Scanner BT,Electronics,"Store-104 (Banjara Hills, Hyderabad)",NEW,1,1899.0,94.95,1804.05,UPI
TXN_20240903151,2024-09-27,CUST_0146,PRD_A203,Thermal Receipt Rolls (Pack of 10),Accessories,"Store-102 (Indiranagar, Bengaluru)",RETURNING,1,299.0,29.9,269.1,Paytm Wallet
TXN_20240903152,2024-09-27,CUST_0438,PRD_S401,Paytm Business Prime Subscription,Software & Services,"Store-102 (Indiranagar, Bengaluru)",RETURNING,2,999.0,0.0,1998.0,Credit Card
TXN_20240903153,2024-09-28,CUST_0095,PRD_E102,Paytm Card POS Terminal Neo,Electronics,"Store-104 (Banjara Hills, Hyderabad)",RETURNING,2,4999.0,0.0,9998.0,Paytm Wallet
TXN_20240903154,2024-09-28,CUST_0486,PRD_S402,Automated Tally Accounting Sync,Software & Services,"Store-105 (Park Street, Kolkata)",NEW,1,1499.0,0.0,1499.0,UPI
TXN_20240903155,2024-09-28,CUST_0313,PRD_S403,Priority Settlement Annual Plan,Software & Services,"Store-105 (Park Street, Kolkata)",RETURNING,2,1999.0,599.7,3398.3,Credit Card
TXN_20240903156,2024-09-28,CUST_0488,PRD_M302,Voice Box Mounting Bracket,Merchant Essentials,"Store-102 (Indiranagar, Bengaluru)",RETURNING,1,249.0,12.45,236.55,Debit Card
TXN_20240903157,2024-09-28,CUST_0205,PRD_A202,POS Charging Cradle Dock,Accessories,"Store-104 (Banjara Hills, Hyderabad)",NEW,1,699.0,34.95,664.05,Net Banking
TXN_20240903158,2024-09-28,CUST_0223,PRD_E101,Paytm Soundbox 4.0 Pro,Electronics,"Store-101 (Connaught Place, Delhi)",NEW,1,1499.0,74.95,1424.05,UPI
TXN_20240903159,2024-09-28,CUST_0486,PRD_M304,Merchant Branding Banner Kit,Merchant Essentials,"Store-103 (BKC, Mumbai)",NEW,2,599.0,119.8,1078.2,UPI
TXN_20240903160,2024-09-28,CUST_0103,PRD_A204,Heavy Duty POS Lanyard Strap,Accessories,"Store-102 (Indiranagar, Bengaluru)",NEW,3,149.0,22.35,424.65,UPI
TXN_20240903161,2024-09-28,CUST_0065,PRD_E105,Dynamic Display QR Standee,Electronics,"Store-101 (Connaught Place, Delhi)",RETURNING,2,1299.0,0.0,2598.0,Credit Card
TXN_20240903162,2024-09-28,CUST_0338,PRD_M301,Acrylic QR Standee - Dual Bank,Merchant Essentials,"Store-104 (Banjara Hills, Hyderabad)",RETURNING,19,349.0,331.55,6299.45,Credit Card
TXN_20240903163,2024-09-28,CUST_0339,PRD_E103,Paytm Smart All-in-One POS,Electronics,"Store-101 (Connaught Place, Delhi)",NEW,2,8499.0,849.9,16148.1,Credit Card
TXN_20240903164,2024-09-28,CUST_0112,PRD_E104,Wireless Barcode Scanner BT,Electronics,"Store-101 (Connaught Place, Delhi)",RETURNING,1,1899.0,94.95,1804.05,UPI
TXN_20240903165,2024-09-28,CUST_0326,PRD_M304,Merchant Branding Banner Kit,Merchant Essentials,"Store-104 (Banjara Hills, Hyderabad)",RETURNING,1,599.0,29.95,569.05,Debit Card
TXN_20240903166,2024-09-28,CUST_0197,PRD_E103,Paytm Smart All-in-One POS,Electronics,"Store-102 (Indiranagar, Bengaluru)",RETURNING,2,8499.0,849.9,16148.1,Credit Card
TXN_20240903167,2024-09-28,CUST_0078,PRD_E101,Paytm Soundbox 4.0 Pro,Electronics,"Store-102 (Indiranagar, Bengaluru)",RETURNING,1,1499.0,0.0,1499.0,Paytm Wallet
TXN_20240903168,2024-09-28,CUST_0219,PRD_E105,Dynamic Display QR Standee,Electronics,"Store-101 (Connaught Place, Delhi)",NEW,1,1299.0,0.0,1299.0,Net Banking
TXN_20240903169,2024-09-28,CUST_0206,PRD_E102,Paytm Card POS Terminal Neo,Electronics,"Store-105 (Park Street, Kolkata)",NEW,3,4999.0,1499.7,13497.3,UPI
TXN_20240903170,2024-09-28,CUST_0499,PRD_S403,Priority Settlement Annual Plan,Software & Services,"Store-101 (Connaught Place, Delhi)",NEW,1,1999.0,199.9,1799.1,UPI
TXN_20240903171,2024-09-28,CUST_0068,PRD_M304,Merchant Branding Banner Kit,Merchant Essentials,"Store-101 (Connaught Place, Delhi)",NEW,1,599.0,0.0,599.0,Credit Card
TXN_20240903172,2024-09-28,CUST_0002,PRD_E105,Dynamic Display QR Standee,Electronics,"Store-104 (Banjara Hills, Hyderabad)",NEW,1,1299.0,194.85,1104.15,UPI
TXN_20240903173,2024-09-28,CUST_0246,PRD_E102,Paytm Card POS Terminal Neo,Electronics,"Store-103 (BKC, Mumbai)",RETURNING,3,4999.0,0.0,14997.0,Paytm Wallet
TXN_20240903174,2024-09-28,CUST_0252,PRD_E103,Paytm Smart All-in-One POS,Electronics,"Store-102 (Indiranagar, Bengaluru)",NEW,1,8499.0,1274.85,7224.15,Credit Card
TXN_20240903175,2024-09-28,CUST_0247,PRD_M301,Acrylic QR Standee - Dual Bank,Merchant Essentials,"Store-103 (BKC, Mumbai)",RETURNING,3,349.0,0.0,1047.0,UPI
TXN_20240903176,2024-09-28,CUST_0101,PRD_A205,Bluetooth Audio Dongle Mini,Accessories,"Store-101 (Connaught Place, Delhi)",RETURNING,1,399.0,0.0,399.0,UPI
TXN_20240903177,2024-09-28,CUST_0388,PRD_A203,Thermal Receipt Rolls (Pack of 10),Accessories,"Store-102 (Indiranagar, Bengaluru)",NEW,3,299.0,0.0,897.0,UPI
TXN_20240903178,2024-09-28,CUST_0319,PRD_M302,Voice Box Mounting Bracket,Merchant Essentials,"Store-105 (Park Street, Kolkata)",NEW,1,249.0,0.0,249.0,UPI
TXN_20240903179,2024-09-28,CUST_0248,PRD_E102,Paytm Card POS Terminal Neo,Electronics,"Store-104 (Banjara Hills, Hyderabad)",RETURNING,1,4999.0,0.0,4999.0,Paytm Wallet
TXN_20240903180,2024-09-28,CUST_0141,PRD_M304,Merchant Branding Banner Kit,Merchant Essentials,"Store-103 (BKC, Mumbai)",NEW,1,599.0,0.0,599.0,UPI
TXN_20240903181,2024-09-28,CUST_0221,PRD_E101,Paytm Soundbox 4.0 Pro,Electronics,"Store-105 (Park Street, Kolkata)",RETURNING,2,1499.0,0.0,2998.0,Paytm Wallet
TXN_20240903182,2024-09-28,CUST_0473,PRD_S403,Priority Settlement Annual Plan,Software & Services,"Store-101 (Connaught Place, Delhi)",RETURNING,1,1999.0,0.0,1999.0,Debit Card
TXN_20240903183,2024-09-28,CUST_0312,PRD_E101,Paytm Soundbox 4.0 Pro,Electronics,"Store-104 (Banjara Hills, Hyderabad)",NEW,1,1499.0,224.85,1274.15,Debit Card
TXN_20240903184,2024-09-28,CUST_0500,PRD_E104,Wireless Barcode Scanner BT,Electronics,"Store-104 (Banjara Hills, Hyderabad)",RETURNING,1,1899.0,0.0,1899.0,UPI
TXN_20240903185,2024-09-28,CUST_0138,PRD_E104,Wireless Barcode Scanner BT,Electronics,"Store-102 (Indiranagar, Bengaluru)",RETURNING,4,1899.0,759.6,6836.4,Credit Card
TXN_20240903186,2024-09-28,CUST_0182,PRD_A201,Soundbox Replacement Battery,Accessories,"Store-103 (BKC, Mumbai)",NEW,1,499.0,24.95,474.05,Credit Card
TXN_20240903187,2024-09-28,CUST_0414,PRD_E101,Paytm Soundbox 4.0 Pro,Electronics,"Store-104 (Banjara Hills, Hyderabad)",NEW,1,1499.0,74.95,1424.05,Credit Card
TXN_20240903188,2024-09-28,CUST_0128,PRD_A204,Heavy Duty POS Lanyard Strap,Accessories,"Store-101 (Connaught Place, Delhi)",NEW,2,149.0,0.0,298.0,UPI
TXN_20240903189,2024-09-28,CUST_0243,PRD_E101,Paytm Soundbox 4.0 Pro,Electronics,"Store-103 (BKC, Mumbai)",NEW,1,1499.0,0.0,1499.0,Debit Card
TXN_20240903190,2024-09-28,CUST_0007,PRD_M302,Voice Box Mounting Bracket,Merchant Essentials,"Store-103 (BKC, Mumbai)",RETURNING,3,249.0,0.0,747.0,UPI
TXN_20240903191,2024-09-28,CUST_0390,PRD_E103,Paytm Smart All-in-One POS,Electronics,"Store-105 (Park Street, Kolkata)",RETURNING,2,8499.0,849.9,16148.1,Credit Card
TXN_20240903192,2024-09-28,CUST_0302,PRD_E104,Wireless Barcode Scanner BT,Electronics,"Store-102 (Indiranagar, Bengaluru)",NEW,2,1899.0,189.9,3608.1,UPI
TXN_20240903193,2024-09-28,CUST_0264,PRD_E104,Wireless Barcode Scanner BT,Electronics,"Store-105 (Park Street, Kolkata)",NEW,1,1899.0,94.95,1804.05,UPI
TXN_20240903194,2024-09-28,CUST_0498,PRD_M301,Acrylic QR Standee - Dual Bank,Merchant Essentials,"Store-101 (Connaught Place, Delhi)",RETURNING,1,349.0,0.0,349.0,UPI
TXN_20240903195,2024-09-28,CUST_0081,PRD_A204,Heavy Duty POS Lanyard Strap,Accessories,"Store-103 (BKC, Mumbai)",NEW,1,149.0,22.35,126.65,UPI
TXN_20240903196,2024-09-28,CUST_0224,PRD_M301,Acrylic QR Standee - Dual Bank,Merchant Essentials,"Store-102 (Indiranagar, Bengaluru)",NEW,2,349.0,34.9,663.1,UPI
TXN_20240903197,2024-09-28,CUST_0214,PRD_E102,Paytm Card POS Terminal Neo,Electronics,"Store-101 (Connaught Place, Delhi)",RETURNING,3,4999.0,749.85,14247.15,UPI
TXN_20240903198,2024-09-28,CUST_0011,PRD_A201,Soundbox Replacement Battery,Accessories,"Store-105 (Park Street, Kolkata)",NEW,2,499.0,99.8,898.2,Debit Card
TXN_20240903199,2024-09-28,CUST_0250,PRD_E101,Paytm Soundbox 4.0 Pro,Electronics,"Store-105 (Park Street, Kolkata)",NEW,1,1499.0,224.85,1274.15,UPI
TXN_20240903200,2024-09-28,CUST_0087,PRD_E101,Paytm Soundbox 4.0 Pro,Electronics,"Store-101 (Connaught Place, Delhi)",RETURNING,1,1499.0,74.95,1424.05,Credit Card
TXN_20240903201,2024-09-28,CUST_0355,PRD_A205,Bluetooth Audio Dongle Mini,Accessories,"Store-103 (BKC, Mumbai)",NEW,2,399.0,0.0,798.0,UPI
TXN_20240903202,2024-09-28,CUST_0439,PRD_S401,Paytm Business Prime Subscription,Software & Services,"Store-104 (Banjara Hills, Hyderabad)",NEW,1,999.0,0.0,999.0,Credit Card
TXN_20240903203,2024-09-28,CUST_0288,PRD_E101,Paytm Soundbox 4.0 Pro,Electronics,"Store-102 (Indiranagar, Bengaluru)",RETURNING,3,1499.0,224.85,4272.15,UPI
TXN_20240903204,2024-09-28,CUST_0336,PRD_E105,Dynamic Display QR Standee,Electronics,"Store-103 (BKC, Mumbai)",NEW,5,1299.0,649.5,5845.5,Credit Card
TXN_20240903205,2024-09-28,CUST_0082,PRD_E102,Paytm Card POS Terminal Neo,Electronics,"Store-103 (BKC, Mumbai)",NEW,1,4999.0,749.85,4249.15,Credit Card
TXN_20240903206,2024-09-28,CUST_0244,PRD_E105,Dynamic Display QR Standee,Electronics,"Store-103 (BKC, Mumbai)",NEW,1,1299.0,0.0,1299.0,UPI
TXN_20240903207,2024-09-28,CUST_0358,PRD_S402,Automated Tally Accounting Sync,Software & Services,"Store-101 (Connaught Place, Delhi)",RETURNING,2,1499.0,149.9,2848.1,UPI
TXN_20240903208,2024-09-28,CUST_0328,PRD_S401,Paytm Business Prime Subscription,Software & Services,"Store-101 (Connaught Place, Delhi)",NEW,1,999.0,0.0,999.0,UPI
TXN_20240903209,2024-09-28,CUST_0038,PRD_M303,Cash Drawer 4-Slot Auto-Open,Merchant Essentials,"Store-105 (Park Street, Kolkata)",RETURNING,2,2299.0,0.0,4598.0,Net Banking
TXN_20240903210,2024-09-28,CUST_0249,PRD_M303,Cash Drawer 4-Slot Auto-Open,Merchant Essentials,"Store-104 (Banjara Hills, Hyderabad)",RETURNING,1,2299.0,0.0,2299.0,Credit Card
TXN_20240903211,2024-09-28,CUST_0473,PRD_E101,Paytm Soundbox 4.0 Pro,Electronics,"Store-102 (Indiranagar, Bengaluru)",RETURNING,4,1499.0,0.0,5996.0,Credit Card
TXN_20240903212,2024-09-28,CUST_0155,PRD_E101,Paytm Soundbox 4.0 Pro,Electronics,"Store-103 (BKC, Mumbai)",RETURNING,1,1499.0,0.0,1499.0,UPI
TXN_20240903213,2024-09-28,CUST_0199,PRD_A201,Soundbox Replacement Battery,Accessories,"Store-101 (Connaught Place, Delhi)",RETURNING,1,499.0,0.0,499.0,UPI
TXN_20240903214,2024-09-28,CUST_0203,PRD_E103,Paytm Smart All-in-One POS,Electronics,"Store-101 (Connaught Place, Delhi)",RETURNING,2,8499.0,849.9,16148.1,Credit Card
TXN_20240903215,2024-09-28,CUST_0332,PRD_A205,Bluetooth Audio Dongle Mini,Accessories,"Store-103 (BKC, Mumbai)",NEW,2,399.0,39.9,758.1,Credit Card
TXN_20240903216,2024-09-28,CUST_0006,PRD_M304,Merchant Branding Banner Kit,Merchant Essentials,"Store-105 (Park Street, Kolkata)",RETURNING,2,599.0,0.0,1198.0,Debit Card
TXN_20240903217,2024-09-28,CUST_0122,PRD_A205,Bluetooth Audio Dongle Mini,Accessories,"Store-102 (Indiranagar, Bengaluru)",RETURNING,2,399.0,0.0,798.0,UPI
TXN_20240903218,2024-09-28,CUST_0103,PRD_M302,Voice Box Mounting Bracket,Merchant Essentials,"Store-104 (Banjara Hills, Hyderabad)",NEW,2,249.0,24.9,473.1,UPI
TXN_20240903219,2024-09-28,CUST_0440,PRD_E102,Paytm Card POS Terminal Neo,Electronics,"Store-102 (Indiranagar, Bengaluru)",RETURNING,4,4999.0,999.8,18996.2,UPI
TXN_20240903220,2024-09-28,CUST_0023,PRD_E102,Paytm Card POS Terminal Neo,Electronics,"Store-104 (Banjara Hills, Hyderabad)",RETURNING,1,4999.0,249.95,4749.05,UPI
TXN_20240903221,2024-09-28,CUST_0416,PRD_E103,Paytm Smart All-in-One POS,Electronics,"Store-105 (Park Street, Kolkata)",RETURNING,4,8499.0,0.0,33996.0,Credit Card
TXN_20240903222,2024-09-28,CUST_0310,PRD_E103,Paytm Smart All-in-One POS,Electronics,"Store-103 (BKC, Mumbai)",RETURNING,3,8499.0,0.0,25497.0,Credit Card
TXN_20240903223,2024-09-28,CUST_0323,PRD_A202,POS Charging Cradle Dock,Accessories,"Store-105 (Park Street, Kolkata)",RETURNING,1,699.0,0.0,699.0,UPI
TXN_20240903224,2024-09-28,CUST_0454,PRD_M304,Merchant Branding Banner Kit,Merchant Essentials,"Store-103 (BKC, Mumbai)",NEW,2,599.0,0.0,1198.0,UPI
TXN_20240903225,2024-09-28,CUST_0444,PRD_E102,Paytm Card POS Terminal Neo,Electronics,"Store-103 (BKC, Mumbai)",RETURNING,1,4999.0,249.95,4749.05,UPI
TXN_20240903226,2024-09-28,CUST_0209,PRD_E104,Wireless Barcode Scanner BT,Electronics,"Store-102 (Indiranagar, Bengaluru)",NEW,3,1899.0,0.0,5697.0,Debit Card
TXN_20240903227,2024-09-28,CUST_0431,PRD_E102,Paytm Card POS Terminal Neo,Electronics,"Store-105 (Park Street, Kolkata)",RETURNING,1,4999.0,0.0,4999.0,Debit Card
TXN_20240903228,2024-09-28,CUST_0079,PRD_M302,Voice Box Mounting Bracket,Merchant Essentials,"Store-104 (Banjara Hills, Hyderabad)",RETURNING,23,249.0,572.7,5154.3,UPI
TXN_20240903229,2024-09-28,CUST_0037,PRD_E104,Wireless Barcode Scanner BT,Electronics,"Store-102 (Indiranagar, Bengaluru)",RETURNING,2,1899.0,0.0,3798.0,Credit Card
TXN_20240903230,2024-09-28,CUST_0487,PRD_E101,Paytm Soundbox 4.0 Pro,Electronics,"Store-104 (Banjara Hills, Hyderabad)",RETURNING,2,1499.0,0.0,2998.0,Credit Card
TXN_20240903231,2024-09-28,CUST_0192,PRD_E102,Paytm Card POS Terminal Neo,Electronics,"Store-103 (BKC, Mumbai)",NEW,1,4999.0,0.0,4999.0,Credit Card
TXN_20240903232,2024-09-28,CUST_0158,PRD_E105,Dynamic Display QR Standee,Electronics,"Store-103 (BKC, Mumbai)",RETURNING,1,1299.0,0.0,1299.0,Credit Card
TXN_20240903233,2024-09-28,CUST_0110,PRD_E101,Paytm Soundbox 4.0 Pro,Electronics,"Store-103 (BKC, Mumbai)",NEW,1,1499.0,224.85,1274.15,UPI
TXN_20240903234,2024-09-28,CUST_0028,PRD_E104,Wireless Barcode Scanner BT,Electronics,"Store-104 (Banjara Hills, Hyderabad)",RETURNING,1,1899.0,0.0,1899.0,UPI
TXN_20240903235,2024-09-28,CUST_0295,PRD_A202,POS Charging Cradle Dock,Accessories,"Store-104 (Banjara Hills, Hyderabad)",NEW,3,699.0,314.55,1782.45,UPI
TXN_20240903236,2024-09-28,CUST_0110,PRD_E105,Dynamic Display QR Standee,Electronics,"Store-104 (Banjara Hills, Hyderabad)",NEW,2,1299.0,129.9,2468.1,UPI
TXN_20240903237,2024-09-28,CUST_0311,PRD_E105,Dynamic Display QR Standee,Electronics,"Store-105 (Park Street, Kolkata)",NEW,1,1299.0,64.95,1234.05,UPI
TXN_20240903238,2024-09-28,CUST_0352,PRD_E105,Dynamic Display QR Standee,Electronics,"Store-102 (Indiranagar, Bengaluru)",RETURNING,3,1299.0,194.85,3702.15,Debit Card
TXN_20240903239,2024-09-28,CUST_0411,PRD_M302,Voice Box Mounting Bracket,Merchant Essentials,"Store-105 (Park Street, Kolkata)",RETURNING,1,249.0,24.9,224.1,UPI
TXN_20240903240,2024-09-28,CUST_0096,PRD_E102,Paytm Card POS Terminal Neo,Electronics,"Store-105 (Park Street, Kolkata)",RETURNING,1,4999.0,0.0,4999.0,Debit Card
TXN_20240903241,2024-09-28,CUST_0074,PRD_M301,Acrylic QR Standee - Dual Bank,Merchant Essentials,"Store-105 (Park Street, Kolkata)",NEW,1,349.0,0.0,349.0,Credit Card
TXN_20240903242,2024-09-28,CUST_0108,PRD_A203,Thermal Receipt Rolls (Pack of 10),Accessories,"Store-104 (Banjara Hills, Hyderabad)",RETURNING,2,299.0,59.8,538.2,UPI
TXN_20240903243,2024-09-28,CUST_0391,PRD_E102,Paytm Card POS Terminal Neo,Electronics,"Store-104 (Banjara Hills, Hyderabad)",NEW,3,4999.0,1499.7,13497.3,Credit Card
TXN_20240903244,2024-09-28,CUST_0304,PRD_A205,Bluetooth Audio Dongle Mini,Accessories,"Store-103 (BKC, Mumbai)",NEW,1,399.0,19.95,379.05,UPI
TXN_20240903245,2024-09-28,CUST_0478,PRD_M301,Acrylic QR Standee - Dual Bank,Merchant Essentials,"Store-102 (Indiranagar, Bengaluru)",RETURNING,1,349.0,17.45,331.55,UPI
TXN_20240903246,2024-09-28,CUST_0123,PRD_M301,Acrylic QR Standee - Dual Bank,Merchant Essentials,"Store-101 (Connaught Place, Delhi)",NEW,1,349.0,0.0,349.0,Paytm Wallet
TXN_20240903247,2024-09-28,CUST_0034,PRD_E105,Dynamic Display QR Standee,Electronics,"Store-102 (Indiranagar, Bengaluru)",NEW,1,1299.0,129.9,1169.1,UPI
TXN_20240903248,2024-09-28,CUST_0151,PRD_E102,Paytm Card POS Terminal Neo,Electronics,"Store-103 (BKC, Mumbai)",RETURNING,2,4999.0,499.9,9498.1,UPI
TXN_20240903249,2024-09-28,CUST_0312,PRD_E101,Paytm Soundbox 4.0 Pro,Electronics,"Store-104 (Banjara Hills, Hyderabad)",NEW,1,1499.0,0.0,1499.0,Debit Card
TXN_20240903250,2024-09-28,CUST_0354,PRD_E104,Wireless Barcode Scanner BT,Electronics,"Store-104 (Banjara Hills, Hyderabad)",RETURNING,1,1899.0,0.0,1899.0,Credit Card
TXN_20240903251,2024-09-28,CUST_0036,PRD_E103,Paytm Smart All-in-One POS,Electronics,"Store-102 (Indiranagar, Bengaluru)",RETURNING,2,8499.0,1699.8,15298.2,Debit Card
TXN_20240903252,2024-09-28,CUST_0126,PRD_E103,Paytm Smart All-in-One POS,Electronics,"Store-102 (Indiranagar, Bengaluru)",NEW,1,8499.0,849.9,7649.1,Paytm Wallet
TXN_20240903253,2024-09-28,CUST_0372,PRD_M303,Cash Drawer 4-Slot Auto-Open,Merchant Essentials,"Store-102 (Indiranagar, Bengaluru)",NEW,1,2299.0,114.95,2184.05,UPI
TXN_20240903254,2024-09-28,CUST_0481,PRD_E101,Paytm Soundbox 4.0 Pro,Electronics,"Store-105 (Park Street, Kolkata)",RETURNING,2,1499.0,0.0,2998.0,Paytm Wallet
TXN_20240903255,2024-09-28,CUST_0374,PRD_E105,Dynamic Display QR Standee,Electronics,"Store-104 (Banjara Hills, Hyderabad)",RETURNING,1,1299.0,0.0,1299.0,UPI
TXN_20240903256,2024-09-28,CUST_0315,PRD_E104,Wireless Barcode Scanner BT,Electronics,"Store-105 (Park Street, Kolkata)",NEW,1,1899.0,0.0,1899.0,Credit Card
TXN_20240903257,2024-09-28,CUST_0044,PRD_M302,Voice Box Mounting Bracket,Merchant Essentials,"Store-101 (Connaught Place, Delhi)",RETURNING,1,249.0,0.0,249.0,UPI
TXN_20240903258,2024-09-28,CUST_0460,PRD_E105,Dynamic Display QR Standee,Electronics,"Store-101 (Connaught Place, Delhi)",RETURNING,1,1299.0,64.95,1234.05,Debit Card
TXN_20240903259,2024-09-28,CUST_0260,PRD_E102,Paytm Card POS Terminal Neo,Electronics,"Store-104 (Banjara Hills, Hyderabad)",RETURNING,1,4999.0,749.85,4249.15,UPI
TXN_20240903260,2024-09-28,CUST_0082,PRD_E101,Paytm Soundbox 4.0 Pro,Electronics,"Store-101 (Connaught Place, Delhi)",NEW,1,1499.0,0.0,1499.0,Debit Card
TXN_20240903261,2024-09-28,CUST_0340,PRD_S403,Priority Settlement Annual Plan,Software & Services,"Store-104 (Banjara Hills, Hyderabad)",RETURNING,2,1999.0,599.7,3398.3,UPI
TXN_20240903262,2024-09-28,CUST_0230,PRD_E103,Paytm Smart All-in-One POS,Electronics,"Store-105 (Park Street, Kolkata)",NEW,1,8499.0,424.95,8074.05,UPI
TXN_20240903263,2024-09-28,CUST_0474,PRD_E103,Paytm Smart All-in-One POS,Electronics,"Store-105 (Park Street, Kolkata)",NEW,1,8499.0,424.95,8074.05,UPI
TXN_20240903264,2024-09-28,CUST_0295,PRD_M304,Merchant Branding Banner Kit,Merchant Essentials,"Store-103 (BKC, Mumbai)",NEW,2,599.0,59.9,1138.1,UPI
TXN_20240903265,2024-09-28,CUST_0307,PRD_S401,Paytm Business Prime Subscription,Software & Services,"Store-105 (Park Street, Kolkata)",NEW,1,999.0,49.95,949.05,Credit Card
TXN_20240903266,2024-09-28,CUST_0162,PRD_M303,Cash Drawer 4-Slot Auto-Open,Merchant Essentials,"Store-101 (Connaught Place, Delhi)",NEW,2,2299.0,229.9,4368.1,Debit Card
TXN_20240903267,2024-09-28,CUST_0107,PRD_E102,Paytm Card POS Terminal Neo,Electronics,"Store-104 (Banjara Hills, Hyderabad)",RETURNING,2,4999.0,0.0,9998.0,UPI
TXN_20240903268,2024-09-28,CUST_0303,PRD_E103,Paytm Smart All-in-One POS,Electronics,"Store-104 (Banjara Hills, Hyderabad)",RETURNING,2,8499.0,849.9,16148.1,Paytm Wallet
TXN_20240903269,2024-09-28,CUST_0274,PRD_M303,Cash Drawer 4-Slot Auto-Open,Merchant Essentials,"Store-101 (Connaught Place, Delhi)",NEW,1,2299.0,344.85,1954.15,UPI
TXN_20240903270,2024-09-28,CUST_0148,PRD_A203,Thermal Receipt Rolls (Pack of 10),Accessories,"Store-103 (BKC, Mumbai)",NEW,1,299.0,0.0,299.0,Credit Card
TXN_20240903271,2024-09-28,CUST_0094,PRD_M301,Acrylic QR Standee - Dual Bank,Merchant Essentials,"Store-104 (Banjara Hills, Hyderabad)",RETURNING,1,349.0,34.9,314.1,UPI
TXN_20240903272,2024-09-28,CUST_0303,PRD_S403,Priority Settlement Annual Plan,Software & Services,"Store-103 (BKC, Mumbai)",RETURNING,3,1999.0,599.7,5397.3,Paytm Wallet
TXN_20240903273,2024-09-28,CUST_0083,PRD_E104,Wireless Barcode Scanner BT,Electronics,"Store-104 (Banjara Hills, Hyderabad)",NEW,23,1899.0,2183.85,41493.15,Debit Card
TXN_20240903274,2024-09-28,CUST_0270,PRD_E102,Paytm Card POS Terminal Neo,Electronics,"Store-102 (Indiranagar, Bengaluru)",NEW,1,4999.0,249.95,4749.05,UPI
TXN_20240903275,2024-09-28,CUST_0248,PRD_E101,Paytm Soundbox 4.0 Pro,Electronics,"Store-105 (Park Street, Kolkata)",RETURNING,3,1499.0,0.0,4497.0,UPI
TXN_20240903276,2024-09-28,CUST_0358,PRD_E101,Paytm Soundbox 4.0 Pro,Electronics,"Store-102 (Indiranagar, Bengaluru)",RETURNING,1,1499.0,74.95,1424.05,UPI
TXN_20240903277,2024-09-28,CUST_0240,PRD_M302,Voice Box Mounting Bracket,Merchant Essentials,"Store-105 (Park Street, Kolkata)",NEW,1,249.0,37.35,211.65,Paytm Wallet
TXN_20240903278,2024-09-28,CUST_0201,PRD_E101,Paytm Soundbox 4.0 Pro,Electronics,"Store-103 (BKC, Mumbai)",RETURNING,1,1499.0,74.95,1424.05,Credit Card
TXN_20240903279,2024-09-28,CUST_0408,PRD_E104,Wireless Barcode Scanner BT,Electronics,"Store-105 (Park Street, Kolkata)",NEW,1,1899.0,0.0,1899.0,Credit Card
TXN_20240903280,2024-09-28,CUST_0471,PRD_E105,Dynamic Display QR Standee,Electronics,"Store-102 (Indiranagar, Bengaluru)",RETURNING,2,1299.0,259.8,2338.2,UPI
TXN_20240903281,2024-09-28,CUST_0451,PRD_E102,Paytm Card POS Terminal Neo,Electronics,"Store-101 (Connaught Place, Delhi)",RETURNING,2,4999.0,0.0,9998.0,UPI
TXN_20240903282,2024-09-28,CUST_0462,PRD_E104,Wireless Barcode Scanner BT,Electronics,"Store-104 (Banjara Hills, Hyderabad)",NEW,1,1899.0,0.0,1899.0,UPI
TXN_20240903283,2024-09-28,CUST_0475,PRD_A201,Soundbox Replacement Battery,Accessories,"Store-104 (Banjara Hills, Hyderabad)",NEW,1,499.0,49.9,449.1,UPI
TXN_20240903284,2024-09-28,CUST_0052,PRD_S403,Priority Settlement Annual Plan,Software & Services,"Store-102 (Indiranagar, Bengaluru)",NEW,1,1999.0,0.0,1999.0,UPI
TXN_20240903285,2024-09-28,CUST_0027,PRD_E104,Wireless Barcode Scanner BT,Electronics,"Store-104 (Banjara Hills, Hyderabad)",RETURNING,1,1899.0,0.0,1899.0,UPI
TXN_20240903286,2024-09-28,CUST_0350,PRD_E101,Paytm Soundbox 4.0 Pro,Electronics,"Store-101 (Connaught Place, Delhi)",RETURNING,1,1499.0,0.0,1499.0,UPI
TXN_20240903287,2024-09-28,CUST_0457,PRD_E103,Paytm Smart All-in-One POS,Electronics,"Store-103 (BKC, Mumbai)",RETURNING,1,8499.0,424.95,8074.05,UPI
TXN_20240903288,2024-09-28,CUST_0152,PRD_E101,Paytm Soundbox 4.0 Pro,Electronics,"Store-102 (Indiranagar, Bengaluru)",RETURNING,1,1499.0,74.95,1424.05,UPI
TXN_20240903289,2024-09-28,CUST_0263,PRD_M303,Cash Drawer 4-Slot Auto-Open,Merchant Essentials,"Store-103 (BKC, Mumbai)",RETURNING,2,2299.0,229.9,4368.1,UPI
TXN_20240903290,2024-09-28,CUST_0491,PRD_E103,Paytm Smart All-in-One POS,Electronics,"Store-102 (Indiranagar, Bengaluru)",RETURNING,1,8499.0,849.9,7649.1,UPI
TXN_20240903291,2024-09-28,CUST_0470,PRD_E103,Paytm Smart All-in-One POS,Electronics,"Store-104 (Banjara Hills, Hyderabad)",NEW,1,8499.0,0.0,8499.0,Credit Card
TXN_20240903292,2024-09-28,CUST_0277,PRD_A204,Heavy Duty POS Lanyard Strap,Accessories,"Store-105 (Park Street, Kolkata)",NEW,1,149.0,22.35,126.65,Debit Card
TXN_20240903293,2024-09-28,CUST_0143,PRD_M302,Voice Box Mounting Bracket,Merchant Essentials,"Store-102 (Indiranagar, Bengaluru)",RETURNING,1,249.0,12.45,236.55,UPI
TXN_20240903294,2024-09-28,CUST_0034,PRD_M303,Cash Drawer 4-Slot Auto-Open,Merchant Essentials,"Store-104 (Banjara Hills, Hyderabad)",NEW,1,2299.0,229.9,2069.1,Net Banking
TXN_20240903295,2024-09-28,CUST_0450,PRD_E105,Dynamic Display QR Standee,Electronics,"Store-103 (BKC, Mumbai)",RETURNING,2,1299.0,0.0,2598.0,UPI
TXN_20240903296,2024-09-28,CUST_0200,PRD_A204,Heavy Duty POS Lanyard Strap,Accessories,"Store-105 (Park Street, Kolkata)",RETURNING,1,149.0,0.0,149.0,UPI
TXN_20240903297,2024-09-29,CUST_0385,PRD_M301,Acrylic QR Standee - Dual Bank,Merchant Essentials,"Store-103 (BKC, Mumbai)",RETURNING,5,349.0,0.0,1745.0,UPI
TXN_20240903298,2024-09-29,CUST_0328,PRD_A205,Bluetooth Audio Dongle Mini,Accessories,"Store-102 (Indiranagar, Bengaluru)",NEW,1,399.0,19.95,379.05,Net Banking
TXN_20240903299,2024-09-29,CUST_0300,PRD_M304,Merchant Branding Banner Kit,Merchant Essentials,"Store-105 (Park Street, Kolkata)",NEW,1,599.0,29.95,569.05,UPI
TXN_20240903300,2024-09-29,CUST_0087,PRD_M302,Voice Box Mounting Bracket,Merchant Essentials,"Store-103 (BKC, Mumbai)",RETURNING,1,249.0,24.9,224.1,UPI
TXN_20240903301,2024-09-29,CUST_0120,PRD_S403,Priority Settlement Annual Plan,Software & Services,"Store-103 (BKC, Mumbai)",NEW,2,1999.0,199.9,3798.1,Debit Card
TXN_20240903302,2024-09-29,CUST_0171,PRD_A201,Soundbox Replacement Battery,Accessories,"Store-105 (Park Street, Kolkata)",NEW,2,499.0,0.0,998.0,UPI
TXN_20240903303,2024-09-29,CUST_0160,PRD_E102,Paytm Card POS Terminal Neo,Electronics,"Store-102 (Indiranagar, Bengaluru)",NEW,1,4999.0,249.95,4749.05,Credit Card
TXN_20240903304,2024-09-29,CUST_0242,PRD_E103,Paytm Smart All-in-One POS,Electronics,"Store-104 (Banjara Hills, Hyderabad)",NEW,1,8499.0,424.95,8074.05,Paytm Wallet
TXN_20240903305,2024-09-29,CUST_0059,PRD_A205,Bluetooth Audio Dongle Mini,Accessories,"Store-101 (Connaught Place, Delhi)",RETURNING,1,399.0,0.0,399.0,Net Banking
TXN_20240903306,2024-09-29,CUST_0268,PRD_M302,Voice Box Mounting Bracket,Merchant Essentials,"Store-102 (Indiranagar, Bengaluru)",RETURNING,1,249.0,12.45,236.55,Debit Card
TXN_20240903307,2024-09-29,CUST_0164,PRD_M303,Cash Drawer 4-Slot Auto-Open,Merchant Essentials,"Store-105 (Park Street, Kolkata)",NEW,2,2299.0,229.9,4368.1,Debit Card
TXN_20240903308,2024-09-29,CUST_0142,PRD_E102,Paytm Card POS Terminal Neo,Electronics,"Store-104 (Banjara Hills, Hyderabad)",RETURNING,1,4999.0,0.0,4999.0,Paytm Wallet
TXN_20240903309,2024-09-29,CUST_0220,PRD_E101,Paytm Soundbox 4.0 Pro,Electronics,"Store-103 (BKC, Mumbai)",RETURNING,1,1499.0,74.95,1424.05,UPI
TXN_20240903310,2024-09-29,CUST_0236,PRD_E105,Dynamic Display QR Standee,Electronics,"Store-104 (Banjara Hills, Hyderabad)",RETURNING,1,1299.0,0.0,1299.0,Paytm Wallet
TXN_20240903311,2024-09-29,CUST_0099,PRD_M301,Acrylic QR Standee - Dual Bank,Merchant Essentials,"Store-104 (Banjara Hills, Hyderabad)",NEW,1,349.0,34.9,314.1,UPI
TXN_20240903312,2024-09-29,CUST_0495,PRD_A205,Bluetooth Audio Dongle Mini,Accessories,"Store-101 (Connaught Place, Delhi)",NEW,1,399.0,59.85,339.15,UPI
TXN_20240903313,2024-09-29,CUST_0458,PRD_M303,Cash Drawer 4-Slot Auto-Open,Merchant Essentials,"Store-101 (Connaught Place, Delhi)",RETURNING,1,2299.0,0.0,2299.0,UPI
TXN_20240903314,2024-09-29,CUST_0196,PRD_M303,Cash Drawer 4-Slot Auto-Open,Merchant Essentials,"Store-103 (BKC, Mumbai)",NEW,1,2299.0,0.0,2299.0,UPI
TXN_20240903315,2024-09-29,CUST_0429,PRD_E101,Paytm Soundbox 4.0 Pro,Electronics,"Store-104 (Banjara Hills, Hyderabad)",RETURNING,3,1499.0,224.85,4272.15,UPI
TXN_20240903316,2024-09-29,CUST_0335,PRD_E105,Dynamic Display QR Standee,Electronics,"Store-104 (Banjara Hills, Hyderabad)",RETURNING,1,1299.0,0.0,1299.0,UPI
TXN_20240903317,2024-09-29,CUST_0088,PRD_E103,Paytm Smart All-in-One POS,Electronics,"Store-105 (Park Street, Kolkata)",NEW,1,8499.0,424.95,8074.05,Debit Card
TXN_20240903318,2024-09-29,CUST_0220,PRD_E104,Wireless Barcode Scanner BT,Electronics,"Store-103 (BKC, Mumbai)",RETURNING,2,1899.0,189.9,3608.1,UPI
TXN_20240903319,2024-09-29,CUST_0344,PRD_S401,Paytm Business Prime Subscription,Software & Services,"Store-103 (BKC, Mumbai)",NEW,2,999.0,299.7,1698.3,Credit Card
TXN_20240903320,2024-09-29,CUST_0361,PRD_E103,Paytm Smart All-in-One POS,Electronics,"Store-104 (Banjara Hills, Hyderabad)",RETURNING,1,8499.0,0.0,8499.0,UPI
TXN_20240903321,2024-09-29,CUST_0420,PRD_M304,Merchant Branding Banner Kit,Merchant Essentials,"Store-105 (Park Street, Kolkata)",NEW,1,599.0,29.95,569.05,Debit Card
TXN_20240903322,2024-09-29,CUST_0384,PRD_E103,Paytm Smart All-in-One POS,Electronics,"Store-105 (Park Street, Kolkata)",RETURNING,1,8499.0,0.0,8499.0,Credit Card
TXN_20240903323,2024-09-29,CUST_0286,PRD_A203,Thermal Receipt Rolls (Pack of 10),Accessories,"Store-103 (BKC, Mumbai)",RETURNING,1,299.0,14.95,284.05,UPI
TXN_20240903324,2024-09-29,CUST_0208,PRD_M304,Merchant Branding Banner Kit,Merchant Essentials,"Store-102 (Indiranagar, Bengaluru)",RETURNING,1,599.0,0.0,599.0,UPI
TXN_20240903325,2024-09-29,CUST_0012,PRD_M304,Merchant Branding Banner Kit,Merchant Essentials,"Store-101 (Connaught Place, Delhi)",RETURNING,1,599.0,0.0,599.0,Credit Card
TXN_20240903326,2024-09-29,CUST_0349,PRD_E102,Paytm Card POS Terminal Neo,Electronics,"Store-101 (Connaught Place, Delhi)",RETURNING,3,4999.0,749.85,14247.15,Credit Card
TXN_20240903327,2024-09-29,CUST_0171,PRD_M302,Voice Box Mounting Bracket,Merchant Essentials,"Store-105 (Park Street, Kolkata)",NEW,2,249.0,24.9,473.1,UPI
TXN_20240903328,2024-09-29,CUST_0291,PRD_A205,Bluetooth Audio Dongle Mini,Accessories,"Store-105 (Park Street, Kolkata)",RETURNING,1,399.0,19.95,379.05,Debit Card
TXN_20240903329,2024-09-29,CUST_0262,PRD_M302,Voice Box Mounting Bracket,Merchant Essentials,"Store-101 (Connaught Place, Delhi)",RETURNING,1,249.0,37.35,211.65,UPI
TXN_20240903330,2024-09-29,CUST_0390,PRD_M304,Merchant Branding Banner Kit,Merchant Essentials,"Store-105 (Park Street, Kolkata)",RETURNING,2,599.0,59.9,1138.1,UPI
TXN_20240903331,2024-09-29,CUST_0247,PRD_M303,Cash Drawer 4-Slot Auto-Open,Merchant Essentials,"Store-105 (Park Street, Kolkata)",RETURNING,1,2299.0,114.95,2184.05,UPI
TXN_20240903332,2024-09-29,CUST_0141,PRD_S401,Paytm Business Prime Subscription,Software & Services,"Store-105 (Park Street, Kolkata)",NEW,1,999.0,99.9,899.1,Credit Card
TXN_20240903333,2024-09-29,CUST_0312,PRD_S401,Paytm Business Prime Subscription,Software & Services,"Store-101 (Connaught Place, Delhi)",NEW,1,999.0,0.0,999.0,UPI
TXN_20240903334,2024-09-29,CUST_0168,PRD_E105,Dynamic Display QR Standee,Electronics,"Store-105 (Park Street, Kolkata)",RETURNING,1,1299.0,64.95,1234.05,UPI
TXN_20240903335,2024-09-29,CUST_0499,PRD_E102,Paytm Card POS Terminal Neo,Electronics,"Store-103 (BKC, Mumbai)",NEW,1,4999.0,0.0,4999.0,UPI
TXN_20240903336,2024-09-29,CUST_0121,PRD_M302,Voice Box Mounting Bracket,Merchant Essentials,"Store-102 (Indiranagar, Bengaluru)",RETURNING,2,249.0,49.8,448.2,UPI
TXN_20240903337,2024-09-29,CUST_0169,PRD_E104,Wireless Barcode Scanner BT,Electronics,"Store-101 (Connaught Place, Delhi)",NEW,1,1899.0,189.9,1709.1,UPI
TXN_20240903338,2024-09-29,CUST_0464,PRD_E101,Paytm Soundbox 4.0 Pro,Electronics,"Store-102 (Indiranagar, Bengaluru)",RETURNING,1,1499.0,74.95,1424.05,Credit Card
TXN_20240903339,2024-09-29,CUST_0379,PRD_E103,Paytm Smart All-in-One POS,Electronics,"Store-103 (BKC, Mumbai)",RETURNING,1,8499.0,0.0,8499.0,UPI
TXN_20240903340,2024-09-29,CUST_0261,PRD_A202,POS Charging Cradle Dock,Accessories,"Store-101 (Connaught Place, Delhi)",RETURNING,3,699.0,0.0,2097.0,UPI
TXN_20240903341,2024-09-29,CUST_0027,PRD_A205,Bluetooth Audio Dongle Mini,Accessories,"Store-101 (Connaught Place, Delhi)",RETURNING,2,399.0,119.7,678.3,Debit Card
TXN_20240903342,2024-09-29,CUST_0436,PRD_E101,Paytm Soundbox 4.0 Pro,Electronics,"Store-104 (Banjara Hills, Hyderabad)",NEW,1,1499.0,0.0,1499.0,UPI
TXN_20240903343,2024-09-29,CUST_0385,PRD_E104,Wireless Barcode Scanner BT,Electronics,"Store-105 (Park Street, Kolkata)",RETURNING,1,1899.0,94.95,1804.05,UPI
TXN_20240903344,2024-09-29,CUST_0447,PRD_E105,Dynamic Display QR Standee,Electronics,"Store-104 (Banjara Hills, Hyderabad)",RETURNING,1,1299.0,0.0,1299.0,Credit Card
TXN_20240903345,2024-09-29,CUST_0155,PRD_M303,Cash Drawer 4-Slot Auto-Open,Merchant Essentials,"Store-103 (BKC, Mumbai)",RETURNING,1,2299.0,0.0,2299.0,Paytm Wallet
TXN_20240903346,2024-09-29,CUST_0295,PRD_M303,Cash Drawer 4-Slot Auto-Open,Merchant Essentials,"Store-101 (Connaught Place, Delhi)",NEW,2,2299.0,689.7,3908.3,Debit Card
TXN_20240903347,2024-09-29,CUST_0217,PRD_M302,Voice Box Mounting Bracket,Merchant Essentials,"Store-104 (Banjara Hills, Hyderabad)",NEW,3,249.0,74.7,672.3,UPI
TXN_20240903348,2024-09-29,CUST_0112,PRD_S402,Automated Tally Accounting Sync,Software & Services,"Store-105 (Park Street, Kolkata)",RETURNING,2,1499.0,149.9,2848.1,Credit Card
TXN_20240903349,2024-09-29,CUST_0445,PRD_E102,Paytm Card POS Terminal Neo,Electronics,"Store-105 (Park Street, Kolkata)",RETURNING,3,4999.0,749.85,14247.15,UPI
TXN_20240903350,2024-09-29,CUST_0466,PRD_M301,Acrylic QR Standee - Dual Bank,Merchant Essentials,"Store-102 (Indiranagar, Bengaluru)",RETURNING,2,349.0,34.9,663.1,Paytm Wallet
TXN_20240903351,2024-09-29,CUST_0397,PRD_M302,Voice Box Mounting Bracket,Merchant Essentials,"Store-101 (Connaught Place, Delhi)",NEW,1,249.0,24.9,224.1,UPI
TXN_20240903352,2024-09-29,CUST_0189,PRD_S402,Automated Tally Accounting Sync,Software & Services,"Store-103 (BKC, Mumbai)",NEW,1,1499.0,224.85,1274.15,UPI
TXN_20240903353,2024-09-29,CUST_0090,PRD_E104,Wireless Barcode Scanner BT,Electronics,"Store-104 (Banjara Hills, Hyderabad)",RETURNING,2,1899.0,0.0,3798.0,UPI
TXN_20240903354,2024-09-29,CUST_0379,PRD_E103,Paytm Smart All-in-One POS,Electronics,"Store-102 (Indiranagar, Bengaluru)",RETURNING,1,8499.0,0.0,8499.0,UPI
TXN_20240903355,2024-09-29,CUST_0107,PRD_E104,Wireless Barcode Scanner BT,Electronics,"Store-104 (Banjara Hills, Hyderabad)",RETURNING,2,1899.0,0.0,3798.0,Credit Card
TXN_20240903356,2024-09-29,CUST_0177,PRD_M302,Voice Box Mounting Bracket,Merchant Essentials,"Store-105 (Park Street, Kolkata)",RETURNING,1,249.0,0.0,249.0,Credit Card
TXN_20240903357,2024-09-29,CUST_0138,PRD_M302,Voice Box Mounting Bracket,Merchant Essentials,"Store-105 (Park Street, Kolkata)",RETURNING,2,249.0,0.0,498.0,UPI
TXN_20240903358,2024-09-29,CUST_0083,PRD_S401,Paytm Business Prime Subscription,Software & Services,"Store-101 (Connaught Place, Delhi)",NEW,1,999.0,0.0,999.0,Credit Card
TXN_20240903359,2024-09-29,CUST_0037,PRD_A205,Bluetooth Audio Dongle Mini,Accessories,"Store-103 (BKC, Mumbai)",RETURNING,3,399.0,119.7,1077.3,UPI
TXN_20240903360,2024-09-29,CUST_0141,PRD_M301,Acrylic QR Standee - Dual Bank,Merchant Essentials,"Store-104 (Banjara Hills, Hyderabad)",NEW,1,349.0,0.0,349.0,Credit Card
TXN_20240903361,2024-09-29,CUST_0419,PRD_A203,Thermal Receipt Rolls (Pack of 10),Accessories,"Store-104 (Banjara Hills, Hyderabad)",NEW,2,299.0,0.0,598.0,Credit Card
TXN_20240903362,2024-09-29,CUST_0066,PRD_A203,Thermal Receipt Rolls (Pack of 10),Accessories,"Store-102 (Indiranagar, Bengaluru)",RETURNING,1,299.0,14.95,284.05,UPI
TXN_20240903363,2024-09-29,CUST_0104,PRD_M303,Cash Drawer 4-Slot Auto-Open,Merchant Essentials,"Store-101 (Connaught Place, Delhi)",RETURNING,2,2299.0,459.8,4138.2,UPI
TXN_20240903364,2024-09-29,CUST_0478,PRD_M302,Voice Box Mounting Bracket,Merchant Essentials,"Store-105 (Park Street, Kolkata)",RETURNING,1,249.0,12.45,236.55,UPI
TXN_20240903365,2024-09-29,CUST_0286,PRD_S401,Paytm Business Prime Subscription,Software & Services,"Store-104 (Banjara Hills, Hyderabad)",RETURNING,1,999.0,49.95,949.05,UPI
TXN_20240903366,2024-09-29,CUST_0213,PRD_E105,Dynamic Display QR Standee,Electronics,"Store-101 (Connaught Place, Delhi)",NEW,1,1299.0,194.85,1104.15,Credit Card
TXN_20240903367,2024-09-29,CUST_0469,PRD_E103,Paytm Smart All-in-One POS,Electronics,"Store-102 (Indiranagar, Bengaluru)",RETURNING,2,8499.0,0.0,16998.0,Debit Card
TXN_20240903368,2024-09-29,CUST_0066,PRD_E102,Paytm Card POS Terminal Neo,Electronics,"Store-102 (Indiranagar, Bengaluru)",RETURNING,1,4999.0,0.0,4999.0,Net Banking
TXN_20240903369,2024-09-29,CUST_0107,PRD_M302,Voice Box Mounting Bracket,Merchant Essentials,"Store-104 (Banjara Hills, Hyderabad)",RETURNING,1,249.0,12.45,236.55,Credit Card
TXN_20240903370,2024-09-29,CUST_0009,PRD_E101,Paytm Soundbox 4.0 Pro,Electronics,"Store-104 (Banjara Hills, Hyderabad)",RETURNING,1,1499.0,74.95,1424.05,UPI
TXN_20240903371,2024-09-29,CUST_0207,PRD_E102,Paytm Card POS Terminal Neo,Electronics,"Store-103 (BKC, Mumbai)",RETURNING,2,4999.0,0.0,9998.0,Debit Card
TXN_20240903372,2024-09-29,CUST_0033,PRD_E105,Dynamic Display QR Standee,Electronics,"Store-104 (Banjara Hills, Hyderabad)",RETURNING,2,1299.0,0.0,2598.0,Debit Card
TXN_20240903373,2024-09-29,CUST_0193,PRD_M303,Cash Drawer 4-Slot Auto-Open,Merchant Essentials,"Store-101 (Connaught Place, Delhi)",RETURNING,2,2299.0,459.8,4138.2,UPI
TXN_20240903374,2024-09-29,CUST_0035,PRD_A203,Thermal Receipt Rolls (Pack of 10),Accessories,"Store-103 (BKC, Mumbai)",NEW,1,299.0,14.95,284.05,Net Banking
TXN_20240903375,2024-09-29,CUST_0325,PRD_E104,Wireless Barcode Scanner BT,Electronics,"Store-105 (Park Street, Kolkata)",RETURNING,2,1899.0,189.9,3608.1,UPI
TXN_20240903376,2024-09-29,CUST_0436,PRD_S401,Paytm Business Prime Subscription,Software & Services,"Store-101 (Connaught Place, Delhi)",NEW,1,999.0,0.0,999.0,UPI
TXN_20240903377,2024-09-29,CUST_0440,PRD_S403,Priority Settlement Annual Plan,Software & Services,"Store-105 (Park Street, Kolkata)",RETURNING,1,1999.0,99.95,1899.05,UPI
TXN_20240903378,2024-09-29,CUST_0033,PRD_M302,Voice Box Mounting Bracket,Merchant Essentials,"Store-102 (Indiranagar, Bengaluru)",RETURNING,2,249.0,0.0,498.0,UPI
TXN_20240903379,2024-09-29,CUST_0350,PRD_E103,Paytm Smart All-in-One POS,Electronics,"Store-105 (Park Street, Kolkata)",RETURNING,2,8499.0,849.9,16148.1,UPI
TXN_20240903380,2024-09-29,CUST_0294,PRD_E101,Paytm Soundbox 4.0 Pro,Electronics,"Store-104 (Banjara Hills, Hyderabad)",RETURNING,2,1499.0,0.0,2998.0,Paytm Wallet
TXN_20240903381,2024-09-29,CUST_0142,PRD_E104,Wireless Barcode Scanner BT,Electronics,"Store-101 (Connaught Place, Delhi)",RETURNING,1,1899.0,94.95,1804.05,UPI
TXN_20240903382,2024-09-29,CUST_0184,PRD_E101,Paytm Soundbox 4.0 Pro,Electronics,"Store-103 (BKC, Mumbai)",NEW,1,1499.0,74.95,1424.05,UPI
TXN_20240903383,2024-09-29,CUST_0239,PRD_A203,Thermal Receipt Rolls (Pack of 10),Accessories,"Store-103 (BKC, Mumbai)",RETURNING,2,299.0,29.9,568.1,UPI
TXN_20240903384,2024-09-29,CUST_0299,PRD_E104,Wireless Barcode Scanner BT,Electronics,"Store-102 (Indiranagar, Bengaluru)",RETURNING,1,1899.0,0.0,1899.0,UPI
TXN_20240903385,2024-09-29,CUST_0027,PRD_M301,Acrylic QR Standee - Dual Bank,Merchant Essentials,"Store-103 (BKC, Mumbai)",RETURNING,2,349.0,34.9,663.1,UPI
TXN_20240903386,2024-09-29,CUST_0495,PRD_E103,Paytm Smart All-in-One POS,Electronics,"Store-103 (BKC, Mumbai)",NEW,1,8499.0,0.0,8499.0,UPI
TXN_20240903387,2024-09-29,CUST_0034,PRD_E103,Paytm Smart All-in-One POS,Electronics,"Store-104 (Banjara Hills, Hyderabad)",NEW,1,8499.0,0.0,8499.0,Credit Card
TXN_20240903388,2024-09-29,CUST_0484,PRD_M303,Cash Drawer 4-Slot Auto-Open,Merchant Essentials,"Store-104 (Banjara Hills, Hyderabad)",RETURNING,3,2299.0,344.85,6552.15,UPI
TXN_20240903389,2024-09-29,CUST_0344,PRD_E105,Dynamic Display QR Standee,Electronics,"Store-105 (Park Street, Kolkata)",NEW,1,1299.0,0.0,1299.0,UPI
TXN_20240903390,2024-09-29,CUST_0233,PRD_M304,Merchant Branding Banner Kit,Merchant Essentials,"Store-104 (Banjara Hills, Hyderabad)",RETURNING,1,599.0,0.0,599.0,Debit Card
TXN_20240903391,2024-09-29,CUST_0421,PRD_A203,Thermal Receipt Rolls (Pack of 10),Accessories,"Store-102 (Indiranagar, Bengaluru)",NEW,1,299.0,29.9,269.1,UPI
TXN_20240903392,2024-09-29,CUST_0483,PRD_E103,Paytm Smart All-in-One POS,Electronics,"Store-102 (Indiranagar, Bengaluru)",RETURNING,2,8499.0,0.0,16998.0,UPI
TXN_20240903393,2024-09-29,CUST_0491,PRD_A201,Soundbox Replacement Battery,Accessories,"Store-103 (BKC, Mumbai)",RETURNING,3,499.0,0.0,1497.0,Credit Card
TXN_20240903394,2024-09-29,CUST_0346,PRD_E104,Wireless Barcode Scanner BT,Electronics,"Store-102 (Indiranagar, Bengaluru)",NEW,1,1899.0,94.95,1804.05,UPI
TXN_20240903395,2024-09-29,CUST_0404,PRD_E102,Paytm Card POS Terminal Neo,Electronics,"Store-104 (Banjara Hills, Hyderabad)",RETURNING,2,4999.0,0.0,9998.0,UPI
TXN_20240903396,2024-09-29,CUST_0379,PRD_A203,Thermal Receipt Rolls (Pack of 10),Accessories,"Store-102 (Indiranagar, Bengaluru)",RETURNING,1,299.0,0.0,299.0,Net Banking
TXN_20240903397,2024-09-29,CUST_0106,PRD_M304,Merchant Branding Banner Kit,Merchant Essentials,"Store-105 (Park Street, Kolkata)",RETURNING,2,599.0,0.0,1198.0,UPI
TXN_20240903398,2024-09-29,CUST_0164,PRD_E103,Paytm Smart All-in-One POS,Electronics,"Store-105 (Park Street, Kolkata)",NEW,1,8499.0,424.95,8074.05,UPI
TXN_20240903399,2024-09-29,CUST_0194,PRD_E102,Paytm Card POS Terminal Neo,Electronics,"Store-101 (Connaught Place, Delhi)",RETURNING,1,4999.0,249.95,4749.05,UPI
TXN_20240903400,2024-09-29,CUST_0039,PRD_E102,Paytm Card POS Terminal Neo,Electronics,"Store-102 (Indiranagar, Bengaluru)",RETURNING,1,4999.0,0.0,4999.0,UPI
TXN_20240903401,2024-09-29,CUST_0117,PRD_A205,Bluetooth Audio Dongle Mini,Accessories,"Store-103 (BKC, Mumbai)",RETURNING,1,399.0,59.85,339.15,Debit Card
TXN_20240903402,2024-09-29,CUST_0082,PRD_E103,Paytm Smart All-in-One POS,Electronics,"Store-105 (Park Street, Kolkata)",NEW,1,8499.0,849.9,7649.1,UPI
TXN_20240903403,2024-09-29,CUST_0146,PRD_E104,Wireless Barcode Scanner BT,Electronics,"Store-102 (Indiranagar, Bengaluru)",RETURNING,1,1899.0,0.0,1899.0,Debit Card
TXN_20240903404,2024-09-29,CUST_0313,PRD_E105,Dynamic Display QR Standee,Electronics,"Store-101 (Connaught Place, Delhi)",RETURNING,1,1299.0,0.0,1299.0,UPI
TXN_20240903405,2024-09-29,CUST_0090,PRD_M302,Voice Box Mounting Bracket,Merchant Essentials,"Store-105 (Park Street, Kolkata)",RETURNING,4,249.0,99.6,896.4,Credit Card
TXN_20240903406,2024-09-29,CUST_0243,PRD_A204,Heavy Duty POS Lanyard Strap,Accessories,"Store-102 (Indiranagar, Bengaluru)",NEW,1,149.0,7.45,141.55,Credit Card
TXN_20240903407,2024-09-29,CUST_0185,PRD_E102,Paytm Card POS Terminal Neo,Electronics,"Store-104 (Banjara Hills, Hyderabad)",NEW,2,4999.0,0.0,9998.0,Debit Card
TXN_20240903408,2024-09-29,CUST_0048,PRD_E104,Wireless Barcode Scanner BT,Electronics,"Store-102 (Indiranagar, Bengaluru)",RETURNING,5,1899.0,0.0,9495.0,Debit Card
TXN_20240903409,2024-09-29,CUST_0289,PRD_M304,Merchant Branding Banner Kit,Merchant Essentials,"Store-103 (BKC, Mumbai)",NEW,1,599.0,59.9,539.1,Paytm Wallet
TXN_20240903410,2024-09-29,CUST_0190,PRD_M303,Cash Drawer 4-Slot Auto-Open,Merchant Essentials,"Store-105 (Park Street, Kolkata)",NEW,1,2299.0,344.85,1954.15,UPI
TXN_20240903411,2024-09-29,CUST_0054,PRD_E103,Paytm Smart All-in-One POS,Electronics,"Store-103 (BKC, Mumbai)",NEW,1,8499.0,0.0,8499.0,Credit Card
TXN_20240903412,2024-09-29,CUST_0190,PRD_E102,Paytm Card POS Terminal Neo,Electronics,"Store-104 (Banjara Hills, Hyderabad)",NEW,2,4999.0,1499.7,8498.3,Paytm Wallet
TXN_20240903413,2024-09-29,CUST_0202,PRD_E105,Dynamic Display QR Standee,Electronics,"Store-103 (BKC, Mumbai)",RETURNING,1,1299.0,64.95,1234.05,Credit Card
TXN_20240903414,2024-09-29,CUST_0359,PRD_S402,Automated Tally Accounting Sync,Software & Services,"Store-102 (Indiranagar, Bengaluru)",NEW,2,1499.0,299.8,2698.2,Credit Card
TXN_20240903415,2024-09-29,CUST_0455,PRD_E104,Wireless Barcode Scanner BT,Electronics,"Store-102 (Indiranagar, Bengaluru)",RETURNING,2,1899.0,569.7,3228.3,Debit Card
TXN_20240903416,2024-09-29,CUST_0199,PRD_E105,Dynamic Display QR Standee,Electronics,"Store-105 (Park Street, Kolkata)",RETURNING,2,1299.0,129.9,2468.1,UPI
TXN_20240903417,2024-09-29,CUST_0235,PRD_M304,Merchant Branding Banner Kit,Merchant Essentials,"Store-104 (Banjara Hills, Hyderabad)",RETURNING,3,599.0,89.85,1707.15,UPI
TXN_20240903418,2024-09-29,CUST_0139,PRD_E103,Paytm Smart All-in-One POS,Electronics,"Store-103 (BKC, Mumbai)",NEW,1,8499.0,0.0,8499.0,Credit Card
TXN_20240903419,2024-09-29,CUST_0127,PRD_M301,Acrylic QR Standee - Dual Bank,Merchant Essentials,"Store-101 (Connaught Place, Delhi)",RETURNING,2,349.0,34.9,663.1,UPI
TXN_20240903420,2024-09-29,CUST_0290,PRD_E105,Dynamic Display QR Standee,Electronics,"Store-102 (Indiranagar, Bengaluru)",RETURNING,1,1299.0,129.9,1169.1,Debit Card
TXN_20240903421,2024-09-29,CUST_0040,PRD_E105,Dynamic Display QR Standee,Electronics,"Store-103 (BKC, Mumbai)",RETURNING,2,1299.0,129.9,2468.1,UPI
TXN_20240903422,2024-09-29,CUST_0460,PRD_M303,Cash Drawer 4-Slot Auto-Open,Merchant Essentials,"Store-102 (Indiranagar, Bengaluru)",RETURNING,2,2299.0,0.0,4598.0,UPI
TXN_20240903423,2024-09-29,CUST_0107,PRD_E105,Dynamic Display QR Standee,Electronics,"Store-104 (Banjara Hills, Hyderabad)",RETURNING,1,1299.0,129.9,1169.1,Debit Card
TXN_20240903424,2024-09-29,CUST_0483,PRD_E101,Paytm Soundbox 4.0 Pro,Electronics,"Store-105 (Park Street, Kolkata)",RETURNING,1,1499.0,224.85,1274.15,Net Banking
TXN_20240903425,2024-09-29,CUST_0010,PRD_A202,POS Charging Cradle Dock,Accessories,"Store-102 (Indiranagar, Bengaluru)",RETURNING,1,699.0,0.0,699.0,UPI
TXN_20240903426,2024-09-29,CUST_0063,PRD_S403,Priority Settlement Annual Plan,Software & Services,"Store-104 (Banjara Hills, Hyderabad)",RETURNING,2,1999.0,0.0,3998.0,Debit Card
TXN_20240903427,2024-09-29,CUST_0204,PRD_E102,Paytm Card POS Terminal Neo,Electronics,"Store-103 (BKC, Mumbai)",RETURNING,2,4999.0,1499.7,8498.3,Credit Card
TXN_20240903428,2024-09-29,CUST_0199,PRD_M304,Merchant Branding Banner Kit,Merchant Essentials,"Store-103 (BKC, Mumbai)",RETURNING,1,599.0,89.85,509.15,UPI
TXN_20240903429,2024-09-29,CUST_0056,PRD_E105,Dynamic Display QR Standee,Electronics,"Store-105 (Park Street, Kolkata)",RETURNING,2,1299.0,259.8,2338.2,UPI
TXN_20240903430,2024-09-29,CUST_0203,PRD_M303,Cash Drawer 4-Slot Auto-Open,Merchant Essentials,"Store-103 (BKC, Mumbai)",RETURNING,1,2299.0,344.85,1954.15,UPI
TXN_20240903431,2024-09-29,CUST_0329,PRD_E105,Dynamic Display QR Standee,Electronics,"Store-104 (Banjara Hills, Hyderabad)",NEW,1,1299.0,64.95,1234.05,UPI
TXN_20240903432,2024-09-29,CUST_0210,PRD_E105,Dynamic Display QR Standee,Electronics,"Store-101 (Connaught Place, Delhi)",RETURNING,1,1299.0,0.0,1299.0,UPI
TXN_20240903433,2024-09-29,CUST_0308,PRD_E102,Paytm Card POS Terminal Neo,Electronics,"Store-101 (Connaught Place, Delhi)",RETURNING,4,4999.0,0.0,19996.0,Debit Card
TXN_20240903434,2024-09-29,CUST_0015,PRD_E102,Paytm Card POS Terminal Neo,Electronics,"Store-102 (Indiranagar, Bengaluru)",RETURNING,1,4999.0,249.95,4749.05,Debit Card
TXN_20240903435,2024-09-29,CUST_0042,PRD_E102,Paytm Card POS Terminal Neo,Electronics,"Store-102 (Indiranagar, Bengaluru)",RETURNING,1,4999.0,249.95,4749.05,Credit Card
TXN_20240903436,2024-09-29,CUST_0427,PRD_E105,Dynamic Display QR Standee,Electronics,"Store-102 (Indiranagar, Bengaluru)",RETURNING,3,1299.0,389.7,3507.3,UPI
TXN_20240903437,2024-09-29,CUST_0423,PRD_A203,Thermal Receipt Rolls (Pack of 10),Accessories,"Store-103 (BKC, Mumbai)",NEW,1,299.0,0.0,299.0,UPI
TXN_20240903438,2024-09-29,CUST_0223,PRD_E105,Dynamic Display QR Standee,Electronics,"Store-102 (Indiranagar, Bengaluru)",NEW,1,1299.0,194.85,1104.15,Net Banking
TXN_20240903439,2024-09-29,CUST_0047,PRD_E102,Paytm Card POS Terminal Neo,Electronics,"Store-101 (Connaught Place, Delhi)",NEW,3,4999.0,749.85,14247.15,Credit Card
TXN_20240903440,2024-09-29,CUST_0340,PRD_M301,Acrylic QR Standee - Dual Bank,Merchant Essentials,"Store-101 (Connaught Place, Delhi)",RETURNING,1,349.0,34.9,314.1,UPI
TXN_20240903441,2024-09-30,CUST_0020,PRD_E102,Paytm Card POS Terminal Neo,Electronics,"Store-105 (Park Street, Kolkata)",NEW,2,4999.0,0.0,9998.0,UPI
TXN_20240903442,2024-09-30,CUST_0061,PRD_E105,Dynamic Display QR Standee,Electronics,"Store-105 (Park Street, Kolkata)",NEW,5,1299.0,324.75,6170.25,UPI
TXN_20240903443,2024-09-30,CUST_0318,PRD_A204,Heavy Duty POS Lanyard Strap,Accessories,"Store-102 (Indiranagar, Bengaluru)",NEW,1,149.0,0.0,149.0,Debit Card
TXN_20240903444,2024-09-30,CUST_0103,PRD_E103,Paytm Smart All-in-One POS,Electronics,"Store-103 (BKC, Mumbai)",NEW,1,8499.0,0.0,8499.0,UPI
TXN_20240903445,2024-09-30,CUST_0031,PRD_E103,Paytm Smart All-in-One POS,Electronics,"Store-102 (Indiranagar, Bengaluru)",NEW,1,8499.0,0.0,8499.0,UPI
TXN_20240903446,2024-09-30,CUST_0344,PRD_E101,Paytm Soundbox 4.0 Pro,Electronics,"Store-105 (Park Street, Kolkata)",NEW,1,1499.0,224.85,1274.15,UPI
TXN_20240903447,2024-09-30,CUST_0041,PRD_E104,Wireless Barcode Scanner BT,Electronics,"Store-104 (Banjara Hills, Hyderabad)",RETURNING,1,1899.0,0.0,1899.0,UPI
TXN_20240903448,2024-09-30,CUST_0105,PRD_M304,Merchant Branding Banner Kit,Merchant Essentials,"Store-101 (Connaught Place, Delhi)",NEW,1,599.0,0.0,599.0,Debit Card
TXN_20240903449,2024-09-30,CUST_0009,PRD_S403,Priority Settlement Annual Plan,Software & Services,"Store-103 (BKC, Mumbai)",RETURNING,2,1999.0,0.0,3998.0,Paytm Wallet
TXN_20240903450,2024-09-30,CUST_0267,PRD_A202,POS Charging Cradle Dock,Accessories,"Store-101 (Connaught Place, Delhi)",RETURNING,2,699.0,139.8,1258.2,UPI
TXN_20240903451,2024-09-30,CUST_0324,PRD_E104,Wireless Barcode Scanner BT,Electronics,"Store-102 (Indiranagar, Bengaluru)",NEW,2,1899.0,569.7,3228.3,UPI
TXN_20240903452,2024-09-30,CUST_0476,PRD_A204,Heavy Duty POS Lanyard Strap,Accessories,"Store-104 (Banjara Hills, Hyderabad)",NEW,1,149.0,7.45,141.55,UPI
TXN_20240903453,2024-09-30,CUST_0151,PRD_M304,Merchant Branding Banner Kit,Merchant Essentials,"Store-102 (Indiranagar, Bengaluru)",RETURNING,2,599.0,119.8,1078.2,UPI
TXN_20240903454,2024-09-30,CUST_0471,PRD_A205,Bluetooth Audio Dongle Mini,Accessories,"Store-103 (BKC, Mumbai)",RETURNING,2,399.0,119.7,678.3,UPI
TXN_20240903455,2024-09-30,CUST_0296,PRD_S403,Priority Settlement Annual Plan,Software & Services,"Store-102 (Indiranagar, Bengaluru)",RETURNING,2,1999.0,0.0,3998.0,Net Banking
TXN_20240903456,2024-09-30,CUST_0039,PRD_M301,Acrylic QR Standee - Dual Bank,Merchant Essentials,"Store-101 (Connaught Place, Delhi)",RETURNING,3,349.0,0.0,1047.0,Credit Card
TXN_20240903457,2024-09-30,CUST_0222,PRD_S403,Priority Settlement Annual Plan,Software & Services,"Store-102 (Indiranagar, Bengaluru)",RETURNING,1,1999.0,0.0,1999.0,UPI
TXN_20240903458,2024-09-30,CUST_0086,PRD_S403,Priority Settlement Annual Plan,Software & Services,"Store-102 (Indiranagar, Bengaluru)",RETURNING,2,1999.0,0.0,3998.0,UPI
TXN_20240903459,2024-09-30,CUST_0072,PRD_A205,Bluetooth Audio Dongle Mini,Accessories,"Store-103 (BKC, Mumbai)",RETURNING,1,399.0,59.85,339.15,UPI
TXN_20240903460,2024-09-30,CUST_0278,PRD_A204,Heavy Duty POS Lanyard Strap,Accessories,"Store-105 (Park Street, Kolkata)",RETURNING,1,149.0,22.35,126.65,UPI
TXN_20240903461,2024-09-30,CUST_0310,PRD_E103,Paytm Smart All-in-One POS,Electronics,"Store-105 (Park Street, Kolkata)",RETURNING,5,8499.0,6374.25,36120.75,UPI
TXN_20240903462,2024-09-30,CUST_0055,PRD_A203,Thermal Receipt Rolls (Pack of 10),Accessories,"Store-103 (BKC, Mumbai)",RETURNING,1,299.0,14.95,284.05,UPI
TXN_20240903463,2024-09-30,CUST_0188,PRD_E104,Wireless Barcode Scanner BT,Electronics,"Store-105 (Park Street, Kolkata)",NEW,1,1899.0,0.0,1899.0,Paytm Wallet
TXN_20240903464,2024-09-30,CUST_0230,PRD_A205,Bluetooth Audio Dongle Mini,Accessories,"Store-101 (Connaught Place, Delhi)",NEW,1,399.0,0.0,399.0,UPI
TXN_20240903465,2024-09-30,CUST_0335,PRD_E104,Wireless Barcode Scanner BT,Electronics,"Store-103 (BKC, Mumbai)",RETURNING,1,1899.0,0.0,1899.0,UPI
TXN_20240903466,2024-09-30,CUST_0022,PRD_E101,Paytm Soundbox 4.0 Pro,Electronics,"Store-103 (BKC, Mumbai)",NEW,1,1499.0,0.0,1499.0,Paytm Wallet
TXN_20240903467,2024-09-30,CUST_0194,PRD_A201,Soundbox Replacement Battery,Accessories,"Store-104 (Banjara Hills, Hyderabad)",RETURNING,2,499.0,99.8,898.2,UPI
TXN_20240903468,2024-09-30,CUST_0399,PRD_M303,Cash Drawer 4-Slot Auto-Open,Merchant Essentials,"Store-101 (Connaught Place, Delhi)",NEW,1,2299.0,114.95,2184.05,Debit Card
TXN_20240903469,2024-09-30,CUST_0210,PRD_A202,POS Charging Cradle Dock,Accessories,"Store-101 (Connaught Place, Delhi)",RETURNING,1,699.0,69.9,629.1,UPI
TXN_20240903470,2024-09-30,CUST_0070,PRD_A202,POS Charging Cradle Dock,Accessories,"Store-101 (Connaught Place, Delhi)",RETURNING,2,699.0,69.9,1328.1,UPI
TXN_20240903471,2024-09-30,CUST_0180,PRD_M304,Merchant Branding Banner Kit,Merchant Essentials,"Store-102 (Indiranagar, Bengaluru)",RETURNING,2,599.0,0.0,1198.0,UPI
TXN_20240903472,2024-09-30,CUST_0080,PRD_E103,Paytm Smart All-in-One POS,Electronics,"Store-105 (Park Street, Kolkata)",RETURNING,1,8499.0,0.0,8499.0,UPI
TXN_20240903473,2024-09-30,CUST_0311,PRD_A203,Thermal Receipt Rolls (Pack of 10),Accessories,"Store-103 (BKC, Mumbai)",NEW,1,299.0,0.0,299.0,UPI
TXN_20240903474,2024-09-30,CUST_0385,PRD_A202,POS Charging Cradle Dock,Accessories,"Store-104 (Banjara Hills, Hyderabad)",RETURNING,2,699.0,0.0,1398.0,Debit Card
TXN_20240903475,2024-09-30,CUST_0361,PRD_E102,Paytm Card POS Terminal Neo,Electronics,"Store-102 (Indiranagar, Bengaluru)",RETURNING,2,4999.0,999.8,8998.2,Debit Card
TXN_20240903476,2024-09-30,CUST_0100,PRD_E104,Wireless Barcode Scanner BT,Electronics,"Store-104 (Banjara Hills, Hyderabad)",RETURNING,3,1899.0,284.85,5412.15,Credit Card
TXN_20240903477,2024-09-30,CUST_0473,PRD_M304,Merchant Branding Banner Kit,Merchant Essentials,"Store-104 (Banjara Hills, Hyderabad)",RETURNING,1,599.0,89.85,509.15,UPI
TXN_20240903478,2024-09-30,CUST_0251,PRD_A202,POS Charging Cradle Dock,Accessories,"Store-101 (Connaught Place, Delhi)",RETURNING,1,699.0,0.0,699.0,UPI
TXN_20240903479,2024-09-30,CUST_0277,PRD_E101,Paytm Soundbox 4.0 Pro,Electronics,"Store-101 (Connaught Place, Delhi)",NEW,1,1499.0,0.0,1499.0,Credit Card
TXN_20240903480,2024-09-30,CUST_0466,PRD_M304,Merchant Branding Banner Kit,Merchant Essentials,"Store-103 (BKC, Mumbai)",RETURNING,2,599.0,0.0,1198.0,Debit Card
TXN_20240903481,2024-09-30,CUST_0403,PRD_M302,Voice Box Mounting Bracket,Merchant Essentials,"Store-101 (Connaught Place, Delhi)",RETURNING,2,249.0,24.9,473.1,UPI
TXN_20240903482,2024-09-30,CUST_0233,PRD_E103,Paytm Smart All-in-One POS,Electronics,"Store-102 (Indiranagar, Bengaluru)",RETURNING,2,8499.0,849.9,16148.1,Credit Card
TXN_20240903483,2024-09-30,CUST_0475,PRD_A204,Heavy Duty POS Lanyard Strap,Accessories,"Store-101 (Connaught Place, Delhi)",NEW,1,149.0,14.9,134.1,UPI
TXN_20240903484,2024-09-30,CUST_0468,PRD_A202,POS Charging Cradle Dock,Accessories,"Store-101 (Connaught Place, Delhi)",RETURNING,2,699.0,69.9,1328.1,Debit Card
TXN_20240903485,2024-09-30,CUST_0342,PRD_E102,Paytm Card POS Terminal Neo,Electronics,"Store-102 (Indiranagar, Bengaluru)",RETURNING,2,4999.0,1499.7,8498.3,UPI
TXN_20240903486,2024-09-30,CUST_0477,PRD_S401,Paytm Business Prime Subscription,Software & Services,"Store-102 (Indiranagar, Bengaluru)",RETURNING,2,999.0,99.9,1898.1,UPI
TXN_20240903487,2024-09-30,CUST_0170,PRD_A202,POS Charging Cradle Dock,Accessories,"Store-103 (BKC, Mumbai)",RETURNING,2,699.0,69.9,1328.1,UPI
TXN_20240903488,2024-09-30,CUST_0394,PRD_E101,Paytm Soundbox 4.0 Pro,Electronics,"Store-103 (BKC, Mumbai)",RETURNING,1,1499.0,0.0,1499.0,UPI
TXN_20240903489,2024-09-30,CUST_0494,PRD_E105,Dynamic Display QR Standee,Electronics,"Store-101 (Connaught Place, Delhi)",RETURNING,1,1299.0,0.0,1299.0,Credit Card
TXN_20240903490,2024-09-30,CUST_0279,PRD_E105,Dynamic Display QR Standee,Electronics,"Store-104 (Banjara Hills, Hyderabad)",NEW,1,1299.0,0.0,1299.0,UPI
TXN_20240903491,2024-09-30,CUST_0236,PRD_E103,Paytm Smart All-in-One POS,Electronics,"Store-104 (Banjara Hills, Hyderabad)",RETURNING,2,8499.0,1699.8,15298.2,UPI
TXN_20240903492,2024-09-30,CUST_0163,PRD_E102,Paytm Card POS Terminal Neo,Electronics,"Store-104 (Banjara Hills, Hyderabad)",RETURNING,2,4999.0,499.9,9498.1,UPI
TXN_20240903493,2024-09-30,CUST_0301,PRD_S401,Paytm Business Prime Subscription,Software & Services,"Store-101 (Connaught Place, Delhi)",RETURNING,2,999.0,0.0,1998.0,UPI
TXN_20240903494,2024-09-30,CUST_0246,PRD_M302,Voice Box Mounting Bracket,Merchant Essentials,"Store-105 (Park Street, Kolkata)",RETURNING,1,249.0,24.9,224.1,UPI
TXN_20240903495,2024-09-30,CUST_0155,PRD_E105,Dynamic Display QR Standee,Electronics,"Store-104 (Banjara Hills, Hyderabad)",RETURNING,3,1299.0,389.7,3507.3,Debit Card
TXN_20240903496,2024-09-30,CUST_0273,PRD_E103,Paytm Smart All-in-One POS,Electronics,"Store-102 (Indiranagar, Bengaluru)",RETURNING,2,8499.0,0.0,16998.0,UPI
TXN_20240903497,2024-09-30,CUST_0263,PRD_E101,Paytm Soundbox 4.0 Pro,Electronics,"Store-101 (Connaught Place, Delhi)",RETURNING,1,1499.0,0.0,1499.0,UPI
TXN_20240903498,2024-09-30,CUST_0170,PRD_E104,Wireless Barcode Scanner BT,Electronics,"Store-104 (Banjara Hills, Hyderabad)",RETURNING,1,1899.0,0.0,1899.0,UPI
TXN_20240903499,2024-09-30,CUST_0434,PRD_S402,Automated Tally Accounting Sync,Software & Services,"Store-101 (Connaught Place, Delhi)",RETURNING,1,1499.0,74.95,1424.05,UPI
TXN_20240903500,2024-09-30,CUST_0084,PRD_E103,Paytm Smart All-in-One POS,Electronics,"Store-103 (BKC, Mumbai)",RETURNING,2,8499.0,1699.8,15298.2,UPI
TXN_20240903501,2024-09-30,CUST_0074,PRD_A204,Heavy Duty POS Lanyard Strap,Accessories,"Store-103 (BKC, Mumbai)",NEW,1,149.0,0.0,149.0,UPI
TXN_20240903502,2024-09-30,CUST_0114,PRD_M304,Merchant Branding Banner Kit,Merchant Essentials,"Store-103 (BKC, Mumbai)",NEW,1,599.0,89.85,509.15,UPI
TXN_20240903503,2024-09-30,CUST_0199,PRD_E103,Paytm Smart All-in-One POS,Electronics,"Store-103 (BKC, Mumbai)",RETURNING,1,8499.0,424.95,8074.05,UPI
TXN_20240903504,2024-09-30,CUST_0464,PRD_S401,Paytm Business Prime Subscription,Software & Services,"Store-105 (Park Street, Kolkata)",RETURNING,1,999.0,0.0,999.0,UPI
TXN_20240903505,2024-09-30,CUST_0081,PRD_A204,Heavy Duty POS Lanyard Strap,Accessories,"Store-102 (Indiranagar, Bengaluru)",NEW,1,149.0,0.0,149.0,UPI
TXN_20240903506,2024-09-30,CUST_0475,PRD_M303,Cash Drawer 4-Slot Auto-Open,Merchant Essentials,"Store-101 (Connaught Place, Delhi)",NEW,1,2299.0,0.0,2299.0,UPI
TXN_20240903507,2024-09-30,CUST_0208,PRD_E104,Wireless Barcode Scanner BT,Electronics,"Store-102 (Indiranagar, Bengaluru)",RETURNING,1,1899.0,0.0,1899.0,UPI
TXN_20240903508,2024-09-30,CUST_0065,PRD_M303,Cash Drawer 4-Slot Auto-Open,Merchant Essentials,"Store-101 (Connaught Place, Delhi)",RETURNING,4,2299.0,0.0,9196.0,UPI
TXN_20240903509,2024-09-30,CUST_0024,PRD_E104,Wireless Barcode Scanner BT,Electronics,"Store-103 (BKC, Mumbai)",RETURNING,2,1899.0,0.0,3798.0,Credit Card
TXN_20240903510,2024-09-30,CUST_0025,PRD_E102,Paytm Card POS Terminal Neo,Electronics,"Store-102 (Indiranagar, Bengaluru)",NEW,1,4999.0,0.0,4999.0,Credit Card
TXN_20240903511,2024-09-30,CUST_0251,PRD_A204,Heavy Duty POS Lanyard Strap,Accessories,"Store-101 (Connaught Place, Delhi)",RETURNING,2,149.0,14.9,283.1,UPI
TXN_20240903512,2024-09-30,CUST_0298,PRD_A205,Bluetooth Audio Dongle Mini,Accessories,"Store-104 (Banjara Hills, Hyderabad)",NEW,1,399.0,0.0,399.0,Debit Card
TXN_20240903513,2024-09-30,CUST_0193,PRD_M302,Voice Box Mounting Bracket,Merchant Essentials,"Store-103 (BKC, Mumbai)",RETURNING,2,249.0,24.9,473.1,UPI
TXN_20240903514,2024-09-30,CUST_0308,PRD_E104,Wireless Barcode Scanner BT,Electronics,"Store-104 (Banjara Hills, Hyderabad)",RETURNING,1,1899.0,189.9,1709.1,UPI
TXN_20240903515,2024-09-30,CUST_0147,PRD_M303,Cash Drawer 4-Slot Auto-Open,Merchant Essentials,"Store-103 (BKC, Mumbai)",RETURNING,1,2299.0,0.0,2299.0,UPI
TXN_20240903516,2024-09-30,CUST_0493,PRD_E104,Wireless Barcode Scanner BT,Electronics,"Store-104 (Banjara Hills, Hyderabad)",NEW,1,1899.0,189.9,1709.1,Debit Card
TXN_20240903517,2024-09-30,CUST_0146,PRD_E104,Wireless Barcode Scanner BT,Electronics,"Store-103 (BKC, Mumbai)",RETURNING,1,1899.0,0.0,1899.0,UPI
TXN_20240903518,2024-09-30,CUST_0379,PRD_E102,Paytm Card POS Terminal Neo,Electronics,"Store-103 (BKC, Mumbai)",RETURNING,3,4999.0,749.85,14247.15,Credit Card
TXN_20240903519,2024-09-30,CUST_0054,PRD_S401,Paytm Business Prime Subscription,Software & Services,"Store-104 (Banjara Hills, Hyderabad)",NEW,3,999.0,0.0,2997.0,UPI
TXN_20240903520,2024-09-30,CUST_0220,PRD_E104,Wireless Barcode Scanner BT,Electronics,"Store-103 (BKC, Mumbai)",RETURNING,1,1899.0,189.9,1709.1,UPI
TXN_20240903521,2024-09-30,CUST_0065,PRD_E101,Paytm Soundbox 4.0 Pro,Electronics,"Store-105 (Park Street, Kolkata)",RETURNING,2,1499.0,149.9,2848.1,UPI
TXN_20240903522,2024-09-30,CUST_0281,PRD_E101,Paytm Soundbox 4.0 Pro,Electronics,"Store-101 (Connaught Place, Delhi)",NEW,2,1499.0,149.9,2848.1,UPI
TXN_20240903523,2024-09-30,CUST_0126,PRD_E101,Paytm Soundbox 4.0 Pro,Electronics,"Store-101 (Connaught Place, Delhi)",NEW,1,1499.0,74.95,1424.05,Credit Card
TXN_20240903524,2024-09-30,CUST_0227,PRD_E101,Paytm Soundbox 4.0 Pro,Electronics,"Store-104 (Banjara Hills, Hyderabad)",NEW,1,1499.0,0.0,1499.0,UPI
TXN_20240903525,2024-09-30,CUST_0078,PRD_E102,Paytm Card POS Terminal Neo,Electronics,"Store-104 (Banjara Hills, Hyderabad)",RETURNING,1,4999.0,0.0,4999.0,Debit Card
TXN_20240903526,2024-09-30,CUST_0194,PRD_M303,Cash Drawer 4-Slot Auto-Open,Merchant Essentials,"Store-105 (Park Street, Kolkata)",RETURNING,1,2299.0,0.0,2299.0,UPI
TXN_20240903527,2024-09-30,CUST_0255,PRD_E101,Paytm Soundbox 4.0 Pro,Electronics,"Store-103 (BKC, Mumbai)",RETURNING,2,1499.0,0.0,2998.0,UPI
TXN_20240903528,2024-09-30,CUST_0481,PRD_M302,Voice Box Mounting Bracket,Merchant Essentials,"Store-104 (Banjara Hills, Hyderabad)",RETURNING,2,249.0,0.0,498.0,Debit Card
TXN_20240903529,2024-09-30,CUST_0290,PRD_S401,Paytm Business Prime Subscription,Software & Services,"Store-102 (Indiranagar, Bengaluru)",RETURNING,2,999.0,0.0,1998.0,UPI
TXN_20240903530,2024-09-30,CUST_0224,PRD_E104,Wireless Barcode Scanner BT,Electronics,"Store-105 (Park Street, Kolkata)",NEW,2,1899.0,0.0,3798.0,UPI
TXN_20240903531,2024-09-30,CUST_0498,PRD_E105,Dynamic Display QR Standee,Electronics,"Store-105 (Park Street, Kolkata)",RETURNING,2,1299.0,129.9,2468.1,UPI
TXN_20240903532,2024-09-30,CUST_0350,PRD_E105,Dynamic Display QR Standee,Electronics,"Store-103 (BKC, Mumbai)",RETURNING,1,1299.0,0.0,1299.0,UPI
TXN_20240903533,2024-09-30,CUST_0269,PRD_E102,Paytm Card POS Terminal Neo,Electronics,"Store-101 (Connaught Place, Delhi)",NEW,1,4999.0,0.0,4999.0,Net Banking
TXN_20240903534,2024-09-30,CUST_0418,PRD_E104,Wireless Barcode Scanner BT,Electronics,"Store-103 (BKC, Mumbai)",NEW,1,1899.0,0.0,1899.0,UPI
TXN_20240903535,2024-09-30,CUST_0221,PRD_E105,Dynamic Display QR Standee,Electronics,"Store-102 (Indiranagar, Bengaluru)",RETURNING,2,1299.0,259.8,2338.2,UPI
TXN_20240903536,2024-09-30,CUST_0144,PRD_E104,Wireless Barcode Scanner BT,Electronics,"Store-103 (BKC, Mumbai)",RETURNING,1,1899.0,0.0,1899.0,Paytm Wallet
TXN_20240903537,2024-09-30,CUST_0188,PRD_M301,Acrylic QR Standee - Dual Bank,Merchant Essentials,"Store-103 (BKC, Mumbai)",NEW,3,349.0,0.0,1047.0,UPI
TXN_20240903538,2024-09-30,CUST_0211,PRD_E103,Paytm Smart All-in-One POS,Electronics,"Store-104 (Banjara Hills, Hyderabad)",NEW,1,8499.0,424.95,8074.05,UPI
TXN_20240903539,2024-09-30,CUST_0143,PRD_M303,Cash Drawer 4-Slot Auto-Open,Merchant Essentials,"Store-105 (Park Street, Kolkata)",RETURNING,1,2299.0,0.0,2299.0,UPI
TXN_20240903540,2024-09-30,CUST_0321,PRD_E102,Paytm Card POS Terminal Neo,Electronics,"Store-101 (Connaught Place, Delhi)",NEW,3,4999.0,749.85,14247.15,Paytm Wallet
TXN_20240903541,2024-09-30,CUST_0215,PRD_E104,Wireless Barcode Scanner BT,Electronics,"Store-105 (Park Street, Kolkata)",NEW,2,1899.0,379.8,3418.2,UPI
TXN_20240903542,2024-09-30,CUST_0345,PRD_E101,Paytm Soundbox 4.0 Pro,Electronics,"Store-104 (Banjara Hills, Hyderabad)",RETURNING,2,1499.0,299.8,2698.2,Credit Card
TXN_20240903543,2024-09-30,CUST_0092,PRD_A204,Heavy Duty POS Lanyard Strap,Accessories,"Store-102 (Indiranagar, Bengaluru)",RETURNING,1,149.0,7.45,141.55,Credit Card
TXN_20240903544,2024-09-30,CUST_0111,PRD_E103,Paytm Smart All-in-One POS,Electronics,"Store-103 (BKC, Mumbai)",RETURNING,3,8499.0,1274.85,24222.15,UPI
TXN_20240903545,2024-09-30,CUST_0445,PRD_M303,Cash Drawer 4-Slot Auto-Open,Merchant Essentials,"Store-103 (BKC, Mumbai)",RETURNING,3,2299.0,689.7,6207.3,UPI
TXN_20240903546,2024-09-30,CUST_0253,PRD_E105,Dynamic Display QR Standee,Electronics,"Store-101 (Connaught Place, Delhi)",RETURNING,1,1299.0,64.95,1234.05,Credit Card
TXN_20240903547,2024-09-30,CUST_0440,PRD_M304,Merchant Branding Banner Kit,Merchant Essentials,"Store-103 (BKC, Mumbai)",RETURNING,1,599.0,29.95,569.05,UPI
TXN_20240903548,2024-09-30,CUST_0013,PRD_E103,Paytm Smart All-in-One POS,Electronics,"Store-105 (Park Street, Kolkata)",RETURNING,2,8499.0,849.9,16148.1,Credit Card
TXN_20240903549,2024-09-30,CUST_0485,PRD_S402,Automated Tally Accounting Sync,Software & Services,"Store-102 (Indiranagar, Bengaluru)",RETURNING,3,1499.0,224.85,4272.15,Net Banking
TXN_20240903550,2024-09-30,CUST_0356,PRD_E101,Paytm Soundbox 4.0 Pro,Electronics,"Store-105 (Park Street, Kolkata)",RETURNING,1,1499.0,0.0,1499.0,Paytm Wallet
TXN_20240903551,2024-09-30,CUST_0250,PRD_E105,Dynamic Display QR Standee,Electronics,"Store-104 (Banjara Hills, Hyderabad)",NEW,1,1299.0,0.0,1299.0,Credit Card
TXN_20240903552,2024-09-30,CUST_0344,PRD_E102,Paytm Card POS Terminal Neo,Electronics,"Store-105 (Park Street, Kolkata)",NEW,1,4999.0,0.0,4999.0,UPI
TXN_20240903553,2024-09-30,CUST_0071,PRD_S401,Paytm Business Prime Subscription,Software & Services,"Store-102 (Indiranagar, Bengaluru)",RETURNING,1,999.0,0.0,999.0,Net Banking
TXN_20240903554,2024-09-30,CUST_0347,PRD_A201,Soundbox Replacement Battery,Accessories,"Store-105 (Park Street, Kolkata)",RETURNING,3,499.0,149.7,1347.3,Debit Card
TXN_20240903555,2024-09-30,CUST_0446,PRD_A202,POS Charging Cradle Dock,Accessories,"Store-102 (Indiranagar, Bengaluru)",RETURNING,6,699.0,419.4,3774.6,Credit Card
TXN_20240903556,2024-09-30,CUST_0196,PRD_E101,Paytm Soundbox 4.0 Pro,Electronics,"Store-105 (Park Street, Kolkata)",NEW,1,1499.0,224.85,1274.15,UPI
TXN_20240903557,2024-09-30,CUST_0208,PRD_A201,Soundbox Replacement Battery,Accessories,"Store-101 (Connaught Place, Delhi)",RETURNING,1,499.0,49.9,449.1,Credit Card
TXN_20240903558,2024-09-30,CUST_0130,PRD_A204,Heavy Duty POS Lanyard Strap,Accessories,"Store-103 (BKC, Mumbai)",NEW,2,149.0,29.8,268.2,Credit Card
TXN_20240903559,2024-09-30,CUST_0013,PRD_A203,Thermal Receipt Rolls (Pack of 10),Accessories,"Store-103 (BKC, Mumbai)",RETURNING,2,299.0,29.9,568.1,UPI
TXN_20240903560,2024-09-30,CUST_0444,PRD_E102,Paytm Card POS Terminal Neo,Electronics,"Store-103 (BKC, Mumbai)",RETURNING,1,4999.0,0.0,4999.0,Credit Card
TXN_20240903561,2024-09-30,CUST_0111,PRD_E104,Wireless Barcode Scanner BT,Electronics,"Store-101 (Connaught Place, Delhi)",RETURNING,1,1899.0,0.0,1899.0,UPI
TXN_20240903562,2024-09-30,CUST_0177,PRD_M303,Cash Drawer 4-Slot Auto-Open,Merchant Essentials,"Store-105 (Park Street, Kolkata)",RETURNING,1,2299.0,114.95,2184.05,UPI
TXN_20240903563,2024-09-30,CUST_0025,PRD_E103,Paytm Smart All-in-One POS,Electronics,"Store-105 (Park Street, Kolkata)",NEW,1,8499.0,424.95,8074.05,Debit Card
TXN_20240903564,2024-09-30,CUST_0377,PRD_E101,Paytm Soundbox 4.0 Pro,Electronics,"Store-103 (BKC, Mumbai)",NEW,1,1499.0,0.0,1499.0,UPI
